gene;p_val;avg_log2FC;pct.1;pct.2;p_val_adj
C1orf61;3,15727919239916e-72;1,924875522800842;0,922;0,303;5,67836662752989e-68
SFRP2;1,51937957175893e-59;-1,388648836872744;0,397;0,938;2,73260415980844e-55
DBI;4,06848110193680e-46;1,267255641811643;0,878;0,418;7,31716326183333e-42
PTN;4,11341007440077e-46;1,498073725525784;0,988;0,899;7,39796801880979e-42
HMGCS1;2,03020354143371e-42;1,202558568183755;0,960;0,731;3,65132106926853e-38
TUBB2B;3,82605583971114e-42;1,030729720462657;1,000;0,986;6,88116142772048e-38
SCD;6,42970205316021e-40;0,905534634941052;0,946;0,721;1,15638191426086e-35
ADGRG1;1,98691687740758e-37;1,097242337393779;0,774;0,341;3,57347000401754e-33
ZIC1;2,72962868848036e-37;1,020834512295169;0,799;0,361;4,90923719623192e-33
JPT1;4,86311328204486e-37;0,895810103033889;0,951;0,827;8,74630923775768e-33
MARCKSL1;6,60059531727068e-35;0,804604928739527;0,987;0,938;1,18711706781113e-30
DCX;5,05723355294084e-34;1,105805550033810;0,787;0,399;9,09543454496410e-30
ENC1;1,14291184059766e-33;0,837917610340277;0,913;0,596;2,05552694531489e-29
TUBA1A;1,41487358782086e-33;0,866125883601529;1,000;1,000;2,54465014769582e-29
EMC10;8,33747119713982e-33;0,765551812276552;0,809;0,413;1,49949419480560e-28
ACTB;3,58017170207116e-31;0,626250661221518;1,000;1,000;6,43893880617499e-27
SEPTIN3;6,53624252121219e-31;0,941392860654836;0,849;0,562;1,17554321744001e-26
TTYH1;1,27969956240121e-30;0,892209139891687;0,714;0,284;2,30153966297858e-26
TUBB2A;1,40641660264561e-30;0,912692548401528;0,995;0,986;2,52944025985812e-26
PLCG2;1,53833394922129e-30;-0,982971510015675;0,326;0,731;2,76669360767449e-26
DPYSL3;2,95262870048365e-30;0,747342030974216;0,979;0,923;5,31030271781984e-26
DKK1;1,18859918830614e-29;-0,617664136311887;0,099;0,409;2,13769564016859e-25
UCHL1;1,72684679434804e-29;0,878185157819435;0,989;0,962;3,10573395963495e-25
CALM1;3,60304437196078e-29;0,670332488699882;0,989;0,952;6,48007530297146e-25
PEA15;3,16504434017696e-28;0,764734859979806;0,887;0,577;5,69233224580826e-24
FEZ1;9,46798524391791e-28;0,743293104416313;0,731;0,356;1,70281714611864e-23
HOXB8;1,02320012965165e-27;1,025633410101365;0,581;0,178;1,84022543317850e-23
CRMP1;1,83345222650517e-27;0,992943626032888;0,939;0,788;3,29746382936955e-23
MAP2;2,50850449471753e-27;0,867432629318685;0,885;0,543;4,51154533374948e-23
SLC1A3;4,59206932552772e-27;0,933279258014618;0,668;0,269;8,25883668196161e-23
LDHA;1,72191801804524e-26;-0,877903086564163;0,377;0,731;3,09686955545436e-22
HES6;1,98011647523800e-26;0,735105174753772;0,640;0,221;3,56123948071555e-22
RBFOX1;2,60367417665287e-26;0,798726728566137;0,496;0,096;4,68270800671018e-22
SOX4;2,82494243994584e-26;0,778733840390661;0,823;0,471;5,08065897824259e-22
LINC00461;3,35647261109490e-26;0,770659842988351;0,644;0,269;6,03661599105418e-22
HOPX;1,54140186275279e-25;0,988236027665463;0,547;0,159;2,77221125016089e-21
SYT11;3,02559375189508e-25;0,723613269835513;0,658;0,293;5,44153036278330e-21
GNB1;7,75292407209888e-25;0,647943727403886;0,961;0,880;1,39436339436698e-20
DNER;8,10062641811927e-25;0,763410019381288;0,859;0,591;1,45689766129875e-20
RTN4;8,70189425561395e-25;0,628089280931307;0,976;0,928;1,56503568187217e-20
GFAP;1,66679650176356e-24;1,413493536697372;0,935;0,832;2,99773350842176e-20
GPM6A;2,30272414136688e-24;0,704266555722884;0,774;0,428;4,14144936824834e-20
NFIB;9,32406356688885e-24;0,685766362879009;0,615;0,221;1,67693283250496e-19
DCLK2;1,45906475769118e-23;0,682893393212549;0,611;0,250;2,62412796670758e-19
SAMD11;1,51057140346774e-23;-0,832921153275965;0,337;0,659;2,71676266913672e-19
TMSB4X;1,86254502576324e-23;0,500773547529306;1,000;1,000;3,34978722883519e-19
ACTG1;2,32193585856143e-23;0,509081521686733;1,000;1,000;4,17600164162272e-19
NDUFA4;2,46012248295259e-23;0,554389584182538;0,994;0,976;4,42453028559023e-19
CD24;3,41525852550293e-23;0,815696382441445;0,890;0,692;6,14234245811701e-19
H3F3B;6,78331211053553e-23;0,533015135600128;1,000;0,971;1,21997868307982e-18
CKB;7,00567419820003e-23;0,614990473082401;0,993;0,981;1,25997050454627e-18
MSMO1;7,32192979027203e-23;0,706915213475836;0,731;0,404;1,31684907278042e-18
FABP7;8,05015567646655e-23;0,682893393212549;0,815;0,486;1,44782049841251e-18
DDX5;1,15092208901501e-22;0,584754873437947;0,976;0,918;2,06993337709350e-18
ACLY;2,07687513624933e-22;0,659390019421776;0,749;0,413;3,73525993254441e-18
GLUD1;5,11302381484926e-22;0,624261213191976;0,640;0,269;9,19577333100639e-18
FDFT1;5,89347810253434e-22;0,594945384513262;0,722;0,385;1,05994203674080e-17
PEBP1;6,57900362922838e-22;0,612025585948829;0,968;0,909;1,18323380271672e-17
SDC3;1,77726972538306e-21;0,622332668217816;0,908;0,663;3,19641960110143e-17
COX6C;1,89951762773628e-21;0,508334312906749;0,988;0,947;3,41628245348369e-17
ALDH1A2;2,21353873585892e-21;-0,253951385379532;0,020;0,183;3,98104941644227e-17
TMEM161B-AS1;2,54884907740125e-21;0,657319501771272;0,631;0,279;4,58410506570615e-17
GPM6B;2,90972141496521e-21;0,709501041343281;0,792;0,476;5,23313396481494e-17
MVD;2,99523209152382e-21;0,789205603216766;0,709;0,418;5,38692491660558e-17
NREP;4,30310343823084e-21;0,556936093250702;0,998;0,995;7,73913153365816e-17
YWHAZ;5,78255420366622e-21;0,560634137270506;0,981;0,938;1,03999237352937e-16
NGRN;1,78109650541234e-20;0,608486536252308;0,932;0,784;3,20330206498410e-16
ATP5F1E;2,00513826833565e-20;0,449949423106356;0,998;0,995;3,60624117560166e-16
NDFIP1;2,10082426955479e-20;0,555781475309210;0,945;0,793;3,77833244879429e-16
PPP2R1A;2,53537443082817e-20;0,547226714718704;0,948;0,899;4,55987091384446e-16
HSP90AA1;2,76749262467353e-20;0,543636045447121;0,987;0,952;4,97733548547534e-16
MYL6;2,79579531118385e-20;0,455200117942845;0,999;0,995;5,02823786716416e-16
BEX3;3,32620198073804e-20;0,524688217784121;0,994;0,986;5,98217426235737e-16
NDUFA1;3,71587366627474e-20;0,524975428528035;0,929;0,793;6,68299878879511e-16
LSS;4,22267521512477e-20;0,578916146429083;0,653;0,303;7,59448137440189e-16
S100B;4,22837606091960e-20;0,810650114147224;0,462;0,115;7,60473434556390e-16
GTF2I;4,88661360544783e-20;0,531184565931902;0,974;0,938;8,78857456939792e-16
MGST1;5,07369803019203e-20;0,775838808397728;0,528;0,178;9,12504590730037e-16
CHL1;6,67513728787234e-20;0,627731317188225;0,753;0,476;1,20052344122384e-15
MIAT;8,25436850177607e-20;0,764867262550129;0,737;0,452;1,48454817504443e-15
IDI1;9,00017216047407e-20;0,607468004769726;0,645;0,322;1,61868096306126e-15
AL627171.2;9,18984289404147e-20;-0,631257546996950;0,285;0,596;1,65279324449336e-15
MAL;1,18433983564789e-19;-0,288902697204905;0,027;0,192;2,13003519441272e-15
PFN2;2,05336749680180e-19;0,543731052238916;0,946;0,822;3,69298144299805e-15
CNTN1;2,33532770791240e-19;0,624557230679324;0,731;0,452;4,20008688268045e-15
CFL1;2,80415079713184e-19;0,470303226825237;0,995;0,986;5,04326520864162e-15
COX6A1;2,92917405080146e-19;0,489286063522303;0,986;0,947;5,26811953036642e-15
NTRK2;3,11576857769001e-19;0,690562646774672;0,821;0,505;5,60370978697549e-15
HOXB3;3,36017666463759e-19;0,563073967875566;0,620;0,288;6,04327773135070e-15
GDI1;4,33084923247663e-19;0,545324203133663;0,952;0,837;7,78903234460921e-15
SREBF2;4,87582752971812e-19;0,571763773851065;0,823;0,572;8,76917581219804e-15
YWHAQ;8,20258412115732e-19;0,545690582207354;0,975;0,942;1,47523475419014e-14
BEX1;1,21522935306382e-18;0,672386826534230;0,913;0,769;2,18558999148529e-14
FTH1;1,31187860690012e-18;0,384640325947553;1,000;1,000;2,35941367450986e-14
MAGED1;1,52615983182389e-18;0,476988429609881;0,963;0,942;2,74479845753527e-14
CAMTA1;1,82852283860842e-18;0,536964857688090;0,783;0,476;3,28859832523724e-14
HOXB-AS3;2,17081414596888e-18;0,567618105626799;0,517;0,178;3,90420924152503e-14
KLC1;2,17779612999499e-18;0,602491509819203;0,916;0,784;3,91676633979598e-14
PTPRZ1;2,46726776234886e-18;0,636944328203811;0,600;0,274;4,43738107058442e-14
SLIT1;2,61880764293599e-18;0,618433816182813;0,760;0,471;4,70992554582039e-14
TKTL1;2,93943161433530e-18;0,694701091900348;0,336;0,034;5,28656775838204e-14
STMN1;3,38679119602976e-18;0,577476546408529;0,994;0,986;6,09114396605952e-14
TUBB3;4,11933177938130e-18;0,793660083258566;0,920;0,798;7,40861820521726e-14
HSPA8;4,90973537224286e-18;0,478133997836201;0,998;0,981;8,83015906697878e-14
AUTS2;5,06266693427650e-18;0,627442460436656;0,610;0,308;9,10520648129629e-14
ATP5ME;5,65879406305899e-18;0,410342651023822;0,994;0,971;1,01773411224116e-13
RTN3;6,47214107589608e-18;0,562296512465545;0,947;0,851;1,16401457249991e-13
MARCKS;7,08562211714150e-18;0,451693931014231;0,992;0,981;1,27434913776790e-13
FADS2;8,64959662264555e-18;0,559355158189029;0,718;0,433;1,55562995258280e-13
TNC;9,19276010206478e-18;0,637245575938106;0,453;0,139;1,65331790435635e-13
SCD5;1,08495890881033e-17;0,585528818703262;0,716;0,442;1,95129859749539e-13
INPP5F;1,15847711587217e-17;0,585207589242428;0,527;0,197;2,08352109289609e-13
LRP4;1,62191525416304e-17;0,654153215726488;0,462;0,149;2,91701458461223e-13
CALM2;1,77463298804903e-17;0,566917342435881;0,999;0,990;3,19167742900617e-13
STMN2;1,97490226956080e-17;0,864369548494467;0,927;0,861;3,55186173180510e-13
ANK2;1,97669923225750e-17;0,509503791855080;0,914;0,760;3,55509356921512e-13
ATP5F1B;2,40034351771570e-17;0,474171360304309;0,974;0,933;4,31701781661168e-13
SOX11;2,41044007710727e-17;0,556462473689043;0,729;0,452;4,33517647867743e-13
COX7A2;3,03520175447432e-17;0,457576087736265;0,986;0,971;5,45881035542206e-13
CLSTN1;3,24621217670405e-17;0,516950215920462;0,926;0,774;5,83831259980223e-13
WSB2;3,44302614925956e-17;0,594573958306269;0,669;0,385;6,19228252944331e-13
DYNC1H1;3,74390057417108e-17;0,541198152164773;0,869;0,668;6,73340518264669e-13
SCG2;4,07659484954161e-17;-0,590219622332383;0,521;0,779;7,33175583690058e-13
MAP4;5,30977198883572e-17;0,498393993151690;0,763;0,481;9,54962492192105e-13
RUFY3;5,89775987682692e-17;0,533269944038662;0,767;0,486;1,06071211384732e-12
MALAT1;6,30992585558207e-17;-0,553593878008452;0,883;0,990;1,13484016512643e-12
DPYSL2;7,26510741936135e-17;0,555508521937685;0,981;0,957;1,30662956937214e-12
PPIA;8,12318722432147e-17;0,427821724230146;0,998;0,990;1,46095522229422e-12
FDPS;1,31298450143661e-16;0,524488502306150;0,717;0,438;2,36140262583374e-12
DST;1,40162819055030e-16;0,596473303301556;0,794;0,505;2,52082830070472e-12
MLLT11;1,62553419296362e-16;0,627808436695748;0,887;0,774;2,92352324604506e-12
CLASP2;1,77175648055709e-16;0,576015959049264;0,707;0,447;3,18650403028193e-12
SNN;1,84055475873755e-16;0,530114487694730;0,597;0,293;3,31023773358949e-12
NSG2;1,89155970379189e-16;0,778839653482986;0,837;0,635;3,40197012726971e-12
SPTAN1;2,02789685646414e-16;0,546836041642238;0,966;0,909;3,64717249635075e-12
PAMR1;2,27764539406681e-16;-0,589493342073064;0,293;0,587;4,09634524122917e-12
USP22;2,36330943199004e-16;0,495743892523377;0,935;0,812;4,25041201343409e-12
YWHAE;2,85275400381956e-16;0,422061511637192;0,974;0,947;5,13067807586947e-12
SST;3,02767305383848e-16;0,645263484196201;0,337;0,053;5,44526998732851e-12
TSPAN7;3,05783378142021e-16;0,700093667886164;0,782;0,524;5,49951405588425e-12
BLCAP;4,35343469752583e-16;0,520775025481297;0,860;0,668;7,82965230350021e-12
ATP5F1A;5,95936881909039e-16;0,429406911890845;0,963;0,904;1,07179248211341e-11
RTN1;6,83253535465070e-16;0,700443388303692;0,948;0,909;1,22883148353393e-11
HSBP1;7,66407587165215e-16;0,402917561928677;0,965;0,923;1,37838404551664e-11
SARAF;7,97476695522466e-16;0,503678491984797;0,959;0,918;1,43426183689715e-11
HNRNPA2B1;8,06431089682122e-16;0,450936347649516;0,987;0,962;1,45036631479330e-11
MAP1B;9,14164777555562e-16;0,511341937955772;0,998;1,000;1,64412535243368e-11
STXBP1;9,77612865285673e-16;0,716102657150857;0,773;0,572;1,75823673821628e-11
HOXB9;1,01194939959173e-15;0,589958590627298;0,581;0,284;1,81999099516573e-11
SELENOW;1,04125381808164e-15;0,422471932205953;0,993;0,986;1,87269499181982e-11
PIP4K2B;1,10161982265322e-15;0,545289101491568;0,704;0,447;1,98126325104182e-11
HES4;1,12601907772813e-15;0,505571898517583;0,527;0,226;2,02514531129404e-11
CAMK2N1;1,45868797447797e-15;0,606950456594514;0,757;0,534;2,62345032209864e-11
C1QL1;1,94755118517616e-15;-0,507462544969096;0,616;0,856;3,50267080653932e-11
PCBP4;2,14780251033973e-15;0,513553239919912;0,640;0,332;3,86282281484601e-11
GAP43;2,41803001229217e-15;0,727409137262417;0,907;0,755;4,34882697710746e-11
APC2;2,67719548018568e-15;0,543972173019576;0,746;0,534;4,81493607111394e-11
HS6ST1;3,34335600239034e-15;0,500383236650119;0,594;0,288;6,01302577029902e-11
VDAC3;3,50775939790240e-15;0,503581463812513;0,689;0,413;6,30870527712747e-11
PKIA;3,56243107235594e-15;0,584995551540364;0,837;0,673;6,40703228363215e-11
PSAP;3,69494211907549e-15;0,502553486733886;1,000;0,981;6,64535340115726e-11
LMO3;3,73859963548609e-15;0,458988368283067;0,439;0,144;6,72387144442173e-11
FHL1;3,96475418926383e-15;0,489045294660719;0,842;0,639;7,13061040939099e-11
MT-CYB;4,43298304010899e-15;-0,714841787065063;1,000;1,000;7,97271999763602e-11
ATXN10;4,45073733467960e-15;0,494049009548264;0,784;0,534;8,00465109642126e-11
FASN;4,66660569561211e-15;0,553935416143837;0,764;0,524;8,39289034355838e-11
ABAT;6,07889601596640e-15;0,500466426433010;0,581;0,284;1,09328944847156e-10
STMN4;6,21195758585123e-15;0,614409205279918;0,757;0,495;1,11722057181534e-10
VCP;6,40637688671161e-15;0,428759435427598;0,746;0,462;1,15218688307508e-10
CHD3;6,43934584668769e-15;0,510959277699985;0,667;0,399;1,15811635052678e-10
UQCRQ;6,76758233170650e-15;0,412954846967244;0,987;0,962;1,21714968235741e-10
SRP9;7,93737799347045e-15;0,456002739666761;0,843;0,606;1,42753743212566e-10
COX5B;8,12783867083933e-15;0,435705023317459;0,931;0,841;1,46179178495045e-10
OCIAD1;8,36411673329855e-15;0,489273199258357;0,912;0,812;1,50428639448374e-10
PAK3;8,47186293619428e-15;0,668151109317830;0,547;0,293;1,52366454907454e-10
RBM3;9,73178645572266e-15;0,470285255027604;0,708;0,428;1,75026179406172e-10
ENAH;1,05621232739949e-14;0,461828142820607;0,645;0,351;1,89959787082798e-10
PEG10;1,28016673990006e-14;0,566746179085506;0,892;0,851;2,30237988171027e-10
VSTM2L;1,35345492209380e-14;0,617383724977651;0,578;0,327;2,43418867738570e-10
ACAT2;1,55264883579266e-14;0,536816196965463;0,502;0,221;2,79243893117310e-10
SLC38A1;1,59266468117256e-14;0,525840094445970;0,558;0,284;2,86440742908885e-10
BEX2;1,72633123669566e-14;0,541733700823577;0,796;0,572;3,10480672919714e-10
YWHAG;1,86285563300338e-14;0,573725130456223;0,889;0,808;3,35034585595658e-10
FYN;2,07254562895952e-14;0,467684780900315;0,686;0,404;3,72747331368370e-10
ATP6AP2;2,29173910129076e-14;0,463567320739127;0,747;0,510;4,12169277367142e-10
NES;2,32833320440670e-14;0,516787343693346;0,823;0,673;4,18750726812545e-10
INA;2,37939029260183e-14;0,686395171797661;0,810;0,606;4,27933344124439e-10
UBE2QL1;2,44839322127002e-14;0,630717218683386;0,644;0,404;4,40343520845412e-10
SNRNP200;2,53100274119048e-14;0,429891222183291;0,748;0,466;4,55200843003107e-10
QKI;2,79913954034718e-14;0,543640912436998;0,721;0,481;5,03425246331440e-10
EIF4A1;3,21313202844586e-14;0,418145344817981;0,933;0,841;5,77881795315987e-10
HSPE1;3,54593814648400e-14;0,425253987294669;0,872;0,673;6,37736975645148e-10
ATP5MD;3,54914342647961e-14;0,419425528213358;0,975;0,933;6,38313445252357e-10
TMOD2;4,01939958116929e-14;0,573548880177113;0,499;0,236;7,22889014673297e-10
LAMTOR5;4,02377988182649e-14;0,458723477277684;0,761;0,490;7,23676811746495e-10
ATP9A;4,79860064799638e-14;0,526237199695195;0,720;0,447;8,63028326542149e-10
DMD;5,08169044483595e-14;-0,545365248147690;0,303;0,538;9,13942026503745e-10
GNAS;5,20529938001602e-14;0,435752694440793;1,000;1,000;9,36173093495881e-10
MAP7D1;5,42434184377491e-14;0,488856002721383;0,735;0,457;9,75567880602917e-10
STMN3;6,15341343205045e-14;0,555268699387377;0,806;0,567;1,10669140575427e-09
NDUFB2;6,31174597751487e-14;0,432558700618024;0,906;0,750;1,13516751405605e-09
TIMP2;6,55878719529595e-14;0,456678718502996;0,943;0,851;1,17959787707398e-09
PACS2;7,71211916514563e-14;0,468228642789098;0,688;0,423;1,38702463185144e-09
SKP1;8,28637442698443e-14;0,402590489626699;0,985;0,971;1,49030444069315e-09
NRCAM;9,60871192825092e-14;0,508413627623551;0,469;0,197;1,72812684029593e-09
PGD;9,74491914802510e-14;0,463587777099463;0,645;0,380;1,75262370877231e-09
CRYAB;1,12517582639069e-13;0,808796648752520;0,551;0,298;2,02362872376366e-09
LRIG1;1,78463192629809e-13;0,500342488883784;0,450;0,183;3,20966051944711e-09
NSG1;2,02297969716506e-13;0,594000797539700;0,880;0,673;3,63832898535136e-09
SEMA5B;2,10060762791685e-13;0,439893596350852;0,397;0,125;3,77794281880846e-09
PRRC2B;2,21550526598182e-13;0,427197269247797;0,792;0,577;3,98458622086831e-09
COX7B;2,24745580198638e-13;0,400973919640798;0,923;0,832;4,04204925987250e-09
HNRNPD;2,49435503460882e-13;0,437136978810591;0,756;0,505;4,48609752974396e-09
MAP6;2,73777341579969e-13;0,492606100085177;0,747;0,519;4,92388548831575e-09
FOS;2,90045568798973e-13;0,382861998281470;0,238;0,014;5,21646955484953e-09
IGFBP5;3,47481056677719e-13;0,589320005593630;0,963;0,947;6,24944680434878e-09
OAZ1;3,78237211607499e-13;0,373933306491078;0,973;0,933;6,80259625076087e-09
GSTA4;3,78842367265642e-13;0,449790779620996;0,722;0,476;6,81347997527257e-09
KIF1A;3,86887619064915e-13;0,524173667644945;0,782;0,558;6,95817382888249e-09
MORF4L2;4,91254667315493e-13;0,420367300282002;0,893;0,808;8,83521519166914e-09
IFITM3;4,96456298120176e-13;-0,450776240712953;0,373;0,639;8,92876652169137e-09
TTC3;5,23809861791998e-13;0,401604665857202;0,956;0,870;9,42072036432908e-09
MT-ND5;5,35563122791179e-13;-0,621568632800364;0,921;0,966;9,63210276339936e-09
BAALC;5,57488394317076e-13;0,479066509168397;0,523;0,255;1,00264287717926e-08
HINT1;6,48506484318811e-13;0,337301449701702;0,992;0,971;1,16633891204738e-08
SRI;7,04699167733519e-13;0,447748625081755;0,588;0,322;1,26740145316873e-08
HAPLN1;7,10132512799423e-13;-0,261047413152061;0,040;0,178;1,27717332426976e-08
NCAN;7,42633765994761e-13;0,438768004905340;0,477;0,212;1,33562682814158e-08
TMA7;8,16554395324261e-13;0,351221697132310;0,980;0,986;1,46857307999068e-08
CHCHD2;9,69882851592357e-13;-0,457134412576076;0,243;0,476;1,74433430858885e-08
TMSB10;9,73676849115772e-13;0,499343592800408;1,000;1,000;1,75115781313472e-08
GPC1;1,05029714035233e-12;0,408346907696997;0,728;0,481;1,88895940692366e-08
TXN;1,09061608366081e-12;0,414676188204146;0,887;0,769;1,96147302646397e-08
PAFAH1B1;1,13229673511645e-12;0,451293008787238;0,776;0,577;2,03643567810693e-08
SFPQ;1,15745191909880e-12;0,436844043102752;0,909;0,808;2,08167727649920e-08
HMGCR;1,16459133467409e-12;0,553504134598144;0,611;0,404;2,09451751541135e-08
COL6A1;1,29506794468245e-12;0,506000747899606;0,826;0,702;2,32917969851139e-08
ATP2A2;1,31443617050621e-12;0,400228110125900;0,867;0,707;2,36401345265542e-08
ATP6V0E2;1,34356746444167e-12;0,494702565924716;0,736;0,524;2,41640608479835e-08
TCEAL7;1,42666991834271e-12;0,431768953345388;0,470;0,207;2,56586584813937e-08
MTRNR2L12;1,48297259893234e-12;-0,737087466020009;0,627;0,841;2,66712621917982e-08
GNG2;1,58374864501332e-12;0,537165797141863;0,742;0,548;2,84837193805646e-08
CACNA1E;1,73431082376829e-12;0,466552893811700;0,485;0,231;3,11915801654727e-08
MT-ND4L;2,13554216980205e-12;-0,615777514704539;0,598;0,784;3,84077259238899e-08
NDUFV1;2,34049408942083e-12;0,370089158008581;0,697;0,399;4,20937861982336e-08
RPAIN;2,39485675635022e-12;0,445458060403211;0,648;0,404;4,30714987629586e-08
POU4F1;3,04814765546439e-12;0,358937349169883;0,238;0,024;5,48209355835271e-08
AZIN1;3,12433043565538e-12;0,460090230707710;0,688;0,476;5,61910828852621e-08
DCTN2;3,30228217588823e-12;0,426356677120860;0,740;0,505;5,93915449333497e-08
HNRNPDL;3,31155258666309e-12;0,413485141080305;0,921;0,856;5,95582732711356e-08
NCALD;3,55491364225201e-12;0,419202459787573;0,524;0,269;6,39351218559025e-08
PTPRA;3,85083430654686e-12;0,373943152323397;0,683;0,418;6,92572550032452e-08
WDR6;3,92221856975044e-12;0,410552301819541;0,726;0,457;7,05411009769617e-08
CYP51A1;4,04033168007511e-12;0,428907093167785;0,551;0,288;7,26653652661508e-08
ADCY1;4,16649680303670e-12;0,476054282838476;0,514;0,264;7,49344450026151e-08
LHX5-AS1;4,22532848784896e-12;0,302424983377770;0,196;0,000;7,59925328539635e-08
CLIP3;4,37459934172499e-12;0,454200875773271;0,696;0,466;7,86771691609240e-08
RIMKLB;4,59867185761506e-12;0,417593236292085;0,536;0,279;8,27071133592068e-08
B4GALNT4;4,82341526831249e-12;0,450119698961454;0,697;0,457;8,67491236006002e-08
RMST;5,34215942930280e-12;-0,611109956793542;0,576;0,784;9,60787373360108e-08
CXADR;5,57856856629568e-12;0,491915270999146;0,629;0,413;1,00330555664828e-07
DPYSL5;5,99997218679034e-12;0,484315107396988;0,827;0,630;1,07909499779424e-07
SLC1A2;6,21259010251648e-12;0,429736171739819;0,450;0,202;1,11733432993759e-07
BEX4;6,23647360318425e-12;0,473319315117237;0,724;0,519;1,12162977753269e-07
PRDM8;6,38792475638773e-12;0,331506377154772;0,233;0,024;1,14886826743633e-07
PARP6;6,40418287034588e-12;0,416991958463868;0,622;0,346;1,15179228923171e-07
CCND1;6,59991726043768e-12;-0,512797385691259;0,327;0,524;1,18699511928972e-07
YWHAH;6,73896633570684e-12;0,566350717019397;0,865;0,736;1,21200309547688e-07
REEP5;7,35702245176245e-12;0,404552567576802;0,688;0,433;1,32316048794948e-07
SQLE;7,40402703608363e-12;0,533915415013019;0,511;0,288;1,33161426243964e-07
TTYH3;8,21647143656764e-12;0,407289444782040;0,761;0,534;1,47773238786669e-07
AGRN;8,64992894053486e-12;0,452819423219914;0,509;0,274;1,55568971995519e-07
IGFBPL1;8,65224106975340e-12;0,384684979656453;0,330;0,091;1,55610555639515e-07
MDH2;9,36528717409519e-12;0,404587747967232;0,658;0,404;1,68434689826102e-07
RAB2A;9,51925889790881e-12;0,423910924135994;0,608;0,361;1,71203871278890e-07
APBA2;1,01572337787776e-11;0,443754857575098;0,614;0,365;1,82677849511316e-07
MLC1;1,02471843567483e-11;0,342635945267775;0,246;0,034;1,84295610656119e-07
KHDRBS1;1,04799393943810e-11;0,374606822748666;0,708;0,476;1,88481710007943e-07
DCTN3;1,08755747684306e-11;0,396061035807675;0,702;0,433;1,95597212210224e-07
TUBB4B;1,09664368081185e-11;0,401889882809075;0,849;0,678;1,97231365994011e-07
EXOC7;1,21187133134323e-11;0,406123201475361;0,564;0,308;2,17955058942080e-07
ARHGAP21;1,21828594635945e-11;0,408141774095942;0,485;0,231;2,19108727452747e-07
EIF4G2;1,26918838613294e-11;0,343955318405142;0,999;1,000;2,28263531246009e-07
KIF5C;1,35217532932273e-11;0,530796480567575;0,721;0,534;2,43188732978693e-07
PRPF8;1,39378117538029e-11;0,398533334235995;0,709;0,452;2,50671544392146e-07
TOP2B;1,41281350877888e-11;0,370830789156815;0,730;0,486;2,54094509553882e-07
EVL;1,46299248649987e-11;0,463285752700833;0,933;0,885;2,63119198697001e-07
ZIC4;1,53935279533000e-11;0,374135396316071;0,302;0,077;2,76852600240101e-07
CD99;1,60123566826777e-11;0,660235853294701;0,784;0,649;2,87982234937958e-07
TMEM259;1,65879099631570e-11;0,416960769959554;0,695;0,442;2,98333560687379e-07
RHBDL3;1,83888852966302e-11;0,390878579763443;0,333;0,101;3,30724102059894e-07
SRGAP3;1,90251158823602e-11;0,380209910725755;0,569;0,308;3,42166709144249e-07
RAF1;1,96978667269018e-11;0,369074533140198;0,425;0,178;3,54266133083330e-07
LINC01578;1,98016784109272e-11;0,383035954804519;0,746;0,486;3,56133186220526e-07
CSNK1E;2,01406203892250e-11;0,396911662375893;0,756;0,567;3,62229057700212e-07
NME1;2,03409111736530e-11;0,371894320844374;0,589;0,322;3,65831287458149e-07
CBX1;2,07161462001630e-11;0,390653703850922;0,634;0,385;3,72579889409931e-07
KRT10;2,16053145131514e-11;0,365737831670622;0,696;0,447;3,88571581519028e-07
PRXL2A;2,23692935646606e-11;0,404969075239090;0,628;0,380;4,02311744760421e-07
ATP1B3;2,47613177514892e-11;0,419687304393887;0,641;0,409;4,45332299760534e-07
FGD5-AS1;2,51084989312429e-11;0,368578482435062;0,603;0,341;4,51576353278403e-07
MSX1;2,52910694649792e-11;-0,479134647441689;0,609;0,832;4,54859884327651e-07
"NAP1L3";3,00037818044664e-11;0,514604068634299;0,574;0,361;5,39618015753329e-07
EIF1;3,66463151945408e-11;0,317295145884807;0,991;0,981;6,59083978773815e-07
NEUROD2;3,97499381538760e-11;0,331150581776762;0,230;0,029;7,14902637697461e-07
ARF3;4,01934623992966e-11;0,400989296365352;0,635;0,413;7,22879421251350e-07
PRDX2;4,04118005701460e-11;0,394318052615094;0,934;0,837;7,26806233254075e-07
LRRC75A;4,22672617973201e-11;-0,308902560178620;0,333;0,606;7,60176703424802e-07
CALB1;4,42803311093920e-11;-0,330585950203263;0,134;0,317;7,96381755002415e-07
NDUFA13;4,79829596284379e-11;0,359221347363431;0,956;0,880;8,62973528917456e-07
ARPC3;5,31597702144389e-11;0,344497444105840;0,674;0,428;9,56078467306684e-07
SBK1;5,52361822634422e-11;0,541426182332140;0,554;0,341;9,93422738008008e-07
KIAA0408;5,69434990096093e-11;0,448478189334974;0,521;0,288;1,02412882968782e-06
SYT1;6,45169121733011e-11;0,430250593225351;0,532;0,288;1,16033666543682e-06
JTB;6,56025762130957e-11;0,421935325013347;0,687;0,466;1,17986233319253e-06
CNTNAP2;6,94944060133258e-11;-0,460933498525082;0,410;0,611;1,24985689214966e-06
AC012146.1;6,96641634180094e-11;0,356405706697734;0,450;0,207;1,25290997907290e-06
NTS;7,02842401399631e-11;-0,321562765348169;0,099;0,264;1,26406205891724e-06
TGFBI;7,06878290770622e-11;-0,486593476412591;0,166;0,365;1,27132060595096e-06
"NARS";7,56540034799075e-11;0,370225822153133;0,465;0,226;1,36063725258614e-06
PPP2CA;7,77105279393749e-11;0,402112364624817;0,690;0,457;1,39762384498966e-06
POU3F3;8,10185249442697e-11;0,342715528749501;0,310;0,091;1,45711817112269e-06
RAB1A;8,84283920776555e-11;0,385639184154778;0,803;0,635;1,59038463151663e-06
HOTAIRM1;8,88781159871782e-11;0,454044893565025;0,628;0,404;1,59847291602940e-06
ZMIZ1;1,00081729214028e-10;0,471136059493419;0,733;0,548;1,79996989991429e-06
ACAP3;1,01970980065702e-10;0,449242414020533;0,549;0,332;1,83394807648166e-06
EGR1;1,03928989210767e-10;0,349567707718377;0,329;0,101;1,86916287095565e-06
DUSP26;1,04395664298679e-10;0,291404402984006;0,224;0,029;1,87755602241175e-06
NDUFV2;1,05349940015853e-10;0,381232011399671;0,660;0,413;1,89471867118512e-06
PI4KA;1,05967414940409e-10;0,377294460363473;0,650;0,433;1,90582395770326e-06
PAX6;1,06849367013181e-10;0,325462644618794;0,239;0,038;1,92168586573206e-06
MAGED2;1,09460549269859e-10;0,343064811485044;0,972;0,938;1,96864797861842e-06
VIM;1,13277616140005e-10;0,503756592888182;0,996;1,000;2,03729792627800e-06
CDC42;1,21750076843964e-10;0,399702526598244;0,893;0,817;2,18967513203870e-06
UQCRC2;1,22169326743632e-10;0,362091950031767;0,638;0,389;2,19721534148423e-06
HSPA9;1,25206185541109e-10;0,379918917675206;0,684;0,442;2,25183324695684e-06
ACSL6;1,27345167400421e-10;0,358282198686312;0,373;0,144;2,29030283569657e-06
C4orf48;1,27462652151568e-10;0,375453432535531;0,951;0,889;2,29241579894596e-06
LSM7;1,33020747811699e-10;0,366596099362681;0,866;0,740;2,39237814939340e-06
BASP1;1,36703336320356e-10;0,587189700497714;0,923;0,913;2,45860950372161e-06
SNCA;1,37814424615922e-10;0,549522484837528;0,538;0,327;2,47859242671736e-06
PTPRM;1,44856637280011e-10;0,385207634170380;0,492;0,250;2,60524662148099e-06
LARP1;1,46172474038709e-10;0,355853721423118;0,638;0,380;2,62891194558618e-06
ANOS1;1,48683305650376e-10;0,347382326052262;0,300;0,087;2,67406925212200e-06
KCTD12;1,58716612537408e-10;0,388200958488766;0,461;0,221;2,85451827648528e-06
WDR1;1,67815926608636e-10;0,365017355965578;0,548;0,303;3,01816944005631e-06
MPRIP;1,69126564147382e-10;0,371426517192177;0,614;0,375;3,04174125619067e-06
EWSR1;1,69910391935363e-10;0,391837912978595;0,680;0,442;3,05583839895751e-06
HDGFL3;1,79633817805801e-10;0,403469486660991;0,660;0,423;3,23071421323734e-06
AQP1;2,01082608716551e-10;0,899838257042591;0,656;0,471;3,61647071776716e-06
SLC25A4;2,03203782521646e-10;0,364149312553329;0,656;0,409;3,65462002865180e-06
MAP1LC3B;2,03785806930536e-10;0,346062884007872;0,796;0,572;3,66508773764569e-06
GNG4;2,04870180560330e-10;0,477354828352394;0,539;0,303;3,68459019737754e-06
SUGP2;2,11525844032464e-10;0,401924017803088;0,665;0,423;3,80429230492386e-06
NT5DC2;2,15133767254169e-10;0,345093604955313;0,634;0,399;3,86918080406623e-06
RPS10;2,18809234720036e-10;-0,339414808785306;0,978;0,990;3,93528408643985e-06
DYNLT1;2,18912162810237e-10;0,340597629247177;0,800;0,601;3,93713524814212e-06
RNF187;2,20982650227930e-10;0,354610879943942;0,860;0,697;3,97437296434933e-06
TMEFF1;2,33810727577078e-10;0,400326956675231;0,561;0,332;4,20508593547375e-06
FXYD6;2,37230023330733e-10;0,372535095369063;0,933;0,798;4,26658196960323e-06
CLU;2,38484057863779e-10;0,763127602598035;0,806;0,654;4,28913578068007e-06
POSTN;2,40921833518102e-10;-0,378824106719785;0,445;0,688;4,33297917582307e-06
SCG3;2,47759197391804e-10;0,402750455179498;0,428;0,202;4,45594916509159e-06
ACOT7;3,02939962416694e-10;0,455601597665926;0,710;0,519;5,44837522406423e-06
APC;3,03438542183440e-10;0,383828792519915;0,469;0,236;5,45734218116917e-06
PYGB;3,10532031390220e-10;0,373062361650845;0,472;0,236;5,58491858455311e-06
HMGB1;3,14222367138508e-10;0,351737095548879;0,940;0,870;5,65128927298607e-06
BSCL2;3,36112044767918e-10;0,408282848525564;0,720;0,500;6,04497512515100e-06
DAG1;3,42479751227403e-10;0,382054903707041;0,527;0,293;6,15949832582484e-06
ATP5PB;3,50614957657741e-10;0,341359454971562;0,718;0,510;6,30581001347447e-06
TAFA5;3,58768399563624e-10;0,370621960171737;0,344;0,125;6,45244966615178e-06
ATP5MF;3,60361593436590e-10;0,341713918623693;0,954;0,913;6,48110325795707e-06
ABR;3,64554779589339e-10;0,411824158193435;0,676;0,466;6,55651771091426e-06
HNRNPR;3,97395062465776e-10;0,361823065422782;0,605;0,365;7,14715019844699e-06
CCDC136;4,00295190608196e-10;0,438159124744249;0,733;0,514;7,19930900308840e-06
"NASP";4,04835446249829e-10;0,414957593267664;0,600;0,365;7,28096550080318e-06
TNNT3;4,55831398747205e-10;0,556948232381205;0,702;0,582;8,19812770646848e-06
GLUL;4,56950044444486e-10;0,401662569812406;0,488;0,260;8,21824654933409e-06
HOXC8;4,67814805298947e-10;0,368154472133438;0,365;0,144;8,41364927330156e-06
COPS9;4,81636383144606e-10;0,333750043600790;0,913;0,764;8,66223035085574e-06
HOXB5;5,05678793565603e-10;0,417453318761236;0,636;0,404;9,09463310227738e-06
TRA2B;5,27400695459392e-10;0,353047579743230;0,645;0,418;9,48530150783717e-06
PSAT1;5,32829100302733e-10;0,465507371615866;0,555;0,346;9,58293136894466e-06
CAPRIN1;5,65394469045567e-10;0,352885229598559;0,667;0,423;1,01686195257845e-05
SALL3;5,67481417049013e-10;0,307299825104101;0,226;0,038;1,02061532856265e-05
SMARCA4;6,05398093702224e-10;0,367111004413341;0,747;0,548;1,08880847152345e-05
RNF157;6,31119597469259e-10;0,387275750952232;0,403;0,183;1,13506859604846e-05
RPL21;6,33016939416576e-10;-0,292700860268116;0,999;0,995;1,13848096554071e-05
NPTX2;6,35740333292772e-10;0,364733182301143;0,430;0,202;1,14337898942705e-05
SV2A;6,51033672664565e-10;0,462398028739891;0,611;0,385;1,17088406028722e-05
PTBP2;6,67561005556493e-10;0,343176496318556;0,405;0,178;1,20060846849335e-05
PSMD2;6,70366664660790e-10;0,347898958122560;0,691;0,447;1,20565444639243e-05
TSPAN5;6,98181542491137e-10;0,370515927732411;0,439;0,216;1,25567950417031e-05
MICAL3;7,36396757376423e-10;0,354189797588368;0,502;0,260;1,32440956814150e-05
HDAC2;7,95598645116306e-10;0,367370903021719;0,618;0,380;1,43088416324168e-05
UBL5;8,12023845629162e-10;0,298909516134211;0,985;0,986;1,46042488636405e-05
MTPN;8,53075679808931e-10;0,366924657856522;0,629;0,399;1,53425661013636e-05
ELN;8,65170807527276e-10;0,673722732680627;0,535;0,317;1,55600969733781e-05
IP6K2;8,82818305205625e-10;0,386886602465387;0,668;0,462;1,58774872191232e-05
ACSL3;8,92834346230859e-10;0,396348847684540;0,477;0,255;1,60576257169620e-05
KIF1B;9,13201602793510e-10;0,403171059169066;0,819;0,635;1,64239308262413e-05
DYNLL2;9,17817318545013e-10;0,384678859695816;0,713;0,476;1,65069444740321e-05
GABBR2;9,27970280322692e-10;0,370151573161023;0,410;0,192;1,66895454916036e-05
KIFC2;1,00177501169439e-09;0,402250912117566;0,620;0,394;1,80169235853236e-05
ERG28;1,00527023973212e-09;0,404715501118213;0,515;0,303;1,80797852615822e-05
PPP3CB;1,00857530843737e-09;0,394968003088261;0,686;0,476;1,81392269222461e-05
XIST;1,05945970258812e-09;-0,489433834683818;0,658;0,832;1,90543827510474e-05
CADM4;1,12458310490864e-09;0,376389246770859;0,424;0,207;2,02256271417818e-05
RCN2;1,12613776349253e-09;0,364629098007882;0,709;0,471;2,02535876764132e-05
BICC1;1,21276069926346e-09;-0,304163284550188;0,118;0,279;2,18115011762534e-05
PCP4L1;1,21689658519276e-09;0,300594931298101;0,247;0,058;2,18858850846919e-05
SNAP25;1,25611548380305e-09;0,479784601870508;0,663;0,447;2,25912369761978e-05
UQCRC1;1,33750905827114e-09;0,354495489005423;0,596;0,370;2,40551004130065e-05
RPS2;1,35758438007341e-09;-0,300913270437488;1,000;1,000;2,44161550756202e-05
UBA1;1,40133975251262e-09;0,361172210486300;0,862;0,750;2,52030954489394e-05
COX17;1,40996705959617e-09;0,349010745265174;0,678;0,452;2,53582575668372e-05
MASP1;1,44419516934418e-09;0,317016084238561;0,261;0,067;2,59738501206551e-05
KIF3C;1,44657006242689e-09;0,473796002728013;0,622;0,442;2,60165625727477e-05
DKK3;1,47615501139784e-09;0,396265178890383;0,833;0,663;2,65486478799901e-05
MAPRE2;1,49350510746877e-09;0,416945859256227;0,535;0,322;2,68606893578258e-05
FAM168B;1,54593555157250e-09;0,367506764349435;0,702;0,471;2,78036508950315e-05
NDN;1,65659789061934e-09;0,356318355183415;0,774;0,587;2,97939130627888e-05
RERE;1,66057823597899e-09;0,359134466809317;0,697;0,471;2,98654995740822e-05
PDLIM3;1,85650449995882e-09;0,359762277715753;0,416;0,192;3,33892334317594e-05
ELOC;1,88425850733017e-09;0,344277370115498;0,603;0,375;3,38883892543332e-05
MYORG;1,98402735572282e-09;0,279571680727683;0,239;0,053;3,56827319926749e-05
SNRNP70;2,04635042108545e-09;0,369990068407876;0,761;0,582;3,68036123232218e-05
DRAP1;2,07145341595110e-09;0,305085404038659;0,601;0,361;3,72550896858805e-05
STRAP;2,07912745271612e-09;0,362521044386323;0,647;0,438;3,73931072370995e-05
TAC1;2,11848812628395e-09;0,448584934605362;0,415;0,212;3,81010089512168e-05
RPS9;2,13284648591349e-09;-0,319630888826140;0,953;0,981;3,83592440491541e-05
ETFB;2,15084036004756e-09;0,347311430205131;0,458;0,226;3,86828638754554e-05
CTNND2;2,28640054961809e-09;0,396192718428548;0,628;0,433;4,11209138848814e-05
UQCR11;2,32016762564032e-09;0,309774081036069;0,979;0,986;4,17282147471412e-05
ILF3;2,32092617621229e-09;0,333856051368122;0,819;0,683;4,17418572791781e-05
APEX1;2,39143173591569e-09;0,325297641619214;0,552;0,317;4,30098997704437e-05
CALM3;2,42215069287829e-09;0,382347001332649;0,942;0,885;4,35623802114160e-05
OIP5-AS1;2,42947539969681e-09;0,335570969400899;0,559;0,337;4,36941150635471e-05
GHITM;2,50029796562821e-09;0,349010745265174;0,676;0,471;4,49678589118233e-05
NELL2;2,51970022486735e-09;-0,528732007624052;0,555;0,707;4,53168085442392e-05
PKD1;2,58352983512281e-09;0,386869246839966;0,676;0,457;4,64647840846837e-05
F3;2,58412440456367e-09;0,277768505999430;0,192;0,024;4,64754774160775e-05
RPS27;2,60577881901244e-09;-0,333325220039068;1,000;1,000;4,68649320599387e-05
CTSB;2,62220216974466e-09;0,350011274920175;0,615;0,394;4,71603060228578e-05
ACTN1;2,68167471710532e-09;0,346786909188305;0,410;0,188;4,82299197871392e-05
MRFAP1;2,70840762939234e-09;0,319038367294344;0,902;0,760;4,87107112146212e-05
H2AFY;2,80116107827170e-09;0,368344688369575;0,597;0,394;5,03788819927165e-05
ATP5F1C;3,09188171288946e-09;0,346880506608894;0,647;0,423;5,56074926063170e-05
ATP5MC1;3,12756920870093e-09;0,306791804913694;0,701;0,438;5,62493322184863e-05
ACTR1A;3,13955594552653e-09;0,374658267262033;0,515;0,303;5,64649136802946e-05
DCLK1;3,14141096349781e-09;0,323079069677555;0,809;0,587;5,64982761785081e-05
ST6GAL2;3,25594238652321e-09;0,380724148849499;0,429;0,216;5,85581238216199e-05
EBP;3,40580287783695e-09;0,342664943288758;0,432;0,212;6,12533647578975e-05
CADPS;3,53063233597071e-09;0,348922538147113;0,457;0,236;6,34984225624332e-05
UBC;3,82500966597565e-09;0,284248763774475;0,998;0,990;6,87927988425721e-05
APBB1;3,89736875946055e-09;0,355631464329062;0,744;0,519;7,00941771388981e-05
PRDX5;3,92721074495250e-09;0,330617837137413;0,914;0,856;7,06308852479707e-05
LSM4;4,14670135213323e-09;0,327277779910904;0,584;0,351;7,45784238181162e-05
ATP6V0B;4,14901243641154e-09;0,366120255805635;0,839;0,668;7,46199886688615e-05
DDB1;4,51524501376198e-09;0,374228471614058;0,625;0,442;8,12066815725092e-05
OGA;4,56820175036454e-09;0,357346309163301;0,782;0,635;8,21591084803062e-05
HRAS;4,64862159897962e-09;0,369722386672961;0,502;0,293;8,36054594576485e-05
PRKRA;4,84514557658342e-09;0,321893415134932;0,371;0,163;8,71399431948527e-05
SAT2;4,86336907157494e-09;0,365742893181295;0,589;0,370;8,74676927522753e-05
PFDN2;4,92688527559184e-09;0,288497596474058;0,645;0,409;8,86100316815192e-05
INSIG1;5,09913573468062e-09;0,378086738832785;0,400;0,192;9,17079561882310e-05
GPT2;5,39256047802289e-09;0,414264889052652;0,438;0,240;9,69852001972418e-05
PNN;5,39683234943052e-09;0,324675233762102;0,497;0,269;9,70620298045080e-05
GRIN2C;5,41256640482971e-09;-0,260901482667069;0,094;0,240;9,73450067908623e-05
TSC22D1;5,74047285934859e-09;0,340328134009526;0,863;0,755;1,03242404375384e-04
B3GAT1;5,83535188115139e-09;0,313922579625253;0,404;0,188;1,04948803582508e-04
AQP4;5,87102842112117e-09;0,314061511322200;0,194;0,029;1,05590446153864e-04
LAMTOR1;6,08174102056966e-09;0,318502235572895;0,585;0,365;1,09380112254945e-04
GAD1;6,11110754571783e-09;0,260325591783038;0,203;0,034;1,09908269209735e-04
ANKRD9;6,17605383337474e-09;0,285297680940245;0,297;0,101;1,11076328193245e-04
MAPK8IP1;6,31727855897167e-09;0,325123071430083;0,491;0,264;1,13616254883105e-04
GSN;6,44463788525854e-09;0,401941723384543;0,419;0,216;1,15906812366375e-04
NPDC1;6,45149526193972e-09;0,351374799446124;0,799;0,615;1,16030142285986e-04
ADD1;6,57470741057851e-09;0,340808432838987;0,821;0,625;1,18246112779254e-04
ENHO;6,70389307643121e-09;0,325483855887416;0,522;0,303;1,20569516979615e-04
APLP2;6,70854601720204e-09;0,341656669956362;0,954;0,923;1,20653200119379e-04
INTS11;6,75656672973516e-09;0,352964592309523;0,556;0,351;1,21516852634287e-04
RAB7A;6,83666627480217e-09;0,331457811061032;0,676;0,471;1,22957442952317e-04
AKAP6;7,04178366843421e-09;0,339677424542825;0,382;0,178;1,26646479276789e-04
SCUBE2;7,22696415104041e-09;0,275903559312002;0,238;0,058;1,29976950256462e-04
HNRNPK;7,25109065999345e-09;0,310338634878494;0,959;0,918;1,30410865519982e-04
CDK5RAP3;7,42370750170905e-09;0,332396146128416;0,568;0,341;1,33515379418237e-04
SF3B2;7,42549268818668e-09;0,340487658421614;0,612;0,409;1,33547485997037e-04
LANCL2;7,45559585967957e-09;0,320480465014873;0,332;0,135;1,34088891536337e-04
FAM168A;7,62344995470725e-09;0,357341968174589;0,531;0,327;1,37107747435410e-04
SF3B1;7,81348595956712e-09;0,335838361513670;0,727;0,519;1,40525544982815e-04
AC092958.1;8,02058133909496e-09;0,306661816054044;0,269;0,082;1,44250155383623e-04
CA14;8,11337878253591e-09;0,489114973803649;0,612;0,438;1,45919117403908e-04
PDZD4;8,23775765096961e-09;0,371102707176871;0,630;0,428;1,48156071352688e-04
SYT4;8,87827252082946e-09;0,493078976725023;0,703;0,534;1,59675731287118e-04
GPRC5B;9,06990995417833e-09;0,350004387084616;0,355;0,154;1,63122330525897e-04
SLC25A5;9,22104188037488e-09;0,354401587389205;0,502;0,293;1,65840438218542e-04
SGTA;9,72015306582268e-09;0,345311702741166;0,594;0,389;1,74816952888821e-04
COMMD7;9,98894587624327e-09;0,309172617388527;0,408;0,192;1,79651191584235e-04
VSTM2A;1,00453091615666e-08;0,374541160639064;0,429;0,231;1,80664885270776e-04
TMEM9;1,01476541529135e-08;0,352111027593529;0,602;0,394;1,82505559940149e-04
NDUFC2;1,03566639563503e-08;0,304806738440019;0,905;0,875;1,86264601254960e-04
TOLLIP;1,03756933045146e-08;0,319341279487129;0,408;0,197;1,86606844081695e-04
YPEL3;1,07427026209117e-08;0,324827040469338;0,611;0,375;1,93207506637097e-04
KIF5A;1,09899454578397e-08;0,394030405312598;0,532;0,327;1,97654169059248e-04
GRB2;1,12244858679169e-08;0,323773965096041;0,598;0,380;2,01872378334485e-04
NLGN2;1,13004386064703e-08;0,357068050442273;0,610;0,409;2,03238388337369e-04
TBCB;1,13109749863019e-08;0,339572925596134;0,729;0,534;2,03427885128640e-04
ZNF33A;1,13388578325004e-08;0,334313562201060;0,404;0,192;2,03929358117520e-04
KIF3B;1,16328019222141e-08;0,335553638086085;0,415;0,207;2,09215942571021e-04
MACF1;1,20362244474198e-08;0,344149855970030;0,751;0,611;2,16471496686845e-04
HMGA1;1,21203895135567e-08;0,351280039677027;0,411;0,212;2,17985205401317e-04
CANX;1,21887414399807e-08;0,374541160639063;0,916;0,861;2,19214514798053e-04
IARS;1,23563431432008e-08;0,300524420067135;0,406;0,192;2,22228831430466e-04
IGSF3;1,23709279532337e-08;0,321634030912571;0,441;0,231;2,22491139238908e-04
CAMK2N2;1,25193015833507e-08;0,463215356573137;0,609;0,433;2,25159638976562e-04
CIAO2B;1,29233872844698e-08;0,342317925859260;0,660;0,452;2,32427120311189e-04
ARHGEF4;1,31415462593863e-08;0,350120250319565;0,491;0,288;2,36350709475063e-04
ASXL1;1,33294893116240e-08;0,307213087732934;0,405;0,192;2,39730865269557e-04
TRAK1;1,33976341893899e-08;0,369456554241679;0,489;0,288;2,40956450896177e-04
AMPD2;1,36910760041919e-08;0,296205389247827;0,363;0,154;2,46234001935391e-04
TSPAN13;1,37485602228636e-08;0,417029405362016;0,485;0,293;2,47267855608202e-04
ROBO2;1,37727693786237e-08;0,344093949475636;0,469;0,260;2,47703257274547e-04
PTGES3;1,38748322693655e-08;0,339600882906025;0,782;0,644;2,49538858364538e-04
ZNRF1;1,42529584630027e-08;0,311243413092805;0,353;0,149;2,56339457957104e-04
TIA1;1,49668538817886e-08;0,363973956194918;0,591;0,380;2,69178867063967e-04
DNAJB6;1,51183799088668e-08;0,376117156091873;0,654;0,466;2,71904062660970e-04
ATP6V0A1;1,51554342623983e-08;0,352206084424980;0,612;0,413;2,72570485209233e-04
HNRNPU;1,58035360530421e-08;0,328592268422138;0,861;0,779;2,84226595913962e-04
TRIB2;1,65247164449437e-08;0,444010129541383;0,607;0,438;2,97197025262313e-04
DDX3X;1,66640496789190e-08;0,322341851663712;0,734;0,524;2,99702933475359e-04
HSD17B7;1,73306309760542e-08;0,252105084978070;0,201;0,038;3,11691398104334e-04
PPDPF;1,74558575527134e-08;-0,355018352730771;0,814;0,909;3,13943598085550e-04
SEZ6;1,79057988710322e-08;0,344586000995034;0,346;0,154;3,22035792695514e-04
SAE1;1,79768433920312e-08;0,342728778604844;0,484;0,288;3,23313528405681e-04
DHX9;1,82049875385867e-08;0,327598628968867;0,585;0,375;3,27416700881481e-04
TIMM17A;1,90892893539982e-08;0,320471552420372;0,432;0,221;3,43320869031658e-04
MARS;1,94882832725527e-08;0,359251117284728;0,544;0,337;3,50496774656860e-04
RBBP7;2,00052542872879e-08;0,357061882957129;0,461;0,264;3,59794498356872e-04
PCP4;2,03161580380614e-08;0,497823296966625;0,587;0,413;3,65386102314534e-04
NDRG4;2,10309401494611e-08;0,409501984772817;0,676;0,510;3,78241458588058e-04
ANK3;2,11751288375918e-08;0,322118498929558;0,461;0,245;3,80834692144088e-04
CAPN1;2,13707477593241e-08;0,275673556116475;0,430;0,216;3,84352898451444e-04
VAPA;2,14389512570300e-08;0,333161337921324;0,670;0,471;3,85579538357685e-04
KIF21B;2,15069894966230e-08;0,413505749429487;0,539;0,337;3,86803206096765e-04
TMEM181;2,16654404590622e-08;0,278696807518065;0,267;0,087;3,89652946656234e-04
ARHGEF10L;2,17967628286185e-08;0,309075239379416;0,346;0,149;3,92014779472704e-04
MARK3;2,19147269023075e-08;0,329942081814311;0,517;0,303;3,94136363338000e-04
PTTG1IP;2,23744972277985e-08;0,331682732022359;0,607;0,385;4,02405332641957e-04
C18orf32;2,26860567858777e-08;0,314345901557913;0,650;0,447;4,08008731294011e-04
AGAP3;2,33179402142872e-08;0,347933990723144;0,581;0,385;4,19373154753955e-04
PINK1;2,33788548701428e-08;0,337834959003954;0,565;0,361;4,20468704839519e-04
SS18L1;2,35166915800389e-08;0,316783004930925;0,373;0,173;4,22947698067000e-04
HOXB6;2,41049151425844e-08;0,338994702034810;0,420;0,216;4,33526898839380e-04
UQCR10;2,47021634788375e-08;0,291985551885347;0,956;0,957;4,44268410166893e-04
NDUFS7;2,50858839069616e-08;0,319714117075685;0,594;0,370;4,51169622066704e-04
ARHGAP33;2,52665306809457e-08;0,343507590617881;0,515;0,298;4,54418554296809e-04
DYNLRB1;2,53368167884684e-08;0,313614817187932;0,812;0,620;4,55682649940605e-04
ALDOA;2,56653550787053e-08;-0,384704455046759;0,269;0,457;4,61591411090515e-04
NMNAT2;2,66317134552756e-08;0,309361783326312;0,391;0,188;4,78971366493131e-04
SORBS1;2,70150589349052e-08;0,304428874523051;0,350;0,154;4,85865834944270e-04
ZNF706;2,70538985092862e-08;0,273020664631406;0,571;0,337;4,86564364689512e-04
APLP1;2,72007995023107e-08;0,406501990452742;0,792;0,606;4,89206379049058e-04
UQCRH;2,96414980845086e-08;0,304786319098330;0,958;0,904;5,33102343049886e-04
BCAN;2,96688184173038e-08;0,444750162920466;0,548;0,351;5,33593699235209e-04
LRP8;3,04788403426130e-08;0,337601305259676;0,432;0,236;5,48161943561895e-04
AC124798.1;3,11765350581868e-08;0,267377414561383;0,211;0,048;5,60709983021489e-04
SLC39A6;3,12054422385812e-08;0,328114111932088;0,456;0,245;5,61229878660883e-04
BZW1;3,13494993119822e-08;0,304049718540917;0,667;0,447;5,63820745126001e-04
RTF2;3,14320797003425e-08;0,294715275839196;0,511;0,288;5,65305953410660e-04
PPP4R1;3,24595309767480e-08;0,318323316181432;0,358;0,163;5,83784664616812e-04
GABRB3;3,28838796353906e-08;0,353012180093107;0,492;0,288;5,91416575242501e-04
YWHAB;3,35776491647928e-08;0,361758684347052;0,797;0,683;6,03894020228798e-04
HOXC4;3,43269460261357e-08;0,414998183609451;0,673;0,529;6,17370124280050e-04
NEDD4L;3,51818049842023e-08;0,294859361274261;0,419;0,216;6,32744762640878e-04
TRIM9;3,53633676887928e-08;0,292747069475416;0,338;0,144;6,36010167882938e-04
CLTC;3,54784279457740e-08;0,330340145015649;0,873;0,755;6,38079526604745e-04
SHTN1;3,58225046339632e-08;0,329853223342480;0,389;0,192;6,44267745841828e-04
ARL2;3,69347466068571e-08;0,308743851979110;0,485;0,279;6,64271417724324e-04
LUC7L3;3,76257738553003e-08;0,340638793052150;0,724;0,558;6,76699542787576e-04
THRA;3,96961785758774e-08;0,361886769708877;0,598;0,428;7,13935771687155e-04
ATP5PD;4,02571879092404e-08;0,266139234608519;0,749;0,577;7,24025524547688e-04
CCT3;4,27941636969620e-08;0,327329547672508;0,633;0,438;7,69653034089861e-04
PPP2CB;4,50449551718482e-08;0,321316221672187;0,650;0,447;8,10133518765690e-04
TMSB15A;4,65300776130998e-08;0,395011189010016;0,555;0,356;8,36843445871601e-04
TUSC3;4,67937373693254e-08;0,321316221672187;0,736;0,538;8,41585366587318e-04
NFE2L1;4,74047791630021e-08;0,347301360828016;0,538;0,341;8,52574953246593e-04
SUCLG1;4,84466839806425e-08;0,320574394404494;0,432;0,231;8,71313611391856e-04
NDUFA12;4,86308877724666e-08;0,360191590473550;0,748;0,587;8,74626516587811e-04
SLC25A1;4,87002136464500e-08;0,327468448653782;0,561;0,361;8,75873342431404e-04
ABLIM1;4,89422257791324e-08;0,304678454151888;0,485;0,279;8,80225930637696e-04
MT-ATP6;4,93938095965084e-08;-0,567023765032350;1,000;1,000;8,88347665593203e-04
MSI2;5,24680629169368e-08;0,356877406895132;0,416;0,226;9,43638111561107e-04
RUNDC3A;5,27058720139938e-08;0,326840268143824;0,451;0,250;9,47915108171678e-04
SOD1;5,29309479241275e-08;0,283654423573414;0,927;0,875;9,51963098415434e-04
PFKM;5,33080292174244e-08;0,306868177720069;0,547;0,337;9,58744905475377e-04
SH3BP5;5,45646457147682e-08;0,346439838241082;0,429;0,240;9,81345153180107e-04
CYFIP2;5,62261737438722e-08;0,363363111446150;0,521;0,332;1,01122773478354e-03
ANO8;5,62986052797158e-08;0,281461261928901;0,284;0,106;1,01253041595569e-03
UBR5;5,69386844836970e-08;0,310025060907251;0,360;0,168;1,02404224043929e-03
SNHG14;5,87749987428806e-08;0,320823000258243;0,919;0,846;1,05706835239071e-03
HUWE1;5,90724795238373e-08;0,329979975674391;0,552;0,361;1,06241854423621e-03
LUC7L;6,02251216129711e-08;0,339914681057296;0,602;0,394;1,08314881220929e-03
SQSTM1;6,15717667757133e-08;0,317550460475989;0,654;0,466;1,10736822546120e-03
AURKAIP1;6,21182771242294e-08;0,327706907829216;0,595;0,389;1,11719721407927e-03
TRIM2;6,35740755627033e-08;0,351184636936811;0,602;0,433;1,14337974899522e-03
UNC13A;6,51640284308018e-08;0,292747069475416;0,318;0,135;1,17197505132797e-03
LZTS3;6,53374236371248e-08;0,319815312673587;0,425;0,231;1,17509356411369e-03
ATP5PO;6,71667155245589e-08;0,266722552467201;0,901;0,803;1,20799337870919e-03
VPS28;6,81724814642417e-08;0,320520172119759;0,740;0,562;1,22608207913439e-03
KIAA0895L;7,21857774952774e-08;0,328695752037784;0,554;0,356;1,29826120825256e-03
ATCAY;7,26972268213821e-08;0,361411716897353;0,442;0,245;1,30745962438256e-03
CLCN3;7,29306525951152e-08;0,292747069475416;0,514;0,303;1,31165778692315e-03
CYB5R3;7,55187785129488e-08;0,314961803290942;0,636;0,418;1,35820523155538e-03
MT-ND4;7,77746324234666e-08;-0,505367605397772;1,000;1,000;1,39877676413605e-03
DPYSL4;7,84931220109388e-08;0,341592973404954;0,525;0,327;1,41169879936673e-03
ROBO3;7,94243786438344e-08;0,318742278008361;0,274;0,101;1,42844744990936e-03
MMP24;7,94587039621337e-08;0,324706810872961;0,365;0,178;1,42906479075897e-03
ZFAND5;8,10858586567449e-08;0,329777800420383;0,748;0,567;1,45832916794156e-03
KIFAP3;8,48331921858110e-08;0,343258774552864;0,602;0,418;1,52572496146181e-03
BLOC1S1;8,52789389714338e-08;0,339040721749351;0,700;0,519;1,53374171740124e-03
TRIO;8,70806812694974e-08;0,302949391291725;0,549;0,346;1,56614605263191e-03
UBE2V2;8,95325201311383e-08;0,333893052245447;0,575;0,389;1,61024237455852e-03
MAPT;9,33190652565948e-08;0,470345998803150;0,628;0,457;1,67834338863986e-03
COA3;9,33865380164466e-08;0,281290554040414;0,654;0,447;1,67955688622579e-03
SMDT1;9,44661758734658e-08;0,318986837134397;0,578;0,404;1,69897417308428e-03
HOXC10;9,73733419270755e-08;0,388701092023242;0,456;0,274;1,75125955455845e-03
ERI3;1,00228271683379e-07;0,313728777221737;0,557;0,361;1,80260546622558e-03
WNK2;1,03128879274669e-07;0,334073931764351;0,616;0,423;1,85477289375492e-03
CTNNA2;1,03315756049387e-07;0,299144840673567;0,449;0,255;1,85813387254822e-03
CCDC88A;1,03356313294202e-07;0,318399879753309;0,532;0,341;1,85886329459621e-03
CCT6A;1,04413651874619e-07;0,277159576464371;0,623;0,438;1,87787952896502e-03
ACO2;1,05498716501950e-07;0,298506338764101;0,630;0,438;1,89739441628757e-03
KIDINS220;1,08213978350752e-07;0,339463568382446;0,696;0,514;1,94622840063828e-03
WBP2;1,08478011969168e-07;0,352794453145355;0,585;0,418;1,95097704526549e-03
NCK2;1,09160899009774e-07;0,290551186188638;0,406;0,212;1,96325876869079e-03
NDUFA10;1,10068793416685e-07;0,284583416527163;0,570;0,361;1,97958724959908e-03
C3orf14;1,11316368426795e-07;0,281261599377368;0,259;0,091;2,00202488615591e-03
COX5A;1,11612013675809e-07;0,334648224937171;0,843;0,779;2,00734206595942e-03
SF1;1,12528954758480e-07;0,304749005928861;0,751;0,577;2,02383325133127e-03
PHC1;1,15065733546992e-07;0,324561881175841;0,510;0,312;2,06945721784265e-03
PTOV1;1,18276953985024e-07;0,312528634352256;0,892;0,837;2,12721101742066e-03
NCKAP1;1,18582138388419e-07;0,301440410186695;0,687;0,505;2,13269975891572e-03
SPAG9;1,18749119658742e-07;0,305514365549294;0,643;0,466;2,13570291706247e-03
CMC2;1,20998928194854e-07;0,295119923696001;0,336;0,154;2,17616572358444e-03
SC5D;1,22047107144692e-07;0,339888327708609;0,475;0,293;2,19501722199728e-03
DHCR7;1,22170799377251e-07;0,314773375805415;0,425;0,226;2,19724182679986e-03
ISCU;1,23578996693240e-07;0,301019953162922;0,559;0,356;2,22256825552792e-03
GSK3B;1,23809876349255e-07;0,271552847206293;0,466;0,250;2,22672062614134e-03
MYT1L;1,24526521064615e-07;0,294990763614877;0,377;0,183;2,23960948134710e-03
CTPS1;1,24791795986614e-07;0,263979765296616;0,282;0,106;2,24438045081925e-03
CCT4;1,27756776338082e-07;0,293573592007841;0,643;0,447;2,29770562244040e-03
CEP95;1,29466483880291e-07;0,264318661148898;0,333;0,144;2,32845471258704e-03
CDC16;1,34549694960581e-07;0,327086185247426;0,448;0,264;2,41987626386605e-03
SPOCK2;1,38344824956932e-07;0,423331179285560;0,544;0,375;2,48813167685042e-03
PSMD10;1,42581881000184e-07;0,269305423095644;0,437;0,236;2,56433512978831e-03
TMEM14A;1,43301933287097e-07;0,331523901753199;0,527;0,337;2,57728527016844e-03
UBE2N;1,45327640826210e-07;0,315976703682060;0,620;0,418;2,61371762025939e-03
ANKRD13B;1,47001321913069e-07;0,301666387163938;0,389;0,197;2,64381877460654e-03
VGF;1,48115018923094e-07;0,389402052060620;0,371;0,197;2,66384861533184e-03
DTX4;1,50956053481735e-07;0,339549577049198;0,676;0,510;2,71494462186901e-03
VSNL1;1,54355307462751e-07;0,483827684903157;0,548;0,394;2,77608020471759e-03
DCHS1;1,57703148045879e-07;0,254731575309815;0,552;0,341;2,83629111760513e-03
IDS;1,60740626827025e-07;0,321659761390655;0,840;0,726;2,89092017348404e-03
MAPRE1;1,63522433220541e-07;0,292747069475416;0,528;0,327;2,94095096147142e-03
MAPK8IP3;1,66708552941923e-07;0,326627962151194;0,541;0,370;2,99825332466049e-03
TUBA1B;1,73290722035477e-07;0,269534891104446;0,998;1,000;3,11663363580805e-03
HMGB3;1,73820480830433e-07;0,327975557786397;0,420;0,236;3,12616134773533e-03
LRATD1;1,73905393253942e-07;-0,564955976505571;0,473;0,577;3,12768849767214e-03
TMEM59L;1,75023263067742e-07;0,323864054305883;0,782;0,625;3,14779338627335e-03
SLC25A3;1,75538206976802e-07;0,293889345893672;0,859;0,827;3,15705465247778e-03
TMEM132B;1,75679841066599e-07;0,262715906222455;0,274;0,101;3,15960194158278e-03
XPOT;1,77852490881492e-07;0,270826451218494;0,342;0,154;3,19867704850363e-03
TRIR;1,82240184863709e-07;0,327995795202543;0,826;0,731;3,27758972477381e-03
HSPD1;1,83827420270319e-07;0,265373294429462;0,769;0,601;3,30613615356168e-03
MIF;1,84131041078807e-07;-0,301677699498100;0,998;0,995;3,31159677380234e-03
ZFAND6;1,84404409361852e-07;0,289561138756568;0,417;0,221;3,31651330237291e-03
WASF1;1,91707076842028e-07;0,338483215604791;0,430;0,255;3,44785177700388e-03
DGKD;1,95534521743504e-07;0,304151832747665;0,366;0,183;3,51668837355692e-03
MAGI1;1,96604504045978e-07;0,258828243396536;0,325;0,144;3,53593200526692e-03
DNM1;1,96901863711558e-07;0,374799314892394;0,620;0,452;3,54128001885237e-03
RALGPS1;1,96945104591130e-07;0,311139381337676;0,419;0,236;3,54205770607148e-03
DDX17;1,98786004887229e-07;0,314015686229068;0,965;0,942;3,57516629789681e-03
RBM5;2,00793019498296e-07;0,323210212954055;0,730;0,543;3,61126245567686e-03
SNRPG;2,01591359523153e-07;0,267703176933534;0,780;0,625;3,62562060102391e-03
MCRIP1;2,04410017304589e-07;0,281637151770842;0,675;0,490;3,67631416122304e-03
SPCS2;2,08867853996966e-07;0,320054415471152;0,562;0,380;3,75648835413544e-03
RAB6B;2,11074782004597e-07;0,366151064519339;0,662;0,486;3,79617995435267e-03
"NAP1L4";2,14613009206416e-07;0,298377890833739;0,665;0,466;3,85981497057739e-03
ZMIZ2;2,15673224542418e-07;0,315005078213508;0,458;0,269;3,87888294339538e-03
GUK1;2,21226389851974e-07;0,264752827071419;0,889;0,755;3,97875662148776e-03
MARCH6;2,24051694370398e-07;0,285183775398947;0,827;0,673;4,02956972325160e-03
GPSM1;2,24254302394439e-07;0,330271763461187;0,501;0,312;4,03321362856399e-03
NKAIN4;2,26131757895445e-07;0,278838889434366;0,413;0,212;4,06697966574957e-03
MAPK8IP2;2,28009362560907e-07;0,359490464062005;0,465;0,288;4,10074838565791e-03
ANXA2;2,28976125264043e-07;-0,394193064427331;0,229;0,385;4,11813561287382e-03
TRO;2,30518313555415e-07;0,359828061383598;0,716;0,534;4,14587186929414e-03
SCN3B;2,32903025480619e-07;0,400852021751501;0,543;0,361;4,18876091326894e-03
RAB6A;2,38435740227481e-07;0,339150092355163;0,649;0,490;4,28826678799125e-03
ATP5PF;2,38446920226046e-07;0,263506954029971;0,932;0,880;4,28846786026544e-03
FAM3C;2,40242273159666e-07;0,309511951954822;0,536;0,351;4,32075728277660e-03
ZNF83;2,42842033547162e-07;0,289401041595425;0,396;0,207;4,36751397334570e-03
AUP1;2,43875411730416e-07;0,304761254444091;0,470;0,279;4,38609927997154e-03
PRKAR1A;2,44217789816364e-07;0,273838606925351;0,721;0,538;4,39225694984731e-03
MAST1;2,44950461857416e-07;0,425292873429383;0,518;0,341;4,40543405650562e-03
DLK1;2,44953557498100e-07;0,462122368094965;0,612;0,505;4,40548973160333e-03
GRINA;2,45286362888695e-07;0,298758307509277;0,850;0,774;4,41147523655317e-03
GOLM1;2,50237256765835e-07;0,348556649454734;0,837;0,707;4,50051706293354e-03
AP3D1;2,57099079812442e-07;0,277308338207420;0,661;0,452;4,62392695042677e-03
DISP3;2,61001754228090e-07;0,268294025750877;0,299;0,125;4,69411654979220e-03
PALM;2,63290983398133e-07;0,321140508251241;0,590;0,413;4,73528833641542e-03
PLRG1;2,64419790014103e-07;-0,410191120890596;0,359;0,510;4,75558992340364e-03
WIZ;2,70861688624467e-07;0,260963359814683;0,372;0,183;4,87144746991104e-03
CUL1;2,76840299793627e-07;0,291632588894007;0,388;0,202;4,97897279178838e-03
DHCR24;2,84948554574316e-07;0,416858208908150;0,517;0,365;5,12479975401908e-03
CNDP2;2,95886712968283e-07;0,265625726476327;0,350;0,168;5,32152253273457e-03
CDK2AP1;2,98500209766995e-07;0,320542174417159;0,569;0,375;5,36852627265940e-03
NETO2;3,01142892460527e-07;0,252174360387600;0,294;0,120;5,41605492090259e-03
GRIA2;3,01297459056940e-07;0,322291345089431;0,388;0,207;5,41883480113906e-03
ARPC2;3,01362172242147e-07;0,272098550500151;0,727;0,558;5,41999866777501e-03
PRKAR1B;3,05391509831018e-07;0,342664943288758;0,416;0,240;5,49246630431086e-03
DOK5;3,10602036768967e-07;0,252033396486869;0,250;0,087;5,58617763128987e-03
TUBB4A;3,11282863874425e-07;0,391956673403315;0,478;0,303;5,59842230678153e-03
ELMO2;3,15911786838605e-07;0,298552691156622;0,353;0,178;5,68167348629231e-03
COL1A2;3,16689287641799e-07;0,458841355755347;0,716;0,663;5,69565683823775e-03
RBM8A;3,23905498350861e-07;0,278117766850859;0,625;0,433;5,82544038784023e-03
RGMA;3,39586425595774e-07;0,304368989116940;0,418;0,231;6,10746186434000e-03
TNNI2;3,39977205393393e-07;0,440948592760610;0,583;0,476;6,11449003900018e-03
SEMA6A;3,42840880426649e-07;0,285515500244340;0,444;0,260;6,16599323447328e-03
MAPK6;3,43953454511625e-07;0,295997604175837;0,406;0,221;6,18600287939158e-03
NLGN4X;3,56178201672531e-07;0,277098158820253;0,322;0,149;6,40586495708048e-03
AHI1;3,56833245309537e-07;0,283943411091184;0,403;0,216;6,41764591689203e-03
RPS6;3,57088937515730e-07;-0,250492884834607;0,998;1,000;6,42224454122041e-03
TSPAN3;3,59069319060335e-07;0,286435022038723;0,953;0,933;6,45786170330012e-03
DHX30;3,62342288085812e-07;0,306914401402010;0,534;0,351;6,51672605122333e-03
CELF1;3,62845391706265e-07;0,310046870191247;0,548;0,351;6,52577436983717e-03
CDKN2D;3,66520838851268e-07;0,438708356132632;0,655;0,510;6,59187728674005e-03
FUT9;3,75316570660992e-07;0,263979765296616;0,282;0,115;6,75006852333794e-03
TPD52L2;3,75897003723079e-07;0,319883199412930;0,554;0,370;6,76050761195958e-03
ANKRD10;3,86923281828458e-07;0,303460200690710;0,578;0,394;6,95881522368482e-03
MED10;3,90181409720887e-07;0,269570747109322;0,360;0,183;7,01741265383016e-03
SNHG9;3,97727403256350e-07;0,291958496052728;0,661;0,471;7,15312734756546e-03
CNP;4,02668804807685e-07;0,281201249067784;0,431;0,240;7,24199845446621e-03
SRSF6;4,14885413387682e-07;0,285066332393792;0,621;0,404;7,46171415977746e-03
RUSC2;4,16676779183655e-07;0,326647476093707;0,464;0,279;7,49393187361804e-03
IK;4,20121472025359e-07;0,295678384485001;0,492;0,298;7,55588467437608e-03
KPNB1;4,29059728532717e-07;0,297765144242041;0,484;0,293;7,71663921766092e-03
BMERB1;4,37681483325204e-07;0,333503877088815;0,620;0,476;7,87170147760379e-03
HTR1D;4,38259146568783e-07;-0,251360298333899;0,114;0,245;7,88209075103956e-03
MAGEF1;4,45287609800172e-07;0,275067902240591;0,527;0,337;8,00849766225608e-03
CDK5R1;4,46485887166666e-07;0,385036527814199;0,549;0,380;8,03004868069250e-03
MDH1;4,51189298945956e-07;0,313799371555018;0,794;0,659;8,11463954154302e-03
NPTN;4,51967356556716e-07;0,336649891352231;0,647;0,471;8,12863290767253e-03
THSD4;4,52612199936691e-07;0,513912749361650;0,651;0,476;8,14023041586139e-03
ELAVL2;4,59029025260392e-07;0,306675908106818;0,406;0,226;8,25563701930815e-03
SEC31A;4,59823345001810e-07;0,280899563216014;0,422;0,236;8,26992285985755e-03
CELSR2;4,79359722742482e-07;0,307415119264252;0,442;0,260;8,62128461352355e-03
ZYX;4,80036262557489e-07;0,306043892088874;0,592;0,399;8,63345218209645e-03
GPRIN1;4,94192760034549e-07;0,293873734929700;0,356;0,178;8,88805678922136e-03
CBX3;4,95866219370667e-07;0,305374677803166;0,694;0,553;8,91815395538145e-03
PITHD1;5,15241881925059e-07;0,305974228647401;0,532;0,361;9,26662524642219e-03
MRFAP1L1;5,20681128768455e-07;0,300198061070980;0,542;0,361;9,36445010090066e-03
BMPR2;5,22007065937105e-07;0,285998734226714;0,524;0,341;9,38829708087884e-03
CPEB2;5,22353417763865e-07;0,297319799265240;0,349;0,173;9,39452621848311e-03
GLRA3;5,24330748875149e-07;-0,294153235487233;0,144;0,279;9,43008851851956e-03
RPS3;5,25701519809976e-07;-0,254105231617317;0,993;0,995;9,45474183378242e-03
MOAP1;5,29417848617691e-07;0,349006068531926;0,597;0,438;9,52158000738916e-03
AP2M1;5,32776576173500e-07;0,295416256251400;0,926;0,880;9,58198672248039e-03
AKT1;5,50654744647540e-07;0,298430707978998;0,532;0,341;9,90352558248601e-03
HIP1R;5,56780891385125e-07;0,293823306034755;0,396;0,212;1,00137043315615e-02
IPO5;5,69823703822570e-07;0,257043007793737;0,419;0,231;1,02482793132489e-02
CDC42EP4;5,72742771729322e-07;0,320340438719270;0,475;0,293;1,03007787495519e-02
CXCR4;5,81410455707759e-07;0,306247504401806;0,282;0,120;1,04566670459041e-02
EIF4A2;6,13469146447721e-07;0,268232466986852;0,946;0,899;1,10332425988623e-02
NPEPPS;6,24255431252190e-07;0,271988509308619;0,525;0,332;1,12272339310706e-02
MCL1;6,42516394140227e-07;0,271213907925775;0,416;0,231;1,15556573486120e-02
AMH;6,48652802113726e-07;0,272991774328806;0,353;0,178;1,16660206460154e-02
UPP1;6,52596188239297e-07;0,257649368826021;0,267;0,106;1,17369424454838e-02
MT-ND3;6,60878648289512e-07;-0,483862190635445;0,999;1,000;1,18859024894869e-02
EBF4;6,80244054260303e-07;0,256677814767894;0,316;0,144;1,22341893158716e-02
MAPK10;6,84406273109086e-07;0,279431365766794;0,452;0,260;1,23090468218669e-02
RETREG2;6,95998850298945e-07;0,304621169763708;0,654;0,490;1,25175393226265e-02
KIF3A;7,00226338600436e-07;0,274464442626196;0,429;0,245;1,25935706997288e-02
C1QBP;7,04466115294057e-07;0,260558943185228;0,451;0,255;1,26698230835636e-02
TERF2IP;7,22710715244024e-07;0,327596470233019;0,722;0,577;1,29979522136638e-02
AKR1B1;7,48355140537676e-07;0,288982696717662;0,529;0,341;1,34591672025701e-02
GP1BB;7,53403144983545e-07;0,263243075165333;0,332;0,159;1,35499555625291e-02
G3BP2;7,76125310047013e-07;0,296208846879390;0,583;0,409;1,39586137011955e-02
CLCN4;7,77234982201244e-07;0,259388472528985;0,326;0,154;1,39785711548894e-02
ABHD6;7,80351943145492e-07;0,258471136044280;0,258;0,101;1,40346296974717e-02
KCNQ2;7,81343701899125e-07;0,290669754442807;0,441;0,260;1,40524664786558e-02
NSD2;8,24632745078138e-07;0,306686260433290;0,538;0,375;1,48310199202303e-02
NBEA;8,24677310957982e-07;0,304585737510817;0,403;0,221;1,48318214375793e-02
SF3B3;8,26300215949232e-07;0,278413718461387;0,400;0,226;1,48610093838469e-02
FKBP1A;8,30175082797991e-07;0,273504741755999;0,567;0,380;1,49306988641219e-02
MADD;8,42684819073537e-07;0,297782659372714;0,465;0,284;1,51556864710376e-02
FBLL1;8,45243751663118e-07;0,319026394274265;0,411;0,231;1,52017088736612e-02
VPS9D1;8,49136379046874e-07;0,279571680727683;0,311;0,144;1,52717177771580e-02
DTX3;8,51641627935467e-07;0,294589592128016;0,523;0,361;1,53167746784194e-02
INPP4A;8,54390084365734e-07;0,272709316238871;0,390;0,212;1,53662056673177e-02
VAMP2;8,56456882610783e-07;0,320722642136601;0,735;0,553;1,54033770337549e-02
CDH2;8,72159707497339e-07;0,289033566676352;0,682;0,481;1,56857923393396e-02
SOX2;8,74427259709916e-07;0,359038748184599;0,516;0,351;1,57265742658828e-02
CNN3;8,75901592460685e-07;0,353467450513322;0,750;0,620;1,57530901404054e-02
NCAM1;8,93871940240821e-07;0,316627263288597;0,938;0,918;1,60762868452312e-02
SEC61A1;8,94863537964410e-07;0,315843881329974;0,641;0,481;1,60941207302899e-02
PBX3;9,02585525307784e-07;0,305458121224970;0,577;0,409;1,62330006726605e-02
ARF1;9,27706123715914e-07;0,263235684795467;0,857;0,736;1,66847946350307e-02
C11orf49;9,32364330258728e-07;0,280899563216014;0,417;0,236;1,67685724797032e-02
GPC2;9,38122971603913e-07;0,320678002223208;0,399;0,226;1,68721416442964e-02
LAMP5;9,41604481396960e-07;0,265939464635814;0,278;0,115;1,69347565979243e-02
C16orf58;9,42307238953034e-07;0,250752980810789;0,316;0,144;1,69473956925703e-02
TOMM20;9,44737285179637e-07;0,270443295110926;0,630;0,447;1,69911000739558e-02
MGAT5B;9,46047907771611e-07;0,253440446378201;0,352;0,178;1,70146716212724e-02
PLXNA3;9,87798852683689e-07;0,309318048969684;0,441;0,264;1,77655623655161e-02
TIMP1;9,90248609425017e-07;-0,274950099531093;0,385;0,582;1,78096212405089e-02
SATB1;1,01564732877371e-06;0,268900327521048;0,330;0,163;1,82664172079952e-02
GLRA2;1,02387056437646e-06;0,260325591783038;0,304;0,139;1,84143121003106e-02
HIGD1A;1,03691625660329e-06;0,275512532059062;0,544;0,365;1,86489388750102e-02
ZMYND11;1,05360035287009e-06;0,254363247229719;0,377;0,197;1,89490023463685e-02
PPP2R2B;1,05691782376817e-06;0,308866734838693;0,409;0,240;1,90086670604705e-02
PLEKHG4B;1,06002498143212e-06;0,267276381959298;0,290;0,125;1,90645492910567e-02
TARBP1;1,07286565926790e-06;0,302871286749123;0,461;0,288;1,92954888819332e-02
CACNA1B;1,09178273098720e-06;0,262244981078072;0,292;0,130;1,96357124168049e-02
LPAR2;1,13777227679495e-06;0,280343987650476;0,363;0,192;2,04628343981572e-02
CYCS;1,13895633965030e-06;0,299021181981834;0,756;0,620;2,04841297686107e-02
VEGFB;1,14679369110945e-06;0,272601698609006;0,677;0,495;2,06250845346035e-02
DEGS1;1,16207462303859e-06;0,297248461710357;0,378;0,212;2,08999120953491e-02
CAPZA2;1,17184675904351e-06;0,258722254534745;0,408;0,226;2,10756639613975e-02
RAB14;1,17199462825500e-06;0,269110705208178;0,555;0,365;2,10783233891662e-02
MAP2K2;1,21631616027520e-06;0,277220889731367;0,654;0,486;2,18754461425494e-02
ABCA3;1,24460285183907e-06;0,326084253349528;0,527;0,370;2,23841822903257e-02
LINC00599;1,25169879739129e-06;0,262585098965164;0,256;0,101;2,25118028710824e-02
CHKA;1,25777274199187e-06;0,266079119013336;0,423;0,240;2,26210427647238e-02
CDH13;1,26524346486052e-06;0,297079490271449;0,404;0,231;2,27554037155164e-02
EFNB3;1,27484424902273e-06;-0,277904245147221;0,920;0,971;2,29280738186738e-02
STMP1;1,29075620120011e-06;0,265877235246761;0,595;0,409;2,32142502785839e-02
ITGB5;1,33424506115324e-06;0,303056168814385;0,336;0,168;2,39963974248410e-02
ARNT2;1,36265439900833e-06;0,279263840111794;0,378;0,207;2,45073393661648e-02
ATN1;1,36386401649003e-06;0,283778605753530;0,633;0,442;2,45290943365732e-02
NDUFB1;1,37966802633401e-06;0,273059462681335;0,921;0,851;2,48133294536172e-02
SNAP91;1,44356433870981e-06;0,358933188723698;0,499;0,346;2,59625046316959e-02
CRK;1,47083672978203e-06;0,284866546341170;0,372;0,202;2,64529985851299e-02
PTMS;1,49160450753159e-06;0,259314137458848;0,949;0,928;2,68265070679556e-02
NCDN;1,49183505468023e-06;0,300967576280385;0,547;0,389;2,68306534584239e-02
ENTPD6;1,52416982527903e-06;0,277818827948031;0,406;0,226;2,74121943076434e-02
PAFAH1B3;1,54363405401359e-06;0,322530538498068;0,544;0,375;2,77622584614344e-02
TNPO2;1,54371559299228e-06;0,299942570879620;0,452;0,284;2,77637249399661e-02
SPG7;1,54545461544050e-06;0,258024562486227;0,548;0,351;2,77950012586974e-02
RBM23;1,58809328977076e-06;0,267800712345185;0,442;0,264;2,85618578165270e-02
TSPAN11;1,58823049465053e-06;0,285749343350596;0,327;0,163;2,85643254462898e-02
SMIM29;1,65330987019798e-06;0,262816863410368;0,377;0,207;2,97347780155107e-02
AP3S2;1,71066749586920e-06;0,253907327612055;0,372;0,207;3,07663549132075e-02
SEPTIN9;1,71487256398691e-06;0,260325591783039;0,511;0,322;3,08419830633045e-02
TFRC;1,76052114423275e-06;0,260325591783039;0,265;0,111;3,16629727790260e-02
HCN3;1,76880802117474e-06;0,256071419763078;0,313;0,149;3,18120122608278e-02
H2AFZ;1,77092514859948e-06;0,253412157170383;0,899;0,808;3,18500887975617e-02
MTMR4;1,81115758915332e-06;0,271340034169758;0,377;0,212;3,25736692409225e-02
NUMA1;1,82313053880620e-06;0,259863707661633;0,629;0,447;3,27890027404295e-02
MAST2;1,83478062543680e-06;0,269599041706790;0,461;0,279;3,29985295484809e-02
ADNP;1,83804187949528e-06;0,260868346027764;0,511;0,322;3,30571832027226e-02
GCN1;1,88477036353993e-06;0,259110690624179;0,305;0,144;3,38975949882656e-02
PSMD4;1,91953823389556e-06;0,252985240600044;0,531;0,341;3,45228951366117e-02
RGS12;1,95334858699087e-06;0,269663456362375;0,337;0,168;3,51309743370309e-02
CKM;1,99265642548569e-06;0,384620760694229;0,501;0,356;3,58379258123602e-02
THRAP3;2,05816536059843e-06;0,261744868868373;0,360;0,192;3,70161040103628e-02
UQCRFS1;2,06212479484287e-06;0,253387876846300;0,704;0,553;3,70873144352489e-02
ARVCF;2,07508627477897e-06;0,261598370904752;0,497;0,312;3,73204266518999e-02
THBS2;2,07538131354785e-06;0,279979773401538;0,230;0,087;3,73257329241580e-02
ZNF711;2,07632380109745e-06;0,253965427003598;0,438;0,255;3,73426835627376e-02
IRGQ;2,11488215441353e-06;0,265780021875147;0,416;0,240;3,80361555471273e-02
HIGD2A;2,12156576762668e-06;0,284345715828601;0,525;0,341;3,81563603307658e-02
DNAJC5;2,14575936948749e-06;0,277744906136169;0,604;0,418;3,85914822602325e-02
NDUFB6;2,16762344626347e-06;0,271156361254810;0,682;0,519;3,89847076810485e-02
PANK3;2,25533809811307e-06;0,308067868759172;0,451;0,293;4,05622556945635e-02
SERINC1;2,25818621440132e-06;0,316518247986483;0,894;0,889;4,06134790660077e-02
FNBP1L;2,26378955915969e-06;0,322804303331596;0,575;0,418;4,07142552214870e-02
SCAMP3;2,27626074190786e-06;0,278142656566644;0,448;0,274;4,09385494432129e-02
ELAVL4;2,34757418392177e-06;0,302262864595614;0,400;0,226;4,22211216978330e-02
VTA1;2,38494386458275e-06;0,268406545106006;0,408;0,240;4,28932154045208e-02
UBE2H;2,40806890304367e-06;0,268101219744558;0,536;0,361;4,33091192212404e-02
UBE2E3;2,41589657506169e-06;0,284557671662069;0,774;0,673;4,34498999024844e-02
FIBP;2,43135484632523e-06;0,289652263052550;0,439;0,269;4,37279169111592e-02
NORAD;2,49480592390959e-06;0,259232226788767;0,879;0,822;4,48690845415140e-02
FAM32A;2,51899791489230e-06;0,269759408944026;0,483;0,312;4,53041774993380e-02
ATL1;2,53030305089497e-06;0,268204885212625;0,335;0,173;4,55075003703461e-02
UBE2I;2,53356931781232e-06;0,276732660380444;0,535;0,361;4,55662441808546e-02
TCF12;2,53445230432170e-06;0,299364948239924;0,379;0,221;4,55821246932257e-02
MAPK8;2,53834607047414e-06;0,251887303252109;0,386;0,216;4,56521540774774e-02
HOXA10;2,54091128085775e-06;0,393452021794286;0,478;0,341;4,56982893862267e-02
CAND1;2,56751601580384e-06;0,304281001987773;0,491;0,317;4,61767755442321e-02
ID4;2,61526002405943e-06;-0,306312920023865;0,795;0,889;4,70354515327088e-02
CCT7;2,69563812488659e-06;0,275298098719199;0,684;0,534;4,84810516760853e-02
MRPS6;2,73559515133404e-06;0,275403484597895;0,523;0,346;4,91996787967427e-02
PLPPR2;2,74849302808927e-06;0,269549246811896;0,561;0,365;4,94316471101855e-02
COX4I1;2,80244736494659e-06;0,269418495831879;0,973;0,942;5,04020158585644e-02
EZR;2,83462288943360e-06;0,335260496758064;0,525;0,356;5,09806926664633e-02
MYO5A;2,84100485108709e-06;0,289706615155365;0,443;0,279;5,10954722468013e-02
DBNDD2;2,95088336647815e-06;0,303539126226202;0,461;0,288;5,30716373461095e-02
BRSK2;3,07037133146726e-06;0,256374679810454;0,304;0,149;5,52206283964386e-02
GDAP1L1;3,08849223291388e-06;0,285566915809159;0,425;0,255;5,55465328089561e-02
MORF4L1;3,10860460627658e-06;0,268644205076214;0,933;0,894;5,59082538438843e-02
ARHGEF7;3,14457343049461e-06;0,293695898868965;0,506;0,346;5,65551531474456e-02
HP1BP3;3,15873976850516e-06;0,250552443363610;0,611;0,442;5,68099347365653e-02
MYCBP2;3,21185476833672e-06;0,302978992086372;0,444;0,284;5,77652080085359e-02
MIR100HG;3,27551234704238e-06;0,294538125001404;0,542;0,389;5,89100895615571e-02
FAM181B;3,31701576233534e-06;0,288177960221963;0,339;0,178;5,96565284856012e-02
UPF3A;3,34795988669003e-06;0,299891665107278;0,444;0,284;6,02130585621202e-02
DDX1;3,36215088593223e-06;0,268328516882199;0,477;0,312;6,04682836834912e-02
SDHA;3,40606251148984e-06;0,262657409069226;0,445;0,279;6,12580342691448e-02
ITSN1;3,42599972213102e-06;0,292747069475416;0,486;0,317;6,16166050025264e-02
PSMA6;3,43936808029153e-06;0,259164468951035;0,615;0,442;6,18570349240432e-02
TMEM130;3,44891917899974e-06;0,305686125182914;0,545;0,389;6,20288114343103e-02
CHGA;3,47332857978316e-06;0,321849861419676;0,382;0,226;6,24678145074002e-02
CACNA1A;3,52155617199754e-06;0,251270433499257;0,310;0,154;6,33351877533757e-02
DIPK1B;3,57904383621481e-06;0,254831739641569;0,485;0,312;6,43691033943233e-02
CARHSP1;3,58815861459040e-06;0,279092045415945;0,436;0,274;6,45330326834083e-02
CCT2;3,59950487663254e-06;0,273626186330670;0,580;0,404;6,47370952062361e-02
PLEKHB2;3,67481864813888e-06;0,292747069475416;0,485;0,312;6,60916133867777e-02
DDX24;3,71101552760083e-06;0,267642444006385;0,683;0,495;6,67426142639010e-02
BEX5;3,74186179587995e-06;0,360557853265038;0,489;0,327;6,72973843989010e-02
PCBP1;3,75539124221058e-06;0,260934067136170;0,795;0,688;6,75407114911574e-02
CEP170;3,77778320206460e-06;0,265980159912631;0,409;0,240;6,79434308891318e-02
NOL7;3,80750038498291e-06;0,268230789868385;0,406;0,236;6,84778944239176e-02
CSPG5;3,84424508509605e-06;0,267155355572675;0,411;0,245;6,91387478554525e-02
PITPNA;3,85960477461618e-06;0,289043100711997;0,541;0,389;6,94149918714720e-02
UBE2S;4,06205587349387e-06;0,271011139824121;0,543;0,370;7,30560748847872e-02
MYEF2;4,06689614415202e-06;0,308177110045022;0,428;0,264;7,31431271525741e-02
POLR2G;4,07872668446687e-06;0,255380217010931;0,612;0,438;7,33558994201367e-02
EIF5;4,11226169628299e-06;0,284108151201543;0,612;0,442;7,39590266076496e-02
LAMA1;4,13342230516768e-06;0,331725237572356;0,287;0,139;7,43396001584407e-02
AARS;4,19053774030735e-06;0,306375868920950;0,497;0,341;7,53668212594276e-02
PIP5K1C;4,22789292028504e-06;0,301116607326526;0,424;0,264;7,60386541713264e-02
DENND5A;4,23957253674962e-06;0,255528289618295;0,390;0,221;7,62487120734420e-02
NOTCH1;4,25740600864137e-06;0,278787127630576;0,376;0,212;7,65694470654151e-02
ITGB8;4,32632734602808e-06;0,291606148070846;0,333;0,178;7,78089973183150e-02
ANAPC5;4,42947267010973e-06;0,255092176796186;0,483;0,308;7,96640659719234e-02
CHD2;4,54006140478813e-06;0,256221193450302;0,483;0,312;8,16530043651145e-02
RALY;4,63524947079827e-06;0,271213907925775;0,582;0,413;8,33649617323069e-02
CAMSAP1;4,64584463541696e-06;0,272672629312376;0,415;0,250;8,35555157679741e-02
CNTFR;4,73489485992497e-06;0,277594844242869;0,413;0,255;8,51570840557506e-02
CASK;4,74969984372085e-06;0,288994934614308;0,509;0,341;8,54233516893196e-02
SEPTIN2;4,75442191482876e-06;0,278087351582225;0,801;0,697;8,55082781381953e-02
ATP6V0C;4,76277751023008e-06;0,290829866481125;0,933;0,918;8,56585535214880e-02
TBCD;4,99156753405348e-06;0,257546037676626;0,503;0,327;8,97733420999518e-02
PTCD3;5,01496905599026e-06;0,265736116914907;0,323;0,168;9,01942184719848e-02
IRF2BP2;5,10798464254839e-06;0,252322015290619;0,504;0,322;9,18671037962328e-02
NDRG3;5,12585650972337e-06;0,284987646017308;0,385;0,231;9,21885293273749e-02
AMZ2;5,33683283758002e-06;0,269917569406628;0,484;0,317;9,59829385838767e-02
RANGAP1;5,35453734741701e-06;0,253190181973188;0,438;0,269;9,63013541932950e-02
SH3GLB1;5,43924733896411e-06;0,259533927491138;0,470;0,308;9,78248633912696e-02
DAPK1;5,50693208632626e-06;0,270465622099410;0,372;0,212;9,90421735725778e-02
FAAP100;5,58137603584165e-06;0,266375671855287;0,390;0,226;1,00381048004612e-01
NDUFA6;5,62201252107946e-06;0,263525033511804;0,733;0,630;1,01111895191614e-01
DAAM1;5,89674170907405e-06;0,261425458452829;0,494;0,317;1,06052899637697e-01
ODC1;5,90382764259745e-06;0,254611940588645;0,698;0,558;1,06180340152115e-01
NPTXR;5,92501400699608e-06;0,286368156912711;0,417;0,260;1,06561376915825e-01
"NAV1";6,06393517557480e-06;0,258944361384678;0,456;0,288;1,09059874132713e-01
RPS18;6,20191635110821e-06;-0,280122054383587;1,000;1,000;1,11541465574681e-01
PLXNB1;6,21360494684678e-06;0,293648472216948;0,539;0,389;1,11751684969039e-01
PXN;6,42639924488740e-06;0,251270433499257;0,312;0,159;1,15578790419300e-01
TSPYL4;6,57033925915859e-06;0,264156140585373;0,399;0,245;1,18167551575967e-01
RBFOX2;6,85360686875321e-06;0,310941768637474;0,787;0,721;1,23262119534526e-01
GPS1;7,20545773869594e-06;0,264609312973237;0,549;0,380;1,29590157430447e-01
TRIM24;7,31115498469460e-06;0,259796647674129;0,333;0,183;1,31491122399732e-01
ARGLU1;7,48719210214873e-06;0,253258779594441;0,714;0,567;1,34657149957145e-01
"NAPA";7,71185997050150e-06;0,270690148602219;0,485;0,332;1,38697801569469e-01
NUDCD3;7,97581437622814e-06;0,253824025841083;0,419;0,250;1,43445021556463e-01
FRMD4A;8,04457738144543e-06;0,259706807711408;0,397;0,240;1,44681724205296e-01
BCAP31;8,17192341239965e-06;0,261568758633670;0,473;0,317;1,46972042572008e-01
CDO1;8,32351297077280e-06;0,298303026435360;0,496;0,327;1,49698380779349e-01
NUDT3;8,42171014557617e-06;0,275512532059062;0,529;0,361;1,51464456968187e-01
SOX9;8,67016004365274e-06;0,266384798677501;0,287;0,139;1,55932828385094e-01
TPM3;8,71676473264740e-06;0,251172856621874;0,629;0,462;1,56771013716663e-01
CHGB;9,00853928807704e-06;0,307102362452486;0,444;0,284;1,62018579096066e-01
MTFR1L;9,09257063726639e-06;0,264083311223273;0,491;0,322;1,63529882911236e-01
PNMA1;9,27019690243902e-06;0,270978077105325;0,703;0,553;1,66724491290366e-01
TPM1;9,55993785913200e-06;0,292747069475416;0,709;0,625;1,71935482396489e-01
FGFR3;1,00051209472921e-05;0,251291072765656;0,249;0,111;1,79942100237049e-01
DDAH1;1,00307907105395e-05;0,274849864948859;0,471;0,312;1,80403770929053e-01
LINC01963;1,02379639293237e-05;0,254954745637398;0,371;0,216;1,84129781268886e-01
ACTL6B;1,09264095766469e-05;0,266274858114225;0,338;0,188;1,96511476235994e-01
APCDD1;1,09950057086658e-05;0,308122295362332;0,408;0,260;1,97745177670355e-01
FGF13;1,10210159663392e-05;0,275121398793581;0,424;0,274;1,98212972154610e-01
AUXG01000058.1;1,10751249891955e-05;0,310668977472679;0,541;0,385;1,99186122930682e-01
LRRN1;1,13712805062542e-05;0,255506881884049;0,360;0,207;2,04512479904983e-01
ANKRD13D;1,17059215756921e-05;0,280460025376070;0,441;0,288;2,10530999538822e-01
HS6ST2;1,17870348808804e-05;0,317293367783930;0,551;0,413;2,11989822332635e-01
STX12;1,22746208114747e-05;0,254611940588645;0,430;0,279;2,20759055294372e-01
MAP1A;1,23925762182567e-05;0,279987838760075;0,519;0,365;2,22880483285346e-01
ACTA1;1,26058662878244e-05;0,378772618718826;0,538;0,418;2,26716505186522e-01
L1CAM;1,26318220499423e-05;0,387423769013858;0,538;0,399;2,27183319568212e-01
FABP5;1,26712819781686e-05;0,309620888039812;0,541;0,394;2,27893006377362e-01
CENPX;1,26739045282790e-05;0,279127460186288;0,475;0,312;2,27940172941099e-01
ATXN7L3B;1,28048742697553e-05;0,268809014818661;0,538;0,394;2,30295663741549e-01
PHGDH;1,31704394723811e-05;0,310437646590937;0,492;0,341;2,36870353910774e-01
SCARB2;1,35528059607734e-05;0,257421030622984;0,600;0,447;2,43747215204510e-01
TTL;1,39851015958649e-05;0,253006973499143;0,379;0,231;2,51522052201631e-01
NOVA1;1,40123113204176e-05;0,296236055555296;0,677;0,529;2,52011419097711e-01
RNF130;1,45402384612408e-05;0,258457420539940;0,431;0,274;2,61506188725417e-01
WDR82;1,46903541369762e-05;0,252389331859275;0,541;0,370;2,64206019153517e-01
AKAP12;1,50873168750081e-05;0,281041568823137;0,469;0,312;2,71345393997022e-01
TP53BP1;1,53583256513157e-05;0,253010208281278;0,607;0,457;2,76219486838913e-01
SLC9A6;1,55717006026349e-05;0,255243710444683;0,383;0,231;2,80057035338389e-01
MLLT1;1,60721541748068e-05;0,295218143515263;0,621;0,495;2,89057692833900e-01
MFSD10;1,82205515748247e-05;0,278503138133214;0,450;0,303;3,27696620073223e-01
DCXR;1,83567875053891e-05;0,262151992272347;0,494;0,341;3,30146823284423e-01
PRPF31;1,86691442038662e-05;0,253977499310841;0,373;0,221;3,35764558506533e-01
ANAPC11;1,86814514615080e-05;0,260479882467201;0,770;0,668;3,35985904535222e-01
TCTEX1D2;1,87181835162470e-05;0,273081776826785;0,538;0,394;3,36646530539702e-01
YARS;1,88717313146185e-05;0,287930053177640;0,504;0,375;3,39408087693414e-01
XRCC5;1,91802793346515e-05;0,254883506714790;0,587;0,442;3,44957323833707e-01
COPZ1;1,94435320459504e-05;0,250138464009337;0,558;0,394;3,49691923846417e-01
ITM2C;1,98769134067318e-05;-0,351448139227173;0,801;0,885;3,57486287620072e-01
H1FX;2,04988277192321e-05;0,261145072089587;0,832;0,721;3,68671416530389e-01
DAZAP2;2,08769903499130e-05;0,252216485699402;0,466;0,312;3,75472671443186e-01
C14orf132;2,08812831628960e-05;0,277150214424398;0,424;0,269;3,75549877684684e-01
KIAA1191;2,09118430891302e-05;0,262734500408976;0,415;0,269;3,76099497958006e-01
RELN;2,12119079976207e-05;-0,256322938243110;0,349;0,495;3,81496165337208e-01
MTURN;2,16847385984063e-05;0,255999666380248;0,558;0,385;3,90000023692337e-01
CSNK2B;2,21657762373670e-05;-0,264213413318563;0,544;0,678;3,98651485629045e-01
MLF2;2,22651705026555e-05;0,271713369603219;0,813;0,721;4,00439091490259e-01
TMBIM6;2,27236472119814e-05;0,262050272252500;0,817;0,726;4,08684795107485e-01
RNPS1;2,41068788437081e-05;0,259293673761603;0,816;0,702;4,33562216004090e-01
PODXL2;2,42614581110432e-05;0,298362236578541;0,594;0,447;4,36342324127112e-01
ANKRD11;2,53655574629640e-05;0,254329842812112;0,404;0,255;4,56199550971408e-01
SYT16;2,62313507584872e-05;-0,301865601279459;0,199;0,317;4,71770843391393e-01
RBP1;2,63310059584369e-05;0,325026051731766;0,773;0,697;4,73563142162487e-01
C9orf16;2,65542298354345e-05;0,253675281758722;0,814;0,745;4,77577823590289e-01
ARL4C;2,71280668560588e-05;0,270461524575794;0,413;0,269;4,87898282406217e-01
ACTR10;2,90631443873951e-05;0,252854342351903;0,523;0,365;5,22700651807302e-01
SPINT2;2,94566745651679e-05;0,285281619228850;0,495;0,356;5,29778292054544e-01
BUD31;3,03115106664571e-05;0,250063607603106;0,478;0,327;5,45152519336232e-01
SCAMP5;3,07686303980626e-05;0,306209329281979;0,503;0,365;5,53373817709156e-01
"NAP1L5";3,08987736992502e-05;0,295688344787539;0,449;0,308;5,55714444981015e-01
ZSWIM8;3,09209572554758e-05;0,267956032907416;0,403;0,264;5,56113416239733e-01
CLIP2;3,09427620586086e-05;0,275840293480530;0,511;0,385;5,56505575624075e-01
SUPT5H;3,10954318036400e-05;0,253473575891135;0,429;0,274;5,59251340988465e-01
SLIT2;3,16087009144493e-05;0,344277370115498;0,485;0,351;5,68482485946371e-01
NUDT4;3,19502556809048e-05;0,250766763358194;0,359;0,207;5,74625348421073e-01
"NAP1L1";3,27538070696911e-05;-0,283171674594931;0,786;0,870;5,89077220148394e-01
DNAJA1;3,31556701948591e-05;0,262299453140185;0,828;0,784;5,96304728454542e-01
DEAF1;3,48810464610430e-05;0,252271380297358;0,578;0,442;6,27335620601858e-01
MATN2;3,53293167795772e-05;0,310187517417855;0,438;0,293;6,35397762280696e-01
LIN7C;3,53390272132928e-05;0,271387177570470;0,505;0,361;6,35572404431070e-01
PDCD6;3,56239170047604e-05;0,254968606809418;0,552;0,404;6,40696147330615e-01
IMMP1L;3,59062964836339e-05;0,264486688523760;0,485;0,341;6,45774742258157e-01
KAZN;3,67007384772944e-05;0,263157907654999;0,367;0,221;6,60062781514139e-01
TTC19;3,67120795643800e-05;0,258944361384678;0,452;0,308;6,60266750965374e-01
SOGA1;3,71091999850637e-05;0,251709563490696;0,383;0,240;6,67408961731371e-01
CCDC184;3,73569415879221e-05;0,268123282506594;0,355;0,221;6,71864594458779e-01
HERC1;3,95784379994187e-05;0,250489382013709;0,445;0,303;7,11818207419544e-01
MAGEH1;4,08461492201168e-05;0,258395564684639;0,446;0,293;7,34617993723801e-01
PREPL;4,52561075400134e-05;0,258572468524828;0,658;0,510;8,13931094107141e-01
FSD1;4,67821394698270e-05;0,285642682775466;0,436;0,293;8,41376778364839e-01
ENO2;4,81063960167127e-05;0,333852272805089;0,889;0,851;8,65193532360578e-01
PRRT2;5,05416927361892e-05;0,270804516594739;0,367;0,231;9,08992343860362e-01
SEC11C;5,10250187659061e-05;0,268426528969274;0,552;0,404;9,17684962504821e-01
ATP6V1E1;5,14255267513035e-05;0,288945499315560;0,494;0,375;9,24888098622194e-01
SELENON;5,39591223108324e-05;0,289829586093122;0,483;0,356;9,70454814760321e-01
NR2F1;5,52146288272355e-05;0,252441534382787;0,636;0,481;9,93035099457830e-01
ELMOD1;5,87657391513456e-05;0,280719985459821;0,362;0,226;1,00000000000000e+00
ZCCHC12;6,17386740932907e-05;0,250788671501317;0,453;0,303;1,00000000000000e+00
STAU2;6,24005645219540e-05;0,282762980902794;0,456;0,327;1,00000000000000e+00
RNF44;6,34366879913156e-05;0,251689861190230;0,412;0,274;1,00000000000000e+00
GNAO1;6,39564137546776e-05;0,282141969116423;0,569;0,423;1,00000000000000e+00
PPFIA2;6,52173805073156e-05;0,267863073539121;0,380;0,245;1,00000000000000e+00
PIGQ;6,57433620081582e-05;0,268155081293024;0,428;0,288;1,00000000000000e+00
ATP1A2;7,04432983853286e-05;0,269248568413468;0,576;0,423;1,00000000000000e+00
NLRP1;7,13782964399181e-05;-0,289686604935001;0,554;0,654;1,00000000000000e+00
SLC3A2;7,38488772176463e-05;0,258954358959534;0,512;0,370;1,00000000000000e+00
ATP6V1H;7,38912382669858e-05;0,252654578430109;0,395;0,264;1,00000000000000e+00
PTPRN;8,04873105453693e-05;0,268774243793386;0,373;0,245;1,00000000000000e+00
THY1;8,76312832440149e-05;0,258287598732043;0,510;0,380;1,00000000000000e+00
ATP13A2;8,76638719085111e-05;0,257061679952891;0,574;0,428;1,00000000000000e+00
SPARC;9,40697372922260e-05;0,446473020135113;0,912;0,966;1,00000000000000e+00
HOXA5;9,42306175475501e-05;0,325168547167793;0,475;0,351;1,00000000000000e+00
FGFR2;9,88823526254294e-05;0,270212884418767;0,360;0,221;1,00000000000000e+00
DDIT4;1,02414393822696e-04;-0,290439806355889;0,358;0,486;1,00000000000000e+00
DDR1;1,02761675761859e-04;0,293990236326048;0,743;0,635;1,00000000000000e+00
ITFG1;1,03904016014456e-04;0,262845583761554;0,511;0,380;1,00000000000000e+00
ATP6V1A;1,04231308921142e-04;0,271478452721765;0,538;0,418;1,00000000000000e+00
C5orf49;1,19302055531508e-04;0,272911887890152;0,290;0,163;1,00000000000000e+00
DNAJC6;1,25493634268910e-04;0,258030864019317;0,419;0,288;1,00000000000000e+00
SEMA6D;1,28430960785942e-04;0,251874788059888;0,572;0,438;1,00000000000000e+00
PTPN5;1,36647675326680e-04;0,252247707195663;0,418;0,284;1,00000000000000e+00
NRXN2;1,38507495844918e-04;0,279242805125668;0,506;0,380;1,00000000000000e+00
VIPR2;1,41003556748934e-04;0,287353810705198;0,352;0,226;1,00000000000000e+00
PSIP1;1,43569125862626e-04;0,254611940588645;0,477;0,351;1,00000000000000e+00
MT-CO2;1,52610197875026e-04;-0,277309678054768;1,000;1,000;1,00000000000000e+00
SYN1;1,65770118528067e-04;0,295367769634551;0,505;0,375;1,00000000000000e+00
SERPINI1;1,69120042226402e-04;0,253372831141272;0,326;0,202;1,00000000000000e+00
PLPP3;1,74548533926827e-04;0,273666327909711;0,371;0,250;1,00000000000000e+00
IFI27L2;1,92931926242425e-04;0,260905802947460;0,541;0,413;1,00000000000000e+00
ZIC2;2,09952252087408e-04;0,263814577862919;0,627;0,505;1,00000000000000e+00
SRSF7;2,18328854897674e-04;0,251755949473112;0,491;0,385;1,00000000000000e+00
GNG3;2,20411261005213e-04;0,255839780350687;0,585;0,466;1,00000000000000e+00
PREX1;2,65578297346168e-04;0,257581468307840;0,458;0,337;1,00000000000000e+00
GTF3C6;2,74731675045547e-04;0,250478596597352;0,409;0,284;1,00000000000000e+00
STX1B;2,99332195812587e-04;0,254400757825933;0,470;0,346;1,00000000000000e+00
ADCY2;3,35354141121039e-04;0,253502752297339;0,625;0,500;1,00000000000000e+00
SYT13;3,38701518852078e-04;0,304349381021408;0,483;0,370;1,00000000000000e+00
OLFM1;3,69681643556787e-04;0,297134386716355;0,777;0,663;1,00000000000000e+00
ADD2;3,85677488912309e-04;0,251671126472500;0,561;0,447;1,00000000000000e+00
PLOD1;5,00956708681697e-04;-0,261653453105826;0,351;0,466;1,00000000000000e+00
GDF10;5,91855414988351e-04;0,346518325916397;0,432;0,317;1,00000000000000e+00
PGM2L1;8,83491802131826e-04;0,250926893780789;0,503;0,380;1,00000000000000e+00
MYH8;9,32957668193585e-04;0,304045766801659;0,634;0,596;1,00000000000000e+00
PRCP;1,10381587930094e-03;0,258502856176221;0,506;0,413;1,00000000000000e+00
COL1A1;1,23390729074661e-03;0,656239175504206;0,790;0,822;1,00000000000000e+00
PPP1R1B;1,61946710424845e-03;-0,311349182184891;0,404;0,500;1,00000000000000e+00
TNNT1;1,66359469276690e-03;0,295538933028618;0,635;0,601;1,00000000000000e+00
ATP1B1;1,91743218968853e-03;0,254959544886391;0,876;0,865;1,00000000000000e+00
B2M;2,90700772312554e-03;0,271578478030915;0,563;0,466;1,00000000000000e+00
MYLPF;3,52287615336025e-03;0,335012796452426;0,963;0,976;1,00000000000000e+00
ALDOC;3,61325354671505e-03;0,279933876408188;0,614;0,514;1,00000000000000e+00
MYH3;3,70334828829873e-03;0,283058013306982;0,846;0,856;1,00000000000000e+00
ACTC1;4,04861899847579e-03;0,322128719695598;0,932;0,923;1,00000000000000e+00
SPARCL1;4,49225097731529e-03;0,320366256330044;0,882;0,928;1,00000000000000e+00
MT-CO3;4,70607519622260e-03;-0,275728602838902;1,000;1,000;1,00000000000000e+00
LINC00632;1,20968108654593e-02;-0,294873144691652;0,415;0,486;1,00000000000000e+00
TNNC2;2,24521268047325e-02;0,316443161918772;0,762;0,793;1,00000000000000e+00
NFIA;3,49594029988894e-02;-0,262693061279974;0,459;0,505;1,00000000000000e+00
COL6A3;6,96876172544446e-02;0,337141188833870;0,517;0,514;1,00000000000000e+00
NEFL;8,99846621450397e-02;0,264983793304868;0,843;0,889;1,00000000000000e+00
COL3A1;4,20462779446293e-01;0,468537776817247;0,918;0,976;1,00000000000000e+00
