gene,p_val,avg_log2FC,pct.1,pct.2,p_val_adj
C1orf61,3.157279192399162e-72,1.9248755228008416,0.922,0.303,5.678366627529893e-68
SFRP2,1.5193795717589341e-59,-1.388648836872744,0.397,0.938,2.732604159808443e-55
DBI,4.068481101936797e-46,1.2672556418116432,0.878,0.418,7.31716326183333e-42
PTN,4.1134100744007725e-46,1.4980737255257837,0.988,0.899,7.39796801880979e-42
HMGCS1,2.0302035414337087e-42,1.2025585681837545,0.96,0.731,3.651321069268525e-38
TUBB2B,3.826055839711138e-42,1.030729720462657,1,0.986,6.881161427720482e-38
SCD,6.429702053160205e-40,0.9055346349410516,0.946,0.721,1.1563819142608629e-35
ADGRG1,1.9869168774075847e-37,1.0972423373937794,0.774,0.341,3.5734700040175414e-33
ZIC1,2.7296286884803583e-37,1.0208345122951692,0.799,0.361,4.9092371962319246e-33
JPT1,4.863113282044859e-37,0.8958101030338894,0.951,0.827,8.74630923775768e-33
MARCKSL1,6.600595317270678e-35,0.8046049287395267,0.987,0.938,1.1871170678111314e-30
DCX,5.057233552940841e-34,1.1058055500338098,0.787,0.399,9.095434544964103e-30
ENC1,1.1429118405976583e-33,0.8379176103402768,0.913,0.596,2.0555269453148885e-29
TUBA1A,1.4148735878208607e-33,0.8661258836015291,1,1,2.544650147695818e-29
EMC10,8.337471197139816e-33,0.7655518122765518,0.809,0.413,1.4994941948055959e-28
ACTB,3.5801717020711645e-31,0.6262506612215177,1,1,6.438938806174989e-27
SEPTIN3,6.536242521212189e-31,0.9413928606548356,0.849,0.562,1.1755432174400122e-26
TTYH1,1.279699562401212e-30,0.8922091398916874,0.714,0.284,2.3015396629785797e-26
TUBB2A,1.4064166026456057e-30,0.9126925484015276,0.995,0.986,2.5294402598581218e-26
PLCG2,1.5383339492212883e-30,-0.9829715100156751,0.326,0.731,2.766693607674487e-26
DPYSL3,2.9526287004836492e-30,0.7473420309742158,0.979,0.923,5.310302717819843e-26
DKK1,1.1885991883061391e-29,-0.6176641363118865,0.099,0.409,2.1376956401685914e-25
UCHL1,1.72684679434804e-29,0.8781851578194346,0.989,0.962,3.1057339596349498e-25
CALM1,3.6030443719607784e-29,0.6703324886998816,0.989,0.952,6.48007530297146e-25
PEA15,3.1650443401769602e-28,0.7647348599798063,0.887,0.577,5.692332245808263e-24
FEZ1,9.467985243917906e-28,0.7432931044163134,0.731,0.356,1.7028171461186355e-23
HOXB8,1.0232001296516544e-27,1.0256334101013653,0.581,0.178,1.8402254331785004e-23
CRMP1,1.8334522265051713e-27,0.9929436260328877,0.939,0.788,3.2974638293695505e-23
MAP2,2.5085044947175334e-27,0.8674326293186851,0.885,0.543,4.511545333749484e-23
SLC1A3,4.592069325527724e-27,0.9332792580146183,0.668,0.269,8.258836681961611e-23
LDHA,1.7219180180452397e-26,-0.8779030865641635,0.377,0.731,3.096869555454364e-22
HES6,1.980116475238002e-26,0.7351051747537716,0.64,0.221,3.5612394807155466e-22
RBFOX1,2.6036741766528677e-26,0.7987267285661372,0.496,0.096,4.682708006710182e-22
SOX4,2.824942439945836e-26,0.7787338403906605,0.823,0.471,5.080658978242586e-22
LINC00461,3.356472611094901e-26,0.7706598429883513,0.644,0.269,6.03661599105418e-22
HOPX,1.5414018627527858e-25,0.988236027665463,0.547,0.159,2.7722112501608852e-21
SYT11,3.025593751895079e-25,0.7236132698355127,0.658,0.293,5.4415303627833e-21
GNB1,7.75292407209888e-25,0.6479437274038857,0.961,0.88,1.3943633943669837e-20
DNER,8.1006264181192695e-25,0.7634100193812883,0.859,0.591,1.4568976612987507e-20
RTN4,8.701894255613949e-25,0.6280892809313072,0.976,0.928,1.5650356818721687e-20
GFAP,1.6667965017635607e-24,1.4134935366973715,0.935,0.832,2.997733508421764e-20
GPM6A,2.302724141366882e-24,0.7042665557228838,0.774,0.428,4.141449368248338e-20
NFIB,9.324063566888849e-24,0.6857663628790092,0.615,0.221,1.6769328325049595e-19
DCLK2,1.459064757691175e-23,0.6828933932125493,0.611,0.25,2.624127966707578e-19
SAMD11,1.510571403467735e-23,-0.8329211532759646,0.337,0.659,2.7167626691367215e-19
TMSB4X,1.8625450257632423e-23,0.500773547529306,1,1,3.3497872288351914e-19
ACTG1,2.3219358585614253e-23,0.509081521686733,1,1,4.1760016416227234e-19
NDUFA4,2.4601224829525882e-23,0.5543895841825379,0.994,0.976,4.42453028559023e-19
CD24,3.415258525502927e-23,0.8156963824414454,0.89,0.692,6.142342458117013e-19
H3F3B,6.783312110535534e-23,0.5330151356001278,1,0.971,1.2199786830798157e-18
CKB,7.005674198200025e-23,0.6149904730824005,0.993,0.981,1.2599705045462745e-18
MSMO1,7.321929790272027e-23,0.7069152134758357,0.731,0.404,1.3168490727804242e-18
FABP7,8.050155676466547e-23,0.6828933932125489,0.815,0.486,1.4478204984125084e-18
DDX5,1.1509220890150133e-22,0.5847548734379473,0.976,0.918,2.0699333770935014e-18
ACLY,2.0768751362493255e-22,0.6593900194217761,0.749,0.413,3.735259932544412e-18
GLUD1,5.113023814849257e-22,0.6242612131919765,0.64,0.269,9.195773331006388e-18
FDFT1,5.8934781025343365e-22,0.5949453845132624,0.722,0.385,1.0599420367408004e-17
PEBP1,6.579003629228377e-22,0.612025585948829,0.968,0.909,1.1832338027167237e-17
SDC3,1.7772697253830565e-21,0.6223326682178159,0.908,0.663,3.196419601101427e-17
COX6C,1.899517627736277e-21,0.508334312906749,0.988,0.947,3.4162824534836944e-17
ALDH1A2,2.21353873585892e-21,-0.25395138537953155,0.02,0.183,3.9810494164422675e-17
TMEM161B-AS1,2.5488490774012523e-21,0.6573195017712721,0.631,0.279,4.5841050657061524e-17
GPM6B,2.909721414965214e-21,0.7095010413432814,0.792,0.476,5.233133964814937e-17
MVD,2.995232091523816e-21,0.7892056032167659,0.709,0.418,5.386924916605583e-17
NREP,4.3031034382308355e-21,0.5569360932507017,0.998,0.995,7.739131533658158e-17
YWHAZ,5.7825542036662156e-21,0.5606341372705064,0.981,0.938,1.0399923735293689e-16
NGRN,1.781096505412345e-20,0.6084865362523084,0.932,0.784,3.203302064984102e-16
ATP5F1E,2.005138268335645e-20,0.44994942310635633,0.998,0.995,3.6062411756016576e-16
NDFIP1,2.1008242695547896e-20,0.5557814753092098,0.945,0.793,3.778332448794289e-16
PPP2R1A,2.535374430828168e-20,0.5472267147187038,0.948,0.899,4.55987091384446e-16
HSP90AA1,2.7674926246735265e-20,0.5436360454471205,0.987,0.952,4.977335485475338e-16
MYL6,2.7957953111838514e-20,0.4552001179428453,0.999,0.995,5.0282378671641565e-16
BEX3,3.3262019807380425e-20,0.5246882177841212,0.994,0.986,5.98217426235737e-16
NDUFA1,3.715873666274737e-20,0.5249754285280355,0.929,0.793,6.682998788795115e-16
LSS,4.2226752151247666e-20,0.5789161464290831,0.653,0.303,7.594481374401892e-16
S100B,4.2283760609196015e-20,0.8106501141472235,0.462,0.115,7.604734345563904e-16
GTF2I,4.886613605447826e-20,0.5311845659319021,0.974,0.938,8.788574569397915e-16
MGST1,5.073698030192033e-20,0.7758388083977282,0.528,0.178,9.125045907300372e-16
CHL1,6.675137287872341e-20,0.6277313171882246,0.753,0.476,1.2005234412238404e-15
MIAT,8.25436850177607e-20,0.7648672625501293,0.737,0.452,1.484548175044426e-15
IDI1,9.000172160474069e-20,0.6074680047697261,0.645,0.322,1.6186809630612613e-15
AL627171.2,9.189842894041466e-20,-0.6312575469969502,0.285,0.596,1.6527932444933576e-15
MAL,1.1843398356478855e-19,-0.2889026972049045,0.027,0.192,2.130035194412722e-15
PFN2,2.0533674968018048e-19,0.5437310522389165,0.946,0.822,3.692981442998046e-15
CNTN1,2.3353277079123987e-19,0.6245572306793243,0.731,0.452,4.200086882680449e-15
CFL1,2.804150797131843e-19,0.47030322682523673,0.995,0.986,5.043265208641619e-15
COX6A1,2.929174050801457e-19,0.4892860635223033,0.986,0.947,5.26811953036642e-15
NTRK2,3.115768577690015e-19,0.6905626467746722,0.821,0.505,5.603709786975492e-15
HOXB3,3.3601766646375855e-19,0.5630739678755656,0.62,0.288,6.043277731350697e-15
GDI1,4.3308492324766266e-19,0.5453242031336631,0.952,0.837,7.789032344609213e-15
SREBF2,4.875827529718122e-19,0.5717637738510654,0.823,0.572,8.769175812198043e-15
YWHAQ,8.20258412115732e-19,0.5456905822073543,0.975,0.942,1.4752347541901442e-14
BEX1,1.215229353063824e-18,0.6723868265342303,0.913,0.769,2.1855899914852873e-14
FTH1,1.3118786069001167e-18,0.3846403259475526,1,1,2.3594136745098598e-14
MAGED1,1.5261598318238923e-18,0.47698842960988097,0.963,0.942,2.7447984575352703e-14
CAMTA1,1.8285228386084187e-18,0.5369648576880904,0.783,0.476,3.288598325237241e-14
HOXB-AS3,2.170814145968878e-18,0.567618105626799,0.517,0.178,3.904209241525027e-14
KLC1,2.1777961299949862e-18,0.6024915098192032,0.916,0.784,3.9167663397959826e-14
PTPRZ1,2.4672677623488586e-18,0.6369443282038112,0.6,0.274,4.437381070584422e-14
SLIT1,2.6188076429359943e-18,0.6184338161828127,0.76,0.471,4.709925545820386e-14
TKTL1,2.939431614335299e-18,0.6947010919003485,0.336,0.034,5.286567758382035e-14
STMN1,3.38679119602976e-18,0.577476546408529,0.994,0.986,6.091143966059523e-14
TUBB3,4.119331779381296e-18,0.7936600832585661,0.92,0.798,7.40861820521726e-14
HSPA8,4.909735372242859e-18,0.4781339978362009,0.998,0.981,8.830159066978782e-14
AUTS2,5.0626669342765035e-18,0.6274424604366564,0.61,0.308,9.105206481296291e-14
ATP5ME,5.658794063058992e-18,0.4103426510238215,0.994,0.971,1.0177341122411597e-13
RTN3,6.4721410758960755e-18,0.5622965124655448,0.947,0.851,1.1640145724999093e-13
MARCKS,7.085622117141495e-18,0.4516939310142307,0.992,0.981,1.2743491377678978e-13
FADS2,8.649596622645552e-18,0.5593551581890288,0.718,0.433,1.5556299525828025e-13
TNC,9.192760102064783e-18,0.6372455759381059,0.453,0.139,1.6533179043563513e-13
SCD5,1.0849589088103339e-17,0.5855288187032619,0.716,0.442,1.9512985974953855e-13
INPP5F,1.1584771158721682e-17,0.5852075892424278,0.527,0.197,2.0835210928960945e-13
LRP4,1.621915254163042e-17,0.6541532157264882,0.462,0.149,2.917014584612231e-13
CALM2,1.7746329880490263e-17,0.5669173424358807,0.999,0.99,3.191677429006174e-13
STMN2,1.974902269560802e-17,0.8643695484944671,0.927,0.861,3.551861731805102e-13
ANK2,1.976699232257502e-17,0.50950379185508,0.914,0.76,3.555093569215117e-13
ATP5F1B,2.4003435177156958e-17,0.4741713603043085,0.974,0.933,4.3170178166116787e-13
SOX11,2.4104400771072748e-17,0.5564624736890431,0.729,0.452,4.3351764786774337e-13
COX7A2,3.0352017544743177e-17,0.45757608773626535,0.986,0.971,5.458810355422061e-13
CLSTN1,3.2462121767040485e-17,0.5169502159204622,0.926,0.774,5.838312599802231e-13
WSB2,3.4430261492595573e-17,0.594573958306269,0.669,0.385,6.192282529443314e-13
DYNC1H1,3.743900574171081e-17,0.54119815216477285,0.869,0.668,6.73340518264669e-13
SCG2,4.0765948495416076e-17,-0.5902196223323832,0.521,0.779,7.331755836900581e-13
MAP4,5.3097719888357243e-17,0.49839399315168986,0.763,0.481,9.549624921921051e-13
RUFY3,5.897759876826919e-17,0.5332699440386616,0.767,0.486,1.0607121138473214e-12
MALAT1,6.309925855582066e-17,-0.5535938780084524,0.883,0.99,1.1348401651264345e-12
DPYSL2,7.265107419361353e-17,0.5555085219376852,0.981,0.957,1.3066295693721392e-12
PPIA,8.123187224321467e-17,0.4278217242301463,0.998,0.99,1.4609552222942158e-12
FDPS,1.3129845014366076e-16,0.5244885023061503,0.717,0.438,2.3614026258337386e-12
DST,1.4016281905503016e-16,0.5964733033015558,0.794,0.505,2.520828300704717e-12
MLLT11,1.6255341929636151e-16,0.6278084366957482,0.887,0.774,2.923523246045062e-12
CLASP2,1.771756480557094e-16,0.576015959049264,0.707,0.447,3.1865040302819332e-12
SNN,1.8405547587375526e-16,0.5301144876947301,0.597,0.293,3.3102377335894885e-12
NSG2,1.8915597037918854e-16,0.7788396534829864,0.837,0.635,3.401970127269706e-12
SPTAN1,2.0278968564641362e-16,0.546836041642238,0.966,0.909,3.647172496350749e-12
PAMR1,2.2776453940668144e-16,-0.5894933420730638,0.293,0.587,4.096345241229166e-12
USP22,2.36330943199004e-16,0.49574389252337725,0.935,0.812,4.250412013434087e-12
YWHAE,2.852754003819556e-16,0.4220615116371915,0.974,0.947,5.130678075869472e-12
SST,3.027673053838482e-16,0.6452634841962014,0.337,0.053,5.44526998732851e-12
TSPAN7,3.057833781420211e-16,0.7000936678861636,0.782,0.524,5.49951405588425e-12
BLCAP,4.3534346975258315e-16,0.5207750254812968,0.86,0.668,7.829652303500208e-12
ATP5F1A,5.959368819090391e-16,0.42940691189084546,0.963,0.904,1.0717924821134068e-11
RTN1,6.832535354650697e-16,0.7004433883036922,0.948,0.909,1.2288314835339277e-11
HSBP1,7.664075871652149e-16,0.40291756192867667,0.965,0.923,1.3783840455166391e-11
SARAF,7.974766955224659e-16,0.5036784919847968,0.959,0.918,1.4342618368971549e-11
HNRNPA2B1,8.064310896821225e-16,0.4509363476495163,0.987,0.962,1.4503663147932972e-11
MAP1B,9.141647775555618e-16,0.511341937955772,0.998,1,1.6441253524336778e-11
STXBP1,9.776128652856728e-16,0.7161026571508573,0.773,0.572,1.7582367382162825e-11
HOXB9,1.0119493995917297e-15,0.5899585906272977,0.581,0.284,1.8199909951657257e-11
SELENOW,1.0412538180816356e-15,0.42247193220595314,0.993,0.986,1.8726949918198216e-11
PIP4K2B,1.1016198226532244e-15,0.5452891014915675,0.704,0.447,1.981263251041824e-11
HES4,1.1260190777281282e-15,0.5055718985175827,0.527,0.226,2.0251453112940384e-11
CAMK2N1,1.4586879744779737e-15,0.6069504565945139,0.757,0.534,2.6234503220986355e-11
C1QL1,1.94755118517616e-15,-0.5074625449690957,0.616,0.856,3.502670806539324e-11
PCBP4,2.147802510339734e-15,0.5135532399199124,0.64,0.332,3.862822814846011e-11
GAP43,2.4180300122921663e-15,0.7274091372624165,0.907,0.755,4.348826977107461e-11
APC2,2.6771954801856795e-15,0.5439721730195763,0.746,0.534,4.8149360711139447e-11
HS6ST1,3.3433560023903376e-15,0.5003832366501187,0.594,0.288,6.013025770299023e-11
VDAC3,3.507759397902403e-15,0.5035814638125127,0.689,0.413,6.308705277127471e-11
PKIA,3.562431072355936e-15,0.5849955515403635,0.837,0.673,6.407032283632151e-11
PSAP,3.694942119075486e-15,0.5025534867338863,1,0.981,6.645353401157262e-11
LMO3,3.738599635486087e-15,0.45898836828306677,0.439,0.144,6.723871444421728e-11
FHL1,3.964754189263825e-15,0.48904529466071933,0.842,0.639,7.130610409390989e-11
MT-CYB,4.432983040108992e-15,-0.7148417870650627,1,1,7.972719997636023e-11
ATXN10,4.450737334679602e-15,0.4940490095482639,0.784,0.534,8.004651096421263e-11
FASN,4.666605695612109e-15,0.5539354161438371,0.764,0.524,8.392890343558378e-11
ABAT,6.0788960159663966e-15,0.5004664264330104,0.581,0.284,1.0932894484715564e-10
STMN4,6.211957585851226e-15,0.6144092052799182,0.757,0.495,1.117220571815343e-10
VCP,6.406376886711606e-15,0.42875943542759765,0.746,0.462,1.1521868830750824e-10
CHD3,6.4393458466876945e-15,0.5109592776999854,0.667,0.399,1.1581163505267819e-10
UQCRQ,6.767582331706495e-15,0.41295484696724416,0.987,0.962,1.2171496823574132e-10
SRP9,7.937377993470452e-15,0.4560027396667614,0.843,0.606,1.4275374321256608e-10
COX5B,8.127838670839334e-15,0.4357050233174591,0.931,0.841,1.4617917849504543e-10
OCIAD1,8.364116733298547e-15,0.4892731992583568,0.912,0.812,1.5042863944837435e-10
PAK3,8.47186293619428e-15,0.6681511093178298,0.547,0.293,1.5236645490745412e-10
RBM3,9.731786455722664e-15,0.47028525502760354,0.708,0.428,1.750261794061721e-10
ENAH,1.0562123273994863e-14,0.46182814282060747,0.645,0.351,1.8995978708279762e-10
PEG10,1.280166739900064e-14,0.5667461790855057,0.892,0.851,2.3023798817102652e-10
VSTM2L,1.3534549220937998e-14,0.6173837249776508,0.578,0.327,2.434188677385699e-10
ACAT2,1.5526488357926633e-14,0.5368161969654632,0.502,0.221,2.792438931173105e-10
SLC38A1,1.5926646811725602e-14,0.5258400944459702,0.558,0.284,2.8644074290888494e-10
BEX2,1.7263312366956583e-14,0.5417337008235767,0.796,0.572,3.104806729197141e-10
YWHAG,1.8628556330033806e-14,0.5737251304562234,0.889,0.808,3.35034585595658e-10
FYN,2.0725456289595232e-14,0.4676847809003154,0.686,0.404,3.727473313683702e-10
ATP6AP2,2.2917391012907552e-14,0.463567320739127,0.747,0.51,4.121692773671423e-10
NES,2.3283332044067016e-14,0.5167873436933461,0.823,0.673,4.187507268125453e-10
INA,2.3793902926018314e-14,0.6863951717976613,0.81,0.606,4.279333441244394e-10
UBE2QL1,2.4483932212700155e-14,0.630717218683386,0.644,0.404,4.4034352084541226e-10
SNRNP200,2.5310027411904753e-14,0.4298912221832911,0.748,0.466,4.55200843003107e-10
QKI,2.7991395403471765e-14,0.5436409124369977,0.721,0.481,5.034252463314397e-10
EIF4A1,3.213132028445857e-14,0.41814534481798105,0.933,0.841,5.778817953159874e-10
HSPE1,3.545938146484005e-14,0.42525398729466857,0.872,0.673,6.377369756451482e-10
ATP5MD,3.549143426479606e-14,0.41942552821335766,0.975,0.933,6.383134452523572e-10
TMOD2,4.019399581169293e-14,0.5735488801771127,0.499,0.236,7.228890146732973e-10
LAMTOR5,4.023779881826494e-14,0.45872347727768437,0.761,0.49,7.236768117464949e-10
ATP9A,4.798600647996379e-14,0.5262371996951947,0.72,0.447,8.630283265421487e-10
DMD,5.0816904448359465e-14,-0.5453652481476899,0.303,0.538,9.139420265037449e-10
GNAS,5.205299380016017e-14,0.43575269444079323,1,1,9.361730934958807e-10
MAP7D1,5.4243418437749065e-14,0.4888560027213832,0.735,0.457,9.755678806029169e-10
STMN3,6.153413432050448e-14,0.5552686993873768,0.806,0.567,1.1066914057542731e-9
NDUFB2,6.31174597751487e-14,0.43255870061802426,0.906,0.75,1.1351675140560493e-9
TIMP2,6.558787195295946e-14,0.4566787185029959,0.943,0.851,1.179597877073976e-9
PACS2,7.71211916514563e-14,0.4682286427890978,0.688,0.423,1.3870246318514415e-9
SKP1,8.286374426984427e-14,0.40259048962669874,0.985,0.971,1.4903044406931493e-9
NRCAM,9.608711928250918e-14,0.5084136276235506,0.469,0.197,1.7281268402959277e-9
PGD,9.744919148025095e-14,0.4635877770994634,0.645,0.38,1.7526237087723133e-9
CRYAB,1.1251758263906898e-13,0.8087966487525196,0.551,0.298,2.0236287237636557e-9
LRIG1,1.784631926298089e-13,0.5003424888837835,0.45,0.183,3.2096605194471134e-9
NSG1,2.0229796971650614e-13,0.5940007975397004,0.88,0.673,3.638328985351363e-9
SEMA5B,2.1006076279168537e-13,0.4398935963508518,0.397,0.125,3.777942818808462e-9
PRRC2B,2.2155052659818216e-13,0.4271972692477969,0.792,0.577,3.984586220868306e-9
COX7B,2.2474558019863797e-13,0.40097391964079754,0.923,0.832,4.042049259872504e-9
HNRNPD,2.4943550346088175e-13,0.43713697881059055,0.756,0.505,4.486097529743958e-9
MAP6,2.7377734157996947e-13,0.4926061000851768,0.747,0.519,4.923885488315751e-9
FOS,2.900455687989728e-13,0.3828619982814699,0.238,0.014,5.216469554849526e-9
IGFBP5,3.4748105667771897e-13,0.5893200055936303,0.963,0.947,6.249446804348776e-9
OAZ1,3.7823721160749925e-13,0.37393330649107814,0.973,0.933,6.802596250760874e-9
GSTA4,3.7884236726564174e-13,0.4497907796209959,0.722,0.476,6.813479975272567e-9
KIF1A,3.868876190649145e-13,0.5241736676449447,0.782,0.558,6.958173828882488e-9
MORF4L2,4.912546673154927e-13,0.4203673002820023,0.893,0.808,8.835215191669137e-9
IFITM3,4.964562981201761e-13,-0.4507762407129525,0.373,0.639,8.928766521691367e-9
TTC3,5.238098617919976e-13,0.4016046658572019,0.956,0.87,9.420720364329078e-9
MT-ND5,5.35563122791179e-13,-0.6215686328003636,0.921,0.966,9.632102763399355e-9
BAALC,5.574883943170756e-13,0.4790665091683969,0.523,0.255,1.0026428771792604e-8
HINT1,6.485064843188105e-13,0.33730144970170173,0.992,0.971,1.1663389120473807e-8
SRI,7.046991677335187e-13,0.4477486250817554,0.588,0.322,1.2674014531687333e-8
HAPLN1,7.10132512799423e-13,-0.26104741315206104,0.04,0.178,1.2771733242697622e-8
NCAN,7.426337659947613e-13,0.43876800490534024,0.477,0.212,1.3356268281415783e-8
TMA7,8.165543953242607e-13,0.3512216971323099,0.98,0.986,1.468573079990683e-8
CHCHD2,9.698828515923565e-13,-0.4571344125760756,0.243,0.476,1.744334308588853e-8
TMSB10,9.736768491157723e-13,0.4993435928004075,1,1,1.7511578131347165e-8
GPC1,1.0502971403523282e-12,0.4083469076969972,0.728,0.481,1.8889594069236624e-8
TXN,1.0906160836608133e-12,0.4146761882041463,0.887,0.769,1.9614730264639725e-8
PAFAH1B1,1.1322967351164454e-12,0.4512930087872379,0.776,0.577,2.036435678106927e-8
SFPQ,1.1574519190988028e-12,0.43684404310275204,0.909,0.808,2.081677276499197e-8
HMGCR,1.1645913346740868e-12,0.5535041345981437,0.611,0.404,2.0945175154113452e-8
COL6A1,1.2950679446824548e-12,0.506000747899606,0.826,0.702,2.3291796985113948e-8
ATP2A2,1.31443617050621e-12,0.40022811012589976,0.867,0.707,2.364013452655419e-8
ATP6V0E2,1.343567464441673e-12,0.4947025659247155,0.736,0.524,2.416406084798349e-8
TCEAL7,1.426669918342712e-12,0.43176895334538784,0.47,0.207,2.5658658481393678e-8
MTRNR2L12,1.4829725989323439e-12,-0.7370874660200086,0.627,0.841,2.6671262191798205e-8
GNG2,1.5837486450133207e-12,0.5371657971418631,0.742,0.548,2.8483719380564573e-8
CACNA1E,1.7343108237682919e-12,0.4665528938117002,0.485,0.231,3.119158016547273e-8
MT-ND4L,2.135542169802053e-12,-0.6157775147045395,0.598,0.784,3.840772592388992e-8
NDUFV1,2.340494089420829e-12,0.3700891580085808,0.697,0.399,4.209378619823361e-8
RPAIN,2.394856756350217e-12,0.44545806040321123,0.648,0.404,4.307149876295865e-8
POU4F1,3.048147655464393e-12,0.3589373491698826,0.238,0.024,5.4820935583527106e-8
AZIN1,3.1243304356553825e-12,0.4600902307077104,0.688,0.476,5.6191082885262055e-8
DCTN2,3.302282175888226e-12,0.4263566771208598,0.74,0.505,5.939154493334974e-8
HNRNPDL,3.311552586663088e-12,0.41348514108030465,0.921,0.856,5.955827327113564e-8
NCALD,3.554913642252015e-12,0.41920245978757303,0.524,0.269,6.393512185590249e-8
PTPRA,3.8508343065468576e-12,0.3739431523233969,0.683,0.418,6.925725500324523e-8
WDR6,3.922218569750444e-12,0.4105523018195414,0.726,0.457,7.054110097696174e-8
CYP51A1,4.040331680075109e-12,0.4289070931677851,0.551,0.288,7.266536526615084e-8
ADCY1,4.166496803036702e-12,0.4760542828384758,0.514,0.264,7.493444500261508e-8
LHX5-AS1,4.225328487848958e-12,0.3024249833777698,0.196,0,7.59925328539635e-8
CLIP3,4.37459934172499e-12,0.4542008757732712,0.696,0.466,7.867716916092395e-8
RIMKLB,4.598671857615059e-12,0.4175932362920847,0.536,0.279,8.270711335920683e-8
B4GALNT4,4.823415268312495e-12,0.450119698961454,0.697,0.457,8.674912360060023e-8
RMST,5.342159429302798e-12,-0.6111099567935421,0.576,0.784,9.607873733601082e-8
CXADR,5.578568566295678e-12,0.4919152709991461,0.629,0.413,1.0033055566482777e-7
DPYSL5,5.999972186790343e-12,0.4843151073969876,0.827,0.63,1.0790949977942431e-7
SLC1A2,6.2125901025164784e-12,0.42973617173981876,0.45,0.202,1.1173343299375887e-7
BEX4,6.236473603184247e-12,0.473319315117237,0.724,0.519,1.1216297775326868e-7
PRDM8,6.387924756387733e-12,0.3315063771547722,0.233,0.024,1.1488682674363338e-7
PARP6,6.404182870345883e-12,0.4169919584638684,0.622,0.346,1.1517922892317071e-7
CCND1,6.59991726043768e-12,-0.5127973856912592,0.327,0.524,1.1869951192897167e-7
YWHAH,6.7389663357068435e-12,0.5663507170193971,0.865,0.736,1.2120030954768757e-7
REEP5,7.357022451762453e-12,0.40455256757680247,0.688,0.433,1.3231604879494772e-7
SQLE,7.404027036083626e-12,0.5339154150130188,0.511,0.288,1.33161426243964e-7
TTYH3,8.216471436567642e-12,0.40728944478203966,0.761,0.534,1.4777323878666904e-7
AGRN,8.649928940534863e-12,0.45281942321991375,0.509,0.274,1.555689719955195e-7
IGFBPL1,8.652241069753401e-12,0.38468497965645343,0.33,0.091,1.556105556395149e-7
MDH2,9.365287174095189e-12,0.4045877479672324,0.658,0.404,1.6843468982610196e-7
RAB2A,9.519258897908813e-12,0.4239109241359935,0.608,0.361,1.7120387127889e-7
APBA2,1.0157233778777637e-11,0.44375485757509814,0.614,0.365,1.826778495113158e-7
MLC1,1.0247184356748345e-11,0.3426359452677752,0.246,0.034,1.8429561065611899e-7
KHDRBS1,1.0479939394381026e-11,0.3746068227486663,0.708,0.476,1.8848171000794275e-7
DCTN3,1.08755747684306e-11,0.39606103580767527,0.702,0.433,1.9559721221022434e-7
TUBB4B,1.0966436808118468e-11,0.4018898828090749,0.849,0.678,1.9723136599401064e-7
EXOC7,1.2118713313432311e-11,0.40612320147536074,0.564,0.308,2.1795505894208012e-7
ARHGAP21,1.2182859463594497e-11,0.40814177409594204,0.485,0.231,2.1910872745274702e-7
EIF4G2,1.2691883861329375e-11,0.3439553184051425,0.999,1,2.282635312460088e-7
KIF5C,1.3521753293227292e-11,0.5307964805675753,0.721,0.534,2.4318873297869284e-7
PRPF8,1.393781175380292e-11,0.3985333342359947,0.709,0.452,2.5067154439214555e-7
TOP2B,1.4128135087788846e-11,0.37083078915681467,0.73,0.486,2.540945095538824e-7
EVL,1.4629924864998664e-11,0.4632857527008327,0.933,0.885,2.6311919869700096e-7
ZIC4,1.5393527953300044e-11,0.374135396316071,0.302,0.077,2.768526002401013e-7
CD99,1.6012356682677654e-11,0.6602358532947006,0.784,0.649,2.879822349379576e-7
TMEM259,1.6587909963157023e-11,0.4169607699595541,0.695,0.442,2.9833356068737904e-7
RHBDL3,1.8388885296630196e-11,0.3908785797634435,0.333,0.101,3.3072410205989406e-7
SRGAP3,1.9025115882360227e-11,0.3802099107257553,0.569,0.308,3.421667091442487e-7
RAF1,1.969786672690184e-11,0.3690745331401983,0.425,0.178,3.542661330833296e-7
LINC01578,1.9801678410927242e-11,0.3830359548045188,0.746,0.486,3.561331862205264e-7
CSNK1E,2.0140620389225026e-11,0.39691166237589326,0.756,0.567,3.622290577002121e-7
NME1,2.0340911173652986e-11,0.3718943208443741,0.589,0.322,3.6583128745814895e-7
CBX1,2.0716146200162973e-11,0.39065370385092224,0.634,0.385,3.7257988940993106e-7
KRT10,2.160531451315143e-11,0.3657378316706221,0.696,0.447,3.8857158151902845e-7
PRXL2A,2.2369293564660633e-11,0.4049690752390901,0.628,0.38,4.023117447604215e-7
ATP1B3,2.4761317751489216e-11,0.41968730439388713,0.641,0.409,4.453322997605335e-7
FGD5-AS1,2.5108498931242874e-11,0.3685784824350622,0.603,0.341,4.515763532784031e-7
MSX1,2.529106946497919e-11,-0.4791346474416893,0.609,0.832,4.5485988432765075e-7
"NAP1L3",3.000378180446643e-11,0.5146040686342992,0.574,0.361,5.396180157533288e-7
EIF1,3.664631519454075e-11,0.317295145884807,0.991,0.981,6.590839787738154e-7
NEUROD2,3.974993815387604e-11,0.33115058177676215,0.23,0.029,7.149026376974607e-7
ARF3,4.019346239929664e-11,0.4009892963653523,0.635,0.413,7.2287942125135e-7
PRDX2,4.041180057014595e-11,0.39431805261509356,0.934,0.837,7.26806233254075e-7
LRRC75A,4.226726179732011e-11,-0.3089025601786195,0.333,0.606,7.601767034248022e-7
CALB1,4.428033110939201e-11,-0.3305859502032632,0.134,0.317,7.963817550024153e-7
NDUFA13,4.798295962843792e-11,0.3592213473634307,0.956,0.88,8.62973528917456e-7
ARPC3,5.315977021443894e-11,0.3444974441058397,0.674,0.428,9.560784673066843e-7
SBK1,5.5236182263442195e-11,0.5414261823321398,0.554,0.341,9.934227380080078e-7
KIAA0408,5.6943499009609257e-11,0.448478189334974,0.521,0.288,1.0241288296878225e-6
SYT1,6.451691217330106e-11,0.430250593225351,0.532,0.288,1.1603366654368196e-6
JTB,6.560257621309567e-11,0.4219353250133471,0.687,0.466,1.1798623331925257e-6
CNTNAP2,6.949440601332578e-11,-0.46093349852508214,0.41,0.611,1.2498568921496642e-6
AC012146.1,6.966416341800938e-11,0.3564057066977341,0.45,0.207,1.2529099790728986e-6
NTS,7.028424013996305e-11,-0.32156276534816874,0.099,0.264,1.2640620589172354e-6
TGFBI,7.06878290770622e-11,-0.4865934764125913,0.166,0.365,1.2713206059509636e-6
"NARS",7.565400347990749e-11,0.3702258221531333,0.465,0.226,1.3606372525861362e-6
PPP2CA,7.771052793937493e-11,0.40211236462481703,0.69,0.457,1.3976238449896581e-6
POU3F3,8.101852494426965e-11,0.34271552874950095,0.31,0.091,1.4571181711226897e-6
RAB1A,8.842839207765546e-11,0.38563918415477816,0.803,0.635,1.5903846315166334e-6
HOTAIRM1,8.88781159871782e-11,0.45404489356502464,0.628,0.404,1.5984729160294e-6
ZMIZ1,1.0008172921402778e-10,0.47113605949341897,0.733,0.548,1.7999698999142896e-6
ACAP3,1.0197098006570241e-10,0.4492424140205328,0.549,0.332,1.8339480764816577e-6
EGR1,1.0392898921076735e-10,0.3495677077183774,0.329,0.101,1.8691628709556508e-6
DUSP26,1.0439566429867938e-10,0.29140440298400594,0.224,0.029,1.8775560224117488e-6
NDUFV2,1.05349940015853e-10,0.38123201139967133,0.66,0.413,1.8947186711851162e-6
PI4KA,1.0596741494040939e-10,0.37729446036347336,0.65,0.433,1.9058239577032629e-6
PAX6,1.0684936701318119e-10,0.3254626446187943,0.239,0.038,1.9216858657320635e-6
MAGED2,1.0946054926985907e-10,0.3430648114850441,0.972,0.938,1.9686479786184152e-6
VIM,1.1327761614000545e-10,0.5037565928881818,0.996,1,2.037297926277998e-6
CDC42,1.2175007684396425e-10,0.39970252659824435,0.893,0.817,2.189675132038697e-6
UQCRC2,1.221693267436325e-10,0.3620919500317673,0.638,0.389,2.1972153414842305e-6
HSPA9,1.2520618554110872e-10,0.37991891767520647,0.684,0.442,2.25183324695684e-6
ACSL6,1.273451674004209e-10,0.3582821986863115,0.373,0.144,2.29030283569657e-6
C4orf48,1.2746265215156826e-10,0.37545343253553143,0.951,0.889,2.292415798945955e-6
LSM7,1.3302074781169878e-10,0.3665960993626809,0.866,0.74,2.3923781493934028e-6
BASP1,1.3670333632035642e-10,0.5871897004977136,0.923,0.913,2.45860950372161e-6
SNCA,1.378144246159221e-10,0.5495224848375275,0.538,0.327,2.478592426717359e-6
PTPRM,1.448566372800107e-10,0.3852076341703798,0.492,0.25,2.6052466214809924e-6
LARP1,1.4617247403870915e-10,0.3558537214231179,0.638,0.38,2.628911945586184e-6
ANOS1,1.4868330565037558e-10,0.34738232605226155,0.3,0.087,2.6740692521220047e-6
KCTD12,1.5871661253740777e-10,0.38820095848876585,0.461,0.221,2.854518276485279e-6
WDR1,1.6781592660863563e-10,0.36501735596557827,0.548,0.303,3.018169440056312e-6
MPRIP,1.6912656414738202e-10,0.37142651719217723,0.614,0.375,3.0417412561906656e-6
EWSR1,1.699103919353635e-10,0.3918379129785947,0.68,0.442,3.0558383989575125e-6
HDGFL3,1.7963381780580138e-10,0.40346948666099114,0.66,0.423,3.230714213237338e-6
AQP1,2.0108260871655066e-10,0.8998382570425911,0.656,0.471,3.6164707177671637e-6
SLC25A4,2.0320378252164595e-10,0.3641493125533286,0.656,0.409,3.6546200286518024e-6
MAP1LC3B,2.0378580693053616e-10,0.34606288400787233,0.796,0.572,3.665087737645693e-6
GNG4,2.048701805603303e-10,0.4773548283523936,0.539,0.303,3.6845901973775405e-6
SUGP2,2.1152584403246386e-10,0.40192401780308784,0.665,0.423,3.8042923049238624e-6
NT5DC2,2.1513376725416923e-10,0.3450936049553126,0.634,0.399,3.869180804066233e-6
RPS10,2.188092347200359e-10,-0.3394148087853064,0.978,0.99,3.935284086439846e-6
DYNLT1,2.1891216281023736e-10,0.3405976292471773,0.8,0.601,3.9371352481421185e-6
RNF187,2.2098265022793033e-10,0.35461087994394225,0.86,0.697,3.974372964349327e-6
TMEFF1,2.338107275770781e-10,0.40032695667523066,0.561,0.332,4.20508593547375e-6
FXYD6,2.3723002333073275e-10,0.3725350953690634,0.933,0.798,4.266581969603228e-6
CLU,2.38484057863779e-10,0.7631276025980349,0.806,0.654,4.289135780680066e-6
POSTN,2.4092183351810215e-10,-0.3788241067197846,0.445,0.688,4.332979175823067e-6
SCG3,2.477591973918038e-10,0.4027504551794983,0.428,0.202,4.455949165091592e-6
ACOT7,3.0293996241669364e-10,0.45560159766592645,0.71,0.519,5.448375224064235e-6
APC,3.0343854218344016e-10,0.3838287925199148,0.469,0.236,5.457342181169171e-6
PYGB,3.1053203139022034e-10,0.37306236165084466,0.472,0.236,5.584918584553113e-6
HMGB1,3.1422236713850804e-10,0.35173709554887855,0.94,0.87,5.651289272986067e-6
BSCL2,3.361120447679176e-10,0.4082828485255643,0.72,0.5,6.044975125150997e-6
DAG1,3.4247975122740287e-10,0.38205490370704137,0.527,0.293,6.1594983258248405e-6
ATP5PB,3.506149576577407e-10,0.3413594549715624,0.718,0.51,6.305810013474467e-6
TAFA5,3.5876839956362407e-10,0.3706219601717372,0.344,0.125,6.452449666151779e-6
ATP5MF,3.6036159343658977e-10,0.3417139186236935,0.954,0.913,6.481103257957067e-6
ABR,3.6455477958933894e-10,0.4118241581934349,0.676,0.466,6.556517710914261e-6
HNRNPR,3.973950624657763e-10,0.36182306542278153,0.605,0.365,7.147150198446987e-6
CCDC136,4.002951906081958e-10,0.4381591247442489,0.733,0.514,7.199309003088401e-6
"NASP",4.0483544624982906e-10,0.4149575932676638,0.6,0.365,7.280965500803175e-6
TNNT3,4.558313987472047e-10,0.556948232381205,0.702,0.582,8.198127706468478e-6
GLUL,4.5695004444448644e-10,0.4016625698124056,0.488,0.26,8.218246549334088e-6
HOXC8,4.678148052989468e-10,0.36815447213343844,0.365,0.144,8.413649273301558e-6
COPS9,4.81636383144606e-10,0.3337500436007903,0.913,0.764,8.66223035085574e-6
HOXB5,5.056787935656033e-10,0.41745331876123637,0.636,0.404,9.094633102277376e-6
TRA2B,5.274006954593922e-10,0.3530475797432303,0.645,0.418,9.485301507837169e-6
PSAT1,5.328291003027334e-10,0.4655073716158664,0.555,0.346,9.582931368944659e-6
CAPRIN1,5.653944690455675e-10,0.3528852295985587,0.667,0.423,1.0168619525784531e-5
SALL3,5.67481417049013e-10,0.30729982510410103,0.226,0.038,1.0206153285626498e-5
SMARCA4,6.05398093702224e-10,0.36711100441334077,0.747,0.548,1.0888084715234498e-5
RNF157,6.311195974692595e-10,0.3872757509522316,0.403,0.183,1.1350685960484632e-5
RPL21,6.330169394165757e-10,-0.2927008602681158,0.999,0.995,1.1384809655407114e-5
NPTX2,6.357403332927723e-10,0.3647331823011434,0.43,0.202,1.143378989427051e-5
SV2A,6.51033672664565e-10,0.46239802873989067,0.611,0.385,1.1708840602872202e-5
PTBP2,6.675610055564926e-10,0.3431764963185562,0.405,0.178,1.200608468493352e-5
PSMD2,6.7036666466079e-10,0.34789895812255955,0.691,0.447,1.2056544463924308e-5
TSPAN5,6.98181542491137e-10,0.37051592773241143,0.439,0.216,1.2556795041703099e-5
MICAL3,7.363967573764227e-10,0.35418979758836827,0.502,0.26,1.3244095681414962e-5
HDAC2,7.955986451163056e-10,0.36737090302171915,0.618,0.38,1.4308841632416757e-5
UBL5,8.120238456291619e-10,0.29890951613421146,0.985,0.986,1.4604248863640476e-5
MTPN,8.530756798089311e-10,0.36692465785652173,0.629,0.399,1.5342566101363624e-05
ELN,8.651708075272759e-10,0.6737227326806272,0.535,0.317,1.5560096973378058e-5
IP6K2,8.82818305205625e-10,0.386886602465387,0.668,0.462,1.5877487219123164e-5
ACSL3,8.928343462308595e-10,0.39634884768453965,0.477,0.255,1.6057625716962007e-5
KIF1B,9.132016027935098e-10,0.4031710591690665,0.819,0.635,1.6423930826241272e-5
DYNLL2,9.178173185450128e-10,0.38467885969581594,0.713,0.476,1.6506944474032055e-5
GABBR2,9.279702803226921e-10,0.3701515731610226,0.41,0.192,1.6689545491603618e-5
KIFC2,1.0017750116943876e-9,0.40225091211756614,0.62,0.394,1.801692358532356e-5
ERG28,1.0052702397321223e-9,0.40471550111821336,0.515,0.303,1.807978526158222e-5
PPP3CB,1.0085753084373707e-9,0.39496800308826097,0.686,0.476,1.813922692224611e-5
XIST,1.0594597025881237e-9,-0.48943383468381785,0.658,0.832,1.9054382751047407e-5
CADM4,1.1245831049086372e-9,0.3763892467708594,0.424,0.207,2.0225627141781842e-5
RCN2,1.1261377634925327e-9,0.3646290980078821,0.709,0.471,2.02535876764132e-5
BICC1,1.2127606992634638e-9,-0.3041632845501883,0.118,0.279,2.1811501176253396e-5
PCP4L1,1.2168965851927647e-9,0.300594931298101,0.247,0.058,2.1885885084691872e-5
SNAP25,1.2561154838030467e-9,0.4797846018705083,0.663,0.447,2.2591236976197794e-5
UQCRC1,1.3375090582711437e-9,0.3544954890054226,0.596,0.37,2.405510041300652e-5
RPS2,1.357584380073406e-9,-0.30091327043748795,1,1,2.4416155075620207e-5
UBA1,1.4013397525126184e-9,0.3611722104863002,0.862,0.75,2.520309544893944e-5
COX17,1.409967059596175e-9,0.3490107452651736,0.678,0.452,2.5358257566837206e-5
MASP1,1.4441951693441808e-9,0.3170160842385614,0.261,0.067,2.5973850120655092e-5
KIF3C,1.4465700624268933e-9,0.47379600272801303,0.622,0.442,2.6016562572747677e-5
DKK3,1.4761550113978392e-9,0.3962651788903835,0.833,0.663,2.654864787999014e-5
MAPRE2,1.493505107468771e-9,0.41694585925622707,0.535,0.322,2.6860689357825845e-5
FAM168B,1.5459355515725036e-9,0.3675067643494345,0.702,0.471,2.7803650895031478e-5
NDN,1.65659789061934e-9,0.3563183551834149,0.774,0.587,2.979391306278883e-5
RERE,1.6605782359789937e-9,0.3591344668093175,0.697,0.471,2.9865499574082202e-5
PDLIM3,1.8565044999588206e-9,0.35976227771575287,0.416,0.192,3.338923343175939e-5
ELOC,1.8842585073301733e-9,0.34427737011549797,0.603,0.375,3.3888389254333164e-5
MYORG,1.9840273557228207e-9,0.2795716807276828,0.239,0.053,3.568273199267493e-5
SNRNP70,2.0463504210854474e-9,0.3699900684078763,0.761,0.582,3.680361232322177e-5
DRAP1,2.0714534159511e-9,0.3050854040386589,0.601,0.361,3.7255089685880536e-5
STRAP,2.079127452716123e-9,0.36252104438632304,0.647,0.438,3.739310723709947e-5
TAC1,2.1184881262839456e-9,0.44858493460536164,0.415,0.212,3.810100895121676e-5
RPS9,2.1328464859134896e-9,-0.3196308888261403,0.953,0.981,3.835924404915411e-5
ETFB,2.1508403600475632e-9,0.3473114302051314,0.458,0.226,3.868286387545542e-5
CTNND2,2.2864005496180904e-9,0.3961927184285481,0.628,0.433,4.112091388488136e-5
UQCR11,2.3201676256403217e-9,0.3097740810360685,0.979,0.986,4.172821474714118e-5
ILF3,2.3209261762122925e-9,0.33385605136812213,0.819,0.683,4.174185727917808e-5
APEX1,2.3914317359156917e-9,0.32529764161921393,0.552,0.317,4.3009899770443713e-5
CALM3,2.422150692878288e-9,0.38234700133264865,0.942,0.885,4.3562380211416015e-5
OIP5-AS1,2.4294753996968072e-9,0.33557096940089914,0.559,0.337,4.3694115063547075e-5
GHITM,2.5002979656282086e-9,0.3490107452651736,0.676,0.471,4.496785891182333e-5
NELL2,2.5197002248673467e-9,-0.5287320076240516,0.555,0.707,4.531680854423923e-5
PKD1,2.5835298351228072e-9,0.38686924683996593,0.676,0.457,4.646478408468369e-5
F3,2.584124404563667e-9,0.2777685059994301,0.192,0.024,4.647547741607755e-5
RPS27,2.605778819012438e-9,-0.3333252200390677,1,1,4.6864932059938694e-5
CTSB,2.6222021697446637e-9,0.35001127492017525,0.615,0.394,4.716030602285777e-5
ACTN1,2.681674717105323e-9,0.346786909188305,0.41,0.188,4.8229919787139236e-05
MRFAP1,2.708407629392338e-9,0.31903836729434376,0.902,0.76,4.87107112146212e-5
H2AFY,2.8011610782716985e-9,0.36834468836957523,0.597,0.394,5.0378881992716496e-5
ATP5F1C,3.0918817128894646e-9,0.34688050660889447,0.647,0.423,5.560749260631702e-5
ATP5MC1,3.127569208700935e-9,0.30679180491369373,0.701,0.438,5.624933221848631e-5
ACTR1A,3.139555945526527e-9,0.37465826726203344,0.515,0.303,5.6464913680294584e-5
DCLK1,3.141410963497809e-9,0.3230790696775545,0.809,0.587,5.649827617850809e-5
ST6GAL2,3.2559423865232068e-9,0.38072414884949946,0.429,0.216,5.855812382161987e-5
EBP,3.405802877836948e-9,0.34266494328875813,0.432,0.212,6.12533647578975e-5
CADPS,3.5306323359707064e-9,0.3489225381471129,0.457,0.236,6.349842256243316e-5
UBC,3.825009665975652e-9,0.28424876377447506,0.998,0.99,6.87927988425721e-5
APBB1,3.897368759460553e-9,0.35563146432906245,0.744,0.519,7.009417713889806e-5
PRDX5,3.9272107449525004e-9,0.33061783713741333,0.914,0.856,7.063088524797072e-5
LSM4,4.146701352133232e-9,0.3272777799109038,0.584,0.351,7.457842381811618e-5
ATP6V0B,4.1490124364115396e-9,0.3661202558056351,0.839,0.668,7.461998866886154e-5
DDB1,4.515245013761981e-9,0.37422847161405826,0.625,0.442,8.120668157250923e-5
OGA,4.5682017503645366e-9,0.3573463091633009,0.782,0.635,8.21591084803062e-5
HRAS,4.648621598979624e-9,0.3697223866729615,0.502,0.293,8.360545945764853e-5
PRKRA,4.845145576583416e-9,0.3218934151349324,0.371,0.163,8.713994319485274e-5
SAT2,4.863369071574942e-9,0.3657428931812954,0.589,0.37,8.746769275227534e-5
PFDN2,4.926885275591836e-9,0.28849759647405815,0.645,0.409,8.861003168151916e-5
INSIG1,5.09913573468062e-9,0.37808673883278543,0.4,0.192,9.170795618823095e-5
GPT2,5.392560478022894e-9,0.4142648890526517,0.438,0.24,9.698520019724175e-5
PNN,5.396832349430525e-9,0.32467523376210156,0.497,0.269,9.706202980450798e-5
GRIN2C,5.412566404829706e-9,-0.2609014826670691,0.094,0.24,9.734500679086226e-5
TSC22D1,5.7404728593485875e-9,0.3403281340095259,0.863,0.755,1.0324240437538435e-4
B3GAT1,5.835351881151389e-9,0.31392257962525294,0.404,0.188,1.0494880358250773e-4
AQP4,5.871028421121168e-9,0.31406151132220045,0.194,0.029,1.055904461538642e-4
LAMTOR1,6.081741020569656e-9,0.3185022355728955,0.585,0.365,1.0938011225494526e-4
GAD1,6.111107545717828e-9,0.2603255917830384,0.203,0.034,1.0990826920973513e-4
ANKRD9,6.176053833374735e-9,0.2852976809402451,0.297,0.101,1.1107632819324461e-4
MAPK8IP1,6.317278558971665e-9,0.32512307143008257,0.491,0.264,1.136162548831054e-4
GSN,6.444637885258543e-9,0.4019417233845427,0.419,0.216,1.159068123663749e-4
NPDC1,6.4514952619397235e-9,0.35137479944612426,0.799,0.615,1.1603014228598593e-4
ADD1,6.574707410578507e-9,0.3408084328389873,0.821,0.625,1.1824611277925445e-4
ENHO,6.703893076431209e-9,0.3254838558874159,0.522,0.303,1.2056951697961529e-4
APLP2,6.7085460172020355e-9,0.34165666995636235,0.954,0.923,1.2065320011937861e-4
INTS11,6.75656672973516e-9,0.35296459230952293,0.556,0.351,1.2151685263428686e-4
RAB7A,6.836666274802175e-9,0.33145781106103156,0.676,0.471,1.2295744295231711e-4
AKAP6,7.041783668434207e-9,0.339677424542825,0.382,0.178,1.2664647927678922e-4
SCUBE2,7.226964151040406e-9,0.27590355931200183,0.238,0.058,1.299769502564617e-4
HNRNPK,7.251090659993446e-9,0.3103386348784942,0.959,0.918,1.3041086551998212e-4
CDK5RAP3,7.423707501709053e-9,0.33239614612841595,0.568,0.341,1.3351537941823732e-4
SF3B2,7.425492688186681e-9,0.34048765842161377,0.612,0.409,1.3354748599703745e-4
LANCL2,7.455595859679565e-9,0.3204804650148734,0.332,0.135,1.3408889153633698e-4
FAM168A,7.623449954707248e-9,0.3573419681745892,0.531,0.327,1.3710774743540987e-4
SF3B1,7.813485959567122e-9,0.3358383615136702,0.727,0.519,1.405255449828147e-4
AC092958.1,8.020581339094961e-9,0.30666181605404375,0.269,0.082,1.442501553836229e-4
CA14,8.113378782535909e-9,0.48911497380364943,0.612,0.438,1.4591911740390831e-4
PDZD4,8.237757650969608e-9,0.3711027071768709,0.63,0.428,1.4815607135268842e-4
SYT4,8.878272520829458e-9,0.49307897672502254,0.703,0.534,1.596757312871178e-4
GPRC5B,9.069909954178327e-9,0.35000438708461645,0.355,0.154,1.631223305258972e-4
SLC25A5,9.221041880374876e-9,0.35440158738920535,0.502,0.293,1.6584043821854213e-4
SGTA,9.720153065822682e-9,0.3453117027411655,0.594,0.389,1.7481695288882094e-4
COMMD7,9.988945876243266e-9,0.3091726173885273,0.408,0.192,1.7965119158423512e-4
VSTM2A,1.004530916156664e-8,0.3745411606390635,0.429,0.231,1.8066488527077601e-4
TMEM9,1.014765415291347e-8,0.35211102759352875,0.602,0.394,1.8250555994014876e-4
NDUFC2,1.0356663956350275e-8,0.3048067384400186,0.905,0.875,1.862646012549597e-4
TOLLIP,1.0375693304514599e-8,0.319341279487129,0.408,0.197,1.8660684408169508e-4
YPEL3,1.0742702620911682e-8,0.3248270404693381,0.611,0.375,1.932075066370966e-4
KIF5A,1.0989945457839748e-8,0.3940304053125976,0.532,0.327,1.9765416905924787e-4
GRB2,1.1224485867916863e-8,0.3237739650960405,0.598,0.38,2.0187237833448477e-4
NLGN2,1.130043860647034e-8,0.35706805044227263,0.61,0.409,2.0323838833736908e-4
TBCB,1.1310974986301909e-8,0.3395729255961343,0.729,0.534,2.0342788512863982e-4
ZNF33A,1.1338857832500404e-8,0.33431356220106007,0.404,0.192,2.0392935811751976e-4
KIF3B,1.1632801922214128e-8,0.3355536380860848,0.415,0.207,2.0921594257102108e-4
MACF1,1.2036224447419822e-8,0.34414985597002956,0.751,0.611,2.164714966868455e-4
HMGA1,1.2120389513556687e-8,0.3512800396770267,0.411,0.212,2.1798520540131702e-4
CANX,1.2188741439980704e-8,0.3745411606390634,0.916,0.861,2.1921451479805297e-4
IARS,1.2356343143200786e-8,0.30052442006713526,0.406,0.192,2.2222883143046616e-4
IGSF3,1.2370927953233675e-8,0.32163403091257053,0.441,0.231,2.2249113923890766e-4
CAMK2N2,1.251930158335069e-8,0.46321535657313695,0.609,0.433,2.2515963897656218e-4
CIAO2B,1.2923387284469772e-8,0.3423179258592597,0.66,0.452,2.3242712031118886e-4
ARHGEF4,1.3141546259386322e-8,0.350120250319565,0.491,0.288,2.36350709475063e-4
ASXL1,1.3329489311623989e-8,0.307213087732934,0.405,0.192,2.3973086526955743e-4
TRAK1,1.3397634189389883e-8,0.36945655424167867,0.489,0.288,2.4095645089617705e-4
AMPD2,1.3691076004191878e-8,0.29620538924782724,0.363,0.154,2.4623400193539094e-4
TSPAN13,1.3748560222863616e-8,0.41702940536201594,0.485,0.293,2.4726785560820214e-4
ROBO2,1.3772769378623697e-8,0.34409394947563643,0.469,0.26,2.477032572745472e-4
PTGES3,1.3874832269365473e-8,0.33960088290602497,0.782,0.644,2.49538858364538e-4
ZNRF1,1.4252958463002734e-8,0.31124341309280545,0.353,0.149,2.5633945795710416e-4
TIA1,1.4966853881788562e-8,0.36397395619491835,0.591,0.38,2.691788670639673e-4
DNAJB6,1.5118379908866827e-8,0.3761171560918726,0.654,0.466,2.719040626609699e-4
ATP6V0A1,1.515543426239826e-8,0.35220608442498036,0.612,0.413,2.725704852092327e-4
HNRNPU,1.58035360530421e-8,0.3285922684221383,0.861,0.779,2.842265959139622e-4
TRIB2,1.652471644494374e-8,0.4440101295413831,0.607,0.438,2.9719702526231315e-4
DDX3X,1.666404967891902e-8,0.3223418516637119,0.734,0.524,2.997029334753586e-4
HSD17B7,1.7330630976054173e-8,0.2521050849780699,0.201,0.038,3.116913981043343e-4
PPDPF,1.745585755271336e-8,-0.35501835273077065,0.814,0.909,3.1394359808554974e-4
SEZ6,1.7905798871032177e-8,0.344586000995034,0.346,0.154,3.220357926955137e-4
SAE1,1.7976843392031193e-8,0.3427287786048439,0.484,0.288,3.23313528405681e-4
DHX9,1.8204987538586676e-8,0.3275986289688675,0.585,0.375,3.2741670088148135e-4
TIMM17A,1.9089289353998226e-8,0.32047155242037184,0.432,0.221,3.433208690316581e-4
MARS,1.94882832725527e-8,0.3592511172847278,0.544,0.337,3.504967746568603e-4
RBBP7,2.000525428728787e-8,0.35706188295712943,0.461,0.264,3.5979449835687235e-4
PCP4,2.031615803806138e-8,0.49782329696662486,0.587,0.413,3.6538610231453395e-4
NDRG4,2.10309401494611e-8,0.40950198477281663,0.676,0.51,3.782414585880579e-4
ANK3,2.117512883759178e-8,0.3221184989295579,0.461,0.245,3.8083469214408817e-4
CAPN1,2.137074775932412e-8,0.27567355611647454,0.43,0.216,3.843528984514443e-4
VAPA,2.1438951257030022e-8,0.3331613379213241,0.67,0.471,3.8557953835768497e-4
KIF21B,2.1506989496623012e-8,0.4135057494294869,0.539,0.337,3.868032060967649e-4
TMEM181,2.1665440459062195e-8,0.2786968075180649,0.267,0.087,3.896529466562336e-4
ARHGEF10L,2.1796762828618514e-8,0.30907523937941617,0.346,0.149,3.92014779472704e-4
MARK3,2.1914726902307485e-8,0.32994208181431095,0.517,0.303,3.941363633380001e-4
PTTG1IP,2.2374497227798545e-8,0.3316827320223589,0.607,0.385,4.0240533264195683e-4
C18orf32,2.2686056785877738e-8,0.314345901557913,0.65,0.447,4.080087312940111e-4
AGAP3,2.331794021428718e-8,0.3479339907231438,0.581,0.385,4.1937315475395494e-4
PINK1,2.3378854870142822e-8,0.3378349590039542,0.565,0.361,4.2046870483951863e-4
SS18L1,2.351669158003893e-8,0.3167830049309255,0.373,0.173,4.2294769806700016e-4
HOXB6,2.410491514258438e-8,0.33899470203480964,0.42,0.216,4.335268988393801e-4
UQCR10,2.4702163478837513e-8,0.2919855518853469,0.956,0.957,4.442684101668927e-4
NDUFS7,2.5085883906961554e-8,0.3197141170756854,0.594,0.37,4.5116962206670356e-4
ARHGAP33,2.5266530680945707e-8,0.3435075906178813,0.515,0.298,4.5441855429680854e-4
DYNLRB1,2.533681678846845e-8,0.3136148171879318,0.812,0.62,4.5568264994060503e-4
ALDOA,2.56653550787053e-8,-0.3847044550467593,0.269,0.457,4.6159141109051484e-4
NMNAT2,2.6631713455275568e-8,0.3093617833263123,0.391,0.188,4.789713664931311e-4
SORBS1,2.701505893490519e-8,0.3044288745230511,0.35,0.154,4.8586583494426985e-4
ZNF706,2.7053898509286192e-8,0.27302066463140573,0.571,0.337,4.8656436468951214e-4
APLP1,2.7200799502310723e-8,0.40650199045274205,0.792,0.606,4.892063790490584e-4
UQCRH,2.9641498084508564e-8,0.3047863190983304,0.958,0.904,5.331023430498865e-4
BCAN,2.9668818417303792e-8,0.444750162920466,0.548,0.351,5.335936992352088e-4
LRP8,3.047884034261299e-8,0.33760130525967647,0.432,0.236,5.481619435618946e-4
AC124798.1,3.1176535058186785e-8,0.26737741456138325,0.211,0.048,5.607099830214894e-4
SLC39A6,3.12054422385812e-8,0.32811411193208767,0.456,0.245,5.612298786608829e-4
BZW1,3.134949931198225e-8,0.304049718540917,0.667,0.447,5.638207451260008e-4
RTF2,3.1432079700342526e-8,0.29471527583919555,0.511,0.288,5.653059534106603e-4
PPP4R1,3.245953097674797e-8,0.31832331618143206,0.358,0.163,5.837846646168123e-4
GABRB3,3.288387963539064e-8,0.3530121800931066,0.492,0.288,5.914165752425007e-4
YWHAB,3.3577649164792776e-8,0.36175868434705216,0.797,0.683,6.038940202287981e-4
HOXC4,3.4326946026135694e-8,0.41499818360945107,0.673,0.529,0.00061737012428005045
NEDD4L,3.5181804984202264e-8,0.2948593612742611,0.419,0.216,6.327447626408777e-4
TRIM9,3.536336768879277e-8,0.29274706947541596,0.338,0.144,6.36010167882938e-4
CLTC,3.547842794577399e-8,0.33034014501564934,0.873,0.755,6.380795266047452e-4
SHTN1,3.582250463396321e-8,0.32985322334247974,0.389,0.192,6.442677458418283e-4
ARL2,3.693474660685706e-8,0.3087438519791105,0.485,0.279,6.642714177243242e-4
LUC7L3,3.762577385530031e-8,0.34063879305214995,0.724,0.558,6.766995427875761e-4
THRA,3.969617857587738e-8,0.36188676970887657,0.598,0.428,7.139357716871547e-4
ATP5PD,4.025718790924038e-8,0.26613923460851874,0.749,0.577,7.240255245476883e-4
CCT3,4.279416369696198e-8,0.3273295476725082,0.633,0.438,7.696530340898612e-4
PPP2CB,4.504495517184819e-8,0.32131622167218676,0.65,0.447,8.101335187656897e-4
TMSB15A,4.653007761309984e-8,0.3950111890100161,0.555,0.356,8.368434458716006e-4
TUSC3,4.679373736932541e-8,0.321316221672187,0.736,0.538,8.415853665873175e-4
NFE2L1,4.74047791630021e-8,0.347301360828016,0.538,0.341,8.525749532465928e-4
SUCLG1,4.8446683980642513e-8,0.32057439440449415,0.432,0.231,8.713136113918556e-4
NDUFA12,4.863088777246658e-8,0.3601915904735502,0.748,0.587,8.746265165878115e-4
SLC25A1,4.8700213646450044e-8,0.3274684486537821,0.561,0.361,8.758733424314041e-4
ABLIM1,4.894222577913239e-8,0.30467845415188755,0.485,0.279,8.80225930637696e-4
MT-ATP6,4.939380959650839e-8,-0.5670237650323502,1,1,8.883476655932033e-4
MSI2,5.2468062916936754e-8,0.3568774068951317,0.416,0.226,9.436381115611075e-4
RUNDC3A,5.2705872013993786e-8,0.32684026814382394,0.451,0.25,9.479151081716782e-4
SOD1,5.293094792412753e-8,0.2836544235734144,0.927,0.875,9.519630984154336e-4
PFKM,5.330802921742436e-8,0.306868177720069,0.547,0.337,9.587449054753772e-4
SH3BP5,5.4564645714768225e-8,0.34643983824108177,0.429,0.24,9.813451531801066e-4
CYFIP2,5.6226173743872205e-8,0.3633631114461504,0.521,0.332,0.0010112277347835417
ANO8,5.629860527971581e-8,0.281461261928901,0.284,0.106,0.001012530415955689
UBR5,5.693868448369703e-8,0.31002506090725146,0.36,0.168,0.001024042240439291
SNHG14,5.877499874288059e-8,0.32082300025824306,0.919,0.846,0.0010570683523907075
HUWE1,5.907247952383727e-8,0.3299799756743911,0.552,0.361,0.0010624185442362133
LUC7L,6.02251216129711e-8,0.33991468105729616,0.602,0.394,0.0010831488122092852
SQSTM1,6.157176677571333e-8,0.31755046047598867,0.654,0.466,0.0011073682254612042
AURKAIP1,6.211827712422936e-8,0.3277069078292161,0.595,0.389,0.001117197214079265
TRIM2,6.357407556270333e-8,0.35118463693681135,0.602,0.433,0.0011433797489952193
UNC13A,6.516402843080177e-8,0.2927470694754161,0.318,0.135,0.0011719750513279699
LZTS3,6.533742363712483e-8,0.319815312673587,0.425,0.231,0.00117509356411369
ATP5PO,6.716671552455893e-8,0.26672255246720145,0.901,0.803,0.0012079933787091923
VPS28,6.817248146424169e-8,0.32052017211975936,0.74,0.562,0.0012260820791343868
KIAA0895L,7.21857774952774e-8,0.32869575203778434,0.554,0.356,0.001298261208252564
ATCAY,7.269722682138212e-8,0.36141171689735313,0.442,0.245,0.0013074596243825573
CLCN3,7.293065259511523e-8,0.29274706947541584,0.514,0.303,0.0013116577869231472
CYB5R3,7.551877851294884e-8,0.31496180329094203,0.636,0.418,0.0013582052315553848
MT-ND4,7.777463242346663e-8,-0.5053676053977725,1,1,0.0013987767641360472
DPYSL4,7.849312201093881e-8,0.3415929734049542,0.525,0.327,0.0014116987993667346
ROBO3,7.942437864383437e-8,0.3187422780083605,0.274,0.101,0.001428447449909361
MMP24,7.945870396213372e-8,0.32470681087296116,0.365,0.178,0.0014290647907589749
ZFAND5,8.108585865674493e-8,0.32977780042038307,0.748,0.567,0.0014583291679415575
KIFAP3,8.483319218581102e-8,0.3432587745528639,0.602,0.418,0.0015257249614618112
BLOC1S1,8.527893897143384e-8,0.33904072174935096,0.7,0.519,0.0015337417174012375
TRIO,8.708068126949745e-8,0.30294939129172493,0.549,0.346,0.0015661460526319117
UBE2V2,8.95325201311383e-8,0.3338930522454472,0.575,0.389,0.0016102423745585222
MAPT,9.331906525659476e-8,0.47034599880314953,0.628,0.457,0.0016783433886398567
COA3,9.338653801644665e-8,0.2812905540404145,0.654,0.447,0.0016795568862257929
SMDT1,9.446617587346582e-8,0.3189868371343971,0.578,0.404,0.0016989741730842828
HOXC10,9.737334192707548e-8,0.3887010920232417,0.456,0.274,0.0017512595545584526
ERI3,1.002282716833793e-7,0.31372877722173653,0.557,0.361,0.001802605466225577
WNK2,1.0312887927466877e-7,0.3340739317643512,0.616,0.423,0.001854772893754918
CTNNA2,1.0331575604938652e-7,0.2991448406735666,0.449,0.255,0.0018581338725482165
CCDC88A,1.0335631329420153e-7,0.31839987975330863,0.532,0.341,0.0018588632945962145
CCT6A,1.0441365187461888e-7,0.27715957646437084,0.623,0.438,0.0018778795289650205
ACO2,1.0549871650194996e-7,0.29850633876410115,0.63,0.438,0.0018973944162875701
KIDINS220,1.0821397835075214e-7,0.3394635683824464,0.696,0.514,0.0019462284006382773
WBP2,1.0847801196916818e-7,0.35279445314535507,0.585,0.418,0.0019509770452654897
NCK2,1.0916089900977422e-7,0.29055118618863807,0.406,0.212,0.0019632587686907893
NDUFA10,1.1006879341668511e-7,0.28458341652716257,0.57,0.361,0.0019795872495990815
C3orf14,1.1131636842679498e-7,0.2812615993773685,0.259,0.091,0.0020020248861559076
COX5A,1.1161201367580898e-7,0.33464822493717095,0.843,0.779,0.0020073420659594246
SF1,1.1252895475848021e-7,0.3047490059288609,0.751,0.577,0.0020238332513312666
PHC1,1.150657335469918e-7,0.32456188117584095,0.51,0.312,0.002069457217842648
PTOV1,1.1827695398502444e-7,0.3125286343522564,0.892,0.837,0.0021272110174206647
NCKAP1,1.185821383884192e-7,0.30144041018669465,0.687,0.505,0.0021326997589157194
SPAG9,1.1874911965874182e-7,0.305514365549294,0.643,0.466,0.0021357029170624717
CMC2,1.2099892819485375e-7,0.295119923696001,0.336,0.154,0.002176165723584445
SC5D,1.2204710714469162e-7,0.33988832770860855,0.475,0.293,0.0021950172219972787
DHCR7,1.2217079937725109e-7,0.3147733758054149,0.425,0.226,0.0021972418267998607
ISCU,1.235789966932397e-7,0.3010199531629216,0.559,0.356,0.002222568255527916
GSK3B,1.2380987634925455e-7,0.2715528472062926,0.466,0.25,0.002226720626141343
MYT1L,1.245265210646147e-7,0.2949907636148773,0.377,0.183,0.002239609481347095
CTPS1,1.2479179598661362e-7,0.26397976529661615,0.282,0.106,0.002244380450819246
CCT4,1.27756776338082e-7,0.2935735920078415,0.643,0.447,0.002297705622440405
CEP95,1.2946648388029128e-7,0.26431866114889835,0.333,0.144,0.0023284547125870386
CDC16,1.3454969496058097e-7,0.3270861852474261,0.448,0.264,0.002419876263866049
SPOCK2,1.3834482495693215e-7,0.4233311792855601,0.544,0.375,0.002488131676850425
PSMD10,1.425818810001843e-7,0.2693054230956437,0.437,0.236,0.0025643351297883147
TMEM14A,1.4330193328709694e-7,0.331523901753199,0.527,0.337,0.0025772852701684383
UBE2N,1.4532764082621013e-7,0.3159767036820602,0.62,0.418,0.002613717620259389
ANKRD13B,1.4700132191306894e-7,0.301666387163938,0.389,0.197,0.0026438187746065447
VGF,1.481150189230937e-7,0.38940205206061956,0.371,0.197,0.0026638486153318405
DTX4,1.509560534817353e-7,0.3395495770491981,0.676,0.51,0.0027149446218690094
VSNL1,1.5435530746275147e-7,0.48382768490315664,0.548,0.394,0.002776080204717585
DCHS1,1.5770314804587898e-7,0.2547315753098153,0.552,0.341,0.0028362911176051334
IDS,1.6074062682702467e-7,0.32165976139065466,0.84,0.726,0.0028909201734840387
MAPRE1,1.635224332205407e-7,0.2927470694754162,0.528,0.327,0.0029409509614714245
MAPK8IP3,1.6670855294192346e-7,0.3266279621511936,0.541,0.37,0.0029982533246604936
TUBA1B,1.7329072203547653e-7,0.2695348911044464,0.998,1,0.0031166336358080453
HMGB3,1.738204808304327e-7,0.32797555778639725,0.42,0.236,0.003126161347735332
LRATD1,1.7390539325394187e-7,-0.5649559765055706,0.473,0.577,0.0031276884976721444
TMEM59L,1.7502326306774238e-7,0.32386405430588283,0.782,0.625,0.0031477933862733465
SLC25A3,1.75538206976802e-7,0.29388934589367155,0.859,0.827,0.003157054652477784
TMEM132B,1.7567984106659892e-7,0.26271590622245505,0.274,0.101,0.0031596019415827815
XPOT,1.7785249088149186e-7,0.27082645121849386,0.342,0.154,0.0031986770485036313
TRIR,1.8224018486370896e-7,0.3279957952025432,0.826,0.731,0.0032775897247738057
HSPD1,1.8382742027031877e-7,0.265373294429462,0.769,0.601,0.0033061361535616832
MIF,1.8413104107880698e-7,-0.30167769949809964,0.998,0.995,0.0033115967738023434
ZFAND6,1.844044093618522e-7,0.28956113875656825,0.417,0.221,0.003316513302372912
WASF1,1.9170707684202822e-7,0.33848321560479083,0.43,0.255,0.0034478517770038775
DGKD,1.9553452174350397e-7,0.3041518327476655,0.366,0.183,0.003516688373556919
MAGI1,1.966045040459781e-7,0.2588282433965362,0.325,0.144,0.003535932005266916
DNM1,1.9690186371155784e-7,0.37479931489239404,0.62,0.452,0.003541280018852368
RALGPS1,1.9694510459113024e-7,0.3111393813376756,0.419,0.236,0.0035420577060714773
DDX17,1.987860048872286e-7,0.3140156862290677,0.965,0.942,0.0035751662978968065
RBM5,2.0079301949829647e-7,0.3232102129540547,0.73,0.543,0.0036112624556768618
SNRPG,2.0159135952315322e-7,0.2677031769335336,0.78,0.625,0.0036256206010239107
MCRIP1,2.044100173045894e-7,0.28163715177084203,0.675,0.49,0.00367631416122304
SPCS2,2.0886785399696626e-7,0.32005441547115154,0.562,0.38,0.003756488354135438
RAB6B,2.1107478200459656e-7,0.36615106451933876,0.662,0.486,0.003796179954352669
"NAP1L4",2.1461300920641576e-7,0.298377890833739,0.665,0.466,0.0038598149705773876
ZMIZ2,2.156732245424178e-7,0.31500507821350765,0.458,0.269,0.003878882943395384
GUK1,2.212263898519742e-7,0.264752827071419,0.889,0.755,0.003978756621487756
MARCH6,2.240516943703976e-7,0.28518377539894746,0.827,0.673,0.004029569723251601
GPSM1,2.2425430239443916e-7,0.33027176346118714,0.501,0.312,0.004033213628563988
NKAIN4,2.2613175789544455e-7,0.27883888943436574,0.413,0.212,0.00406697966574957
MAPK8IP2,2.280093625609067e-7,0.359490464062005,0.465,0.288,0.004100748385657907
ANXA2,2.289761252640435e-7,-0.39419306442733054,0.229,0.385,0.004118135612873822
TRO,2.3051831355541493e-7,0.3598280613835979,0.716,0.534,0.004145871869294137
SCN3B,2.329030254806192e-7,0.4008520217515007,0.543,0.361,0.004188760913268936
RAB6A,2.3843574022748114e-7,0.3391500923551629,0.649,0.49,0.004288266787991248
ATP5PF,2.384469202260462e-7,0.2635069540299715,0.932,0.88,0.004288467860265441
FAM3C,2.4024227315966616e-7,0.3095119519548215,0.536,0.351,0.004320757282776596
ZNF83,2.428420335471615e-7,0.28940104159542485,0.396,0.207,0.0043675139733457
AUP1,2.4387541173041627e-7,0.3047612544440905,0.47,0.279,0.0043860992799715365
PRKAR1A,2.442177898163644e-7,0.27383860692535134,0.721,0.538,0.004392256949847313
MAST1,2.449504618574156e-7,0.4252928734293835,0.518,0.341,0.00440543405650562
DLK1,2.449535574981e-7,0.4621223680949649,0.612,0.505,0.0044054897316033285
GRINA,2.452863628886947e-7,0.29875830750927745,0.85,0.774,0.004411475236553174
GOLM1,2.5023725676583493e-7,0.34855664945473386,0.837,0.707,0.004500517062933541
AP3D1,2.570990798124418e-7,0.27730833820741996,0.661,0.452,0.0046239269504267655
DISP3,2.610017542280898e-7,0.26829402575087713,0.299,0.125,0.004694116549792195
PALM,2.632909833981331e-7,0.3211405082512414,0.59,0.413,0.004735288336415424
PLRG1,2.6441979001410306e-7,-0.41019112089059584,0.359,0.51,0.004755589923403644
WIZ,2.7086168862446706e-7,0.2609633598146831,0.372,0.183,0.00487144746991104
CUL1,2.7684029979362673e-7,0.2916325888940073,0.388,0.202,0.004978972791788377
DHCR24,2.849485545743162e-7,0.41685820890814984,0.517,0.365,0.0051247997540190765
CNDP2,2.95886712968283e-7,0.26562572647632676,0.35,0.168,0.0053215225327345695
CDK2AP1,2.985002097669948e-7,0.3205421744171586,0.569,0.375,0.005368526272659401
NETO2,3.011428924605274e-7,0.2521743603876,0.294,0.12,0.005416054920902585
GRIA2,3.012974590569397e-7,0.3222913450894313,0.388,0.207,0.0054188348011390605
ARPC2,3.0136217224214653e-7,0.27209855050015097,0.727,0.558,0.005419998667775005
PRKAR1B,3.053915098310178e-7,0.34266494328875813,0.416,0.24,0.005492466304310856
DOK5,3.106020367689667e-7,0.2520333964868685,0.25,0.087,0.005586177631289866
TUBB4A,3.1128286387442475e-7,0.3919566734033151,0.478,0.303,0.0055984223067815295
ELMO2,3.159117868386051e-7,0.29855269115662164,0.353,0.178,0.005681673486292313
COL1A2,3.166892876417985e-7,0.45884135575534657,0.716,0.663,0.005695656838237747
RBM8A,3.239054983508608e-7,0.27811776685085876,0.625,0.433,0.005825440387840232
RGMA,3.395864255957744e-7,0.30436898911693994,0.418,0.231,0.006107461864340002
TNNI2,3.399772053933934e-7,0.4409485927606098,0.583,0.476,0.006114490039000181
SEMA6A,3.428408804266489e-7,0.28551550024434014,0.444,0.26,0.00616599323447328
MAPK6,3.4395345451162546e-7,0.2959976041758373,0.406,0.221,0.006186002879391584
NLGN4X,3.561782016725313e-7,0.27709815882025346,0.322,0.149,0.0064058649570804755
AHI1,3.568332453095374e-7,0.2839434110911845,0.403,0.216,0.006417645916892031
RPS6,3.5708893751573024e-7,-0.2504928848346073,0.998,1,0.0064222445412204085
TSPAN3,3.5906931906033465e-7,0.2864350220387233,0.953,0.933,0.006457861703300118
DHX30,3.6234228808581216e-7,0.30691440140200976,0.534,0.351,0.006516726051223332
CELF1,3.628453917062646e-7,0.31004687019124677,0.548,0.351,0.0065257743698371685
CDKN2D,3.665208388512679e-7,0.4387083561326325,0.655,0.51,0.006591877286740053
FUT9,3.7531657066099206e-7,0.26397976529661615,0.282,0.115,0.006750068523337942
TPD52L2,3.758970037230794e-7,0.3198831994129302,0.554,0.37,0.0067605076119595835
ANKRD10,3.8692328182845827e-7,0.30346020069070967,0.578,0.394,0.006958815223684822
MED10,3.901814097208873e-7,0.2695707471093219,0.36,0.183,0.007017412653830158
SNHG9,3.9772740325635e-7,0.29195849605272783,0.661,0.471,0.007153127347565455
CNP,4.0266880480768456e-7,0.2812012490677841,0.431,0.24,0.007241998454466206
SRSF6,4.1488541338768175e-7,0.285066332393792,0.621,0.404,0.007461714159777456
RUSC2,4.166767791836552e-7,0.32664747609370676,0.464,0.279,0.007493931873618039
IK,4.20121472025359e-7,0.29567838448500083,0.492,0.298,0.007555884674376082
KPNB1,4.290597285327173e-7,0.2977651442420406,0.484,0.293,0.0077166392176609205
BMERB1,4.3768148332520355e-7,0.333503877088815,0.62,0.476,0.007871701477603786
HTR1D,4.3825914656878266e-7,-0.25136029833389867,0.114,0.245,0.007882090751039557
MAGEF1,4.4528760980017153e-7,0.27506790224059063,0.527,0.337,0.008008497662256085
CDK5R1,4.4648588716666636e-7,0.3850365278141987,0.549,0.38,0.008030048680692495
MDH1,4.511892989459559e-7,0.31379937155501825,0.794,0.659,0.008114639541543017
NPTN,4.519673565567157e-7,0.3366498913522311,0.647,0.471,0.008128632907672533
THSD4,4.5261219993669097e-7,0.51391274936165,0.651,0.476,0.008140230415861387
ELAVL2,4.5902902526039186e-7,0.30667590810681844,0.406,0.226,0.008255637019308147
SEC31A,4.598233450018096e-7,0.28089956321601445,0.422,0.236,0.008269922859857545
CELSR2,4.793597227424824e-7,0.30741511926425164,0.442,0.26,0.008621284613523546
ZYX,4.800362625574893e-7,0.3060438920888737,0.592,0.399,0.008633452182096445
GPRIN1,4.941927600345485e-7,0.29387373492970015,0.356,0.178,0.008888056789221355
CBX3,4.958662193706671e-7,0.3053746778031655,0.694,0.553,0.008918153955381447
PITHD1,5.15241881925059e-7,0.3059742286474014,0.532,0.361,0.009266625246422187
MRFAP1L1,5.206811287684551e-7,0.30019806107098035,0.542,0.361,0.009364450100900664
BMPR2,5.220070659371054e-7,0.28599873422671407,0.524,0.341,0.00938829708087884
CPEB2,5.223534177638648e-7,0.29731979926524005,0.349,0.173,0.009394526218483109
GLRA3,5.243307488751491e-7,-0.2941532354872326,0.144,0.279,0.009430088518519557
RPS3,5.257015198099759e-7,-0.25410523161731735,0.993,0.995,0.009454741833782417
MOAP1,5.294178486176905e-7,0.3490060685319256,0.597,0.438,0.009521580007389164
AP2M1,5.327765761734995e-7,0.29541625625140044,0.926,0.88,0.009581986722480389
AKT1,5.506547446475401e-7,0.2984307079789984,0.532,0.341,0.009903525582486009
HIP1R,5.567808913851249e-7,0.2938233060347555,0.396,0.212,0.010013704331561471
IPO5,5.698237038225703e-7,0.257043007793737,0.419,0.231,0.010248279313248926
CDC42EP4,5.727427717293217e-7,0.3203404387192701,0.475,0.293,0.010300778749551851
CXCR4,5.814104557077594e-7,0.3062475044018065,0.282,0.12,0.010456667045904052
EIF4A2,6.13469146447721e-7,0.2682324669868523,0.946,0.899,0.011033242598862262
NPEPPS,6.242554312521897e-7,0.2719885093086185,0.525,0.332,0.011227233931070632
MCL1,6.42516394140227e-7,0.2712139079257747,0.416,0.231,0.011555657348611983
AMH,6.486528021137263e-7,0.27299177432880595,0.353,0.178,0.011666020646015367
UPP1,6.525961882392968e-7,0.25764936882602124,0.267,0.106,0.011736942445483753
MT-ND3,6.608786482895121e-7,-0.48386219063544456,0.999,1,0.011885902489486875
EBF4,6.802440542603031e-7,0.2566778147678941,0.316,0.144,0.01223418931587155
MAPK10,6.84406273109086e-7,0.2794313657667944,0.452,0.26,0.012309046821866912
RETREG2,6.95998850298945e-7,0.304621169763708,0.654,0.49,0.012517539322626526
KIF3A,7.002263386004358e-7,0.27446444262619585,0.429,0.245,0.01259357069972884
C1QBP,7.044661152940574e-7,0.2605589431852277,0.451,0.255,0.012669823083563623
TERF2IP,7.227107152440236e-7,0.32759647023301874,0.722,0.577,0.012997952213663766
AKR1B1,7.483551405376757e-7,0.2889826967176622,0.529,0.341,0.013459167202570097
GP1BB,7.534031449835448e-7,0.26324307516533263,0.332,0.159,0.013549955562529054
G3BP2,7.761253100470134e-7,0.2962088468793903,0.583,0.409,0.013958613701195536
CLCN4,7.77234982201244e-7,0.2593884725289851,0.326,0.154,0.013978571154889374
ABHD6,7.803519431454922e-7,0.2584711360442796,0.258,0.101,0.014034629697471677
KCNQ2,7.813437018991246e-7,0.2906697544428069,0.441,0.26,0.014052466478655755
NSD2,8.246327450781377e-7,0.3066862604332897,0.538,0.375,0.014831019920230308
NBEA,8.246773109579819e-7,0.3045857375108168,0.403,0.221,0.014831821437579303
SF3B3,8.263002159492323e-7,0.27841371846138685,0.4,0.226,0.014861009383846943
FKBP1A,8.301750827979912e-7,0.2735047417559986,0.567,0.38,0.01493069886412187
MADD,8.426848190735372e-7,0.29778265937271436,0.465,0.284,0.015155686471037566
FBLL1,8.452437516631182e-7,0.3190263942742649,0.411,0.231,0.015201708873661181
VPS9D1,8.491363790468742e-7,0.2795716807276827,0.311,0.144,0.015271717777158031
DTX3,8.516416279354674e-7,0.2945895921280156,0.523,0.361,0.01531677467841938
INPP4A,8.543900843657337e-7,0.272709316238871,0.39,0.212,0.015366205667317721
VAMP2,8.564568826107834e-7,0.3207226421366014,0.735,0.553,0.015403377033754941
CDH2,8.721597074973388e-7,0.2890335666763518,0.682,0.481,0.01568579233933964
SOX2,8.744272597099159e-7,0.3590387481845987,0.516,0.351,0.015726574265882837
CNN3,8.759015924606851e-7,0.3534674505133224,0.75,0.62,0.01575309014040542
NCAM1,8.938719402408214e-7,0.3166272632885967,0.938,0.918,0.016076286845231172
SEC61A1,8.948635379644101e-7,0.31584388132997443,0.641,0.481,0.016094120730289915
PBX3,9.025855253077838e-7,0.30545812122497007,0.577,0.409,0.01623300067266049
ARF1,9.277061237159138e-7,0.26323568479546733,0.857,0.736,0.01668479463503071
C11orf49,9.323643302587279e-7,0.28089956321601445,0.417,0.236,0.01676857247970322
GPC2,9.38122971603913e-7,0.3206780022232081,0.399,0.226,0.016872141644296373
LAMP5,9.416044813969598e-7,0.26593946463581375,0.278,0.115,0.016934756597924323
C16orf58,9.42307238953034e-7,0.2507529808107887,0.316,0.144,0.016947395692570318
TOMM20,9.447372851796371e-7,0.27044329511092635,0.63,0.447,0.016991100073955774
MGAT5B,9.460479077716111e-7,0.25344044637820107,0.352,0.178,0.017014671621272424
PLXNA3,9.877988526836885e-7,0.3093180489696835,0.441,0.264,0.017765562365516137
TIMP1,9.902486094250169e-7,-0.27495009953109273,0.385,0.582,0.01780962124050893
SATB1,1.0156473287737093e-6,0.2689003275210482,0.33,0.163,0.018266417207995163
GLRA2,1.0238705643764558e-06,0.26032559178303843,0.304,0.139,0.018414312100310557
HIGD1A,1.0369162566032942e-6,0.27551253205906223,0.544,0.365,0.018648938875010245
ZMYND11,1.053600352870089e-6,0.2543632472297194,0.377,0.197,0.018949002346368548
PPP2R2B,1.0569178237681665e-6,0.3088667348386927,0.409,0.24,0.019008667060470476
PLEKHG4B,1.0600249814321184e-6,0.26727638195929804,0.29,0.125,0.01906454929105665
TARBP1,1.072865659267899e-6,0.30287128674912334,0.461,0.288,0.01929548888193316
CACNA1B,1.0917827309872035e-6,0.2622449810780721,0.292,0.13,0.019635712416804854
LPAR2,1.1377722767949524e-6,0.28034398765047586,0.363,0.192,0.020462834398157218
CYCS,1.1389563396503033e-6,0.2990211819818339,0.756,0.62,0.020484129768610707
VEGFB,1.1467936911094526e-6,0.2726016986090063,0.677,0.495,0.020625084534603506
DEGS1,1.1620746230385934e-6,0.2972484617103568,0.378,0.212,0.020899912095349103
CAPZA2,1.1718467590435094e-6,0.2587222545347453,0.408,0.226,0.021075663961397515
RAB14,1.1719946282550035e-6,0.2691107052081778,0.555,0.365,0.021078323389166237
MAP2K2,1.2163161602751962e-6,0.2772208897313675,0.654,0.486,0.021875446142549403
ABCA3,1.2446028518390691e-6,0.3260842533495284,0.527,0.37,0.02238418229032566
LINC00599,1.2516987973912907e-6,0.2625850989651636,0.256,0.101,0.022511802871082363
CHKA,1.257772741991873e-6,0.2660791190133361,0.423,0.24,0.022621042764723837
CDH13,1.2652434648605193e-6,0.2970794902714492,0.404,0.231,0.022755403715516438
EFNB3,1.2748442490227286e-6,-0.2779042451472207,0.92,0.971,0.022928073818673775
STMP1,1.290756201200105e-6,0.26587723524676055,0.595,0.409,0.023214250278583887
ITGB5,1.3342450611532392e-6,0.3030561688143845,0.336,0.168,0.02399639742484101
ARNT2,1.3626543990083299e-6,0.27926384011179395,0.378,0.207,0.024507339366164813
ATN1,1.3638640164900294e-6,0.28377860575352987,0.633,0.442,0.02452909433657318
NDUFB1,1.3796680263340102e-6,0.2730594626813345,0.921,0.851,0.024813329453617174
SNAP91,1.4435643387098084e-6,0.35893318872369806,0.499,0.346,0.025962504631695905
CRK,1.4708367297820334e-6,0.2848665463411699,0.372,0.202,0.02645299858512987
PTMS,1.4916045075315864e-6,0.25931413745884835,0.949,0.928,0.02682650706795558
NCDN,1.4918350546802259e-6,0.3009675762803845,0.547,0.389,0.02683065345842386
ENTPD6,1.524169825279035e-6,0.2778188279480314,0.406,0.226,0.027412194307643443
PAFAH1B3,1.543634054013591e-6,0.32253053849806834,0.544,0.375,0.027762258461434434
TNPO2,1.5437155929922768e-6,0.29994257087961984,0.452,0.284,0.027763724939966098
SPG7,1.5454546154405017e-6,0.25802456248622696,0.548,0.351,0.027795001258697424
RBM23,1.5880932897707557e-6,0.267800712345185,0.442,0.264,0.02856185781652704
TSPAN11,1.5882304946505323e-6,0.28574934335059643,0.327,0.163,0.028564325446289823
SMIM29,1.6533098701979818e-6,0.2628168634103685,0.377,0.207,0.029734778015510704
AP3S2,1.7106674958691974e-6,0.2539073276120555,0.372,0.207,0.030766354913207516
SEPTIN9,1.7148725639869084e-6,0.2603255917830387,0.511,0.322,0.030841983063304546
TFRC,1.7605211442327494e-6,0.26032559178303855,0.265,0.111,0.031662972779025994
HCN3,1.768808021174744e-6,0.2560714197630779,0.313,0.149,0.03181201226082777
H2AFZ,1.770925148599481e-6,0.25341215717038335,0.899,0.808,0.03185008879756167
MTMR4,1.8111575891533235e-6,0.27134003416975827,0.377,0.212,0.032573669240922525
NUMA1,1.823130538806199e-6,0.2598637076616328,0.629,0.447,0.032789002740429486
MAST2,1.8347806254368027e-6,0.26959904170679017,0.461,0.279,0.0329985295484809
ADNP,1.8380418794952811e-6,0.2608683460277641,0.511,0.322,0.033057183202722634
GCN1,1.8847703635399302e-6,0.2591106906241794,0.305,0.144,0.033897594988265646
PSMD4,1.9195382338955613e-6,0.2529852406000438,0.531,0.341,0.03452289513661167
RGS12,1.953348586990874e-6,0.2696634563623747,0.337,0.168,0.035130974337030864
CKM,1.9926564254856944e-6,0.38462076069422857,0.501,0.356,0.035837925812360213
THRAP3,2.0581653605984294e-6,0.2617448688683727,0.36,0.192,0.03701610401036275
UQCRFS1,2.062124794842866e-6,0.2533878768462998,0.704,0.553,0.037087314435248944
ARVCF,2.075086274778974e-6,0.2615983709047517,0.497,0.312,0.03732042665189985
THBS2,2.0753813135478456e-6,0.27997977340153835,0.23,0.087,0.037325732924158
ZNF711,2.0763238010974462e-6,0.2539654270035981,0.438,0.255,0.03734268356273757
IRGQ,2.1148821544135284e-6,0.2657800218751466,0.416,0.24,0.03803615554712731
HIGD2A,2.1215657676266796e-6,0.28434571582860146,0.525,0.341,0.03815636033076583
DNAJC5,2.1457593694874905e-6,0.2777449061361694,0.604,0.418,0.03859148226023252
NDUFB6,2.167623446263467e-6,0.27115636125481024,0.682,0.519,0.038984707681048454
PANK3,2.255338098113068e-6,0.30806786875917197,0.451,0.293,0.04056225569456353
SERINC1,2.2581862144013187e-6,0.316518247986483,0.894,0.889,0.040613479066007714
FNBP1L,2.2637895591596896e-6,0.3228043033315958,0.575,0.418,0.040714255221487014
SCAMP3,2.2762607419078617e-6,0.2781426565666439,0.448,0.274,0.040938549443212895
ELAVL4,2.3475741839217707e-6,0.30226286459561363,0.4,0.226,0.04222112169783305
VTA1,2.384943864582754e-6,0.2684065451060058,0.408,0.24,0.04289321540452083
UBE2H,2.408068903043671e-6,0.2681012197445577,0.536,0.361,0.04330911922124043
UBE2E3,2.4158965750616873e-6,0.284557671662069,0.774,0.673,0.04344989990248445
FIBP,2.4313548463252276e-6,0.2896522630525503,0.439,0.269,0.043727916911159216
NORAD,2.494805923909589e-6,0.25923222678876745,0.879,0.822,0.04486908454151396
FAM32A,2.518997914892299e-6,0.26975940894402606,0.483,0.312,0.045304177499337996
ATL1,2.530303050894971e-6,0.26820488521262453,0.335,0.173,0.04550750037034606
UBE2I,2.5335693178123187e-6,0.2767326603804443,0.535,0.361,0.04556624418085455
TCF12,2.5344523043216953e-6,0.2993649482399236,0.379,0.221,0.04558212469322569
MAPK8,2.5383460704741385e-6,0.25188730325210906,0.386,0.216,0.04565215407747738
HOXA10,2.5409112808577525e-6,0.3934520217942856,0.478,0.341,0.04569828938622668
CAND1,2.5675160158038408e-6,0.30428100198777264,0.491,0.317,0.04617677554423208
ID4,2.6152600240594295e-6,-0.30631292002386523,0.795,0.889,0.04703545153270884
CCT7,2.6956381248865884e-6,0.27529809871919897,0.684,0.534,0.048481051676085296
MRPS6,2.7355951513340397e-6,0.27540348459789477,0.523,0.346,0.0491996787967427
PLPPR2,2.74849302808927e-6,0.2695492468118964,0.561,0.365,0.049431647110185516
COX4I1,2.8024473649465897e-6,0.26941849583187905,0.973,0.942,0.050402015858564415
EZR,2.8346228894336007e-6,0.33526049675806424,0.525,0.356,0.05098069266646331
MYO5A,2.841004851087091e-6,0.28970661515536483,0.443,0.279,0.05109547224680133
DBNDD2,2.9508833664781484e-6,0.3035391262262017,0.461,0.288,0.0530716373461095
BRSK2,3.0703713314672566e-6,0.25637467981045403,0.304,0.149,0.05522062839643861
GDAP1L1,3.088492232913879e-6,0.28556691580915916,0.425,0.255,0.05554653280895611
MORF4L1,3.1086046062765797e-6,0.26864420507621367,0.933,0.894,0.05590825384388429
ARHGEF7,3.144573430494612e-6,0.29369589886896463,0.506,0.346,0.0565551531474456
HP1BP3,3.158739768505159e-6,0.25055244336361004,0.611,0.442,0.05680993473656529
MYCBP2,3.2118547683367184e-6,0.3029789920863722,0.444,0.284,0.05776520800853588
MIR100HG,3.275512347042376e-6,0.29453812500140397,0.542,0.389,0.05891008956155713
FAM181B,3.3170157623353445e-6,0.2881779602219633,0.339,0.178,0.05965652848560117
UPF3A,3.347959886690032e-6,0.2998916651072784,0.444,0.284,0.060213058562120225
DDX1,3.3621508859322303e-6,0.26832851688219944,0.477,0.312,0.060468283683491164
SDHA,3.406062511489844e-6,0.2626574090692256,0.445,0.279,0.06125803426914485
ITSN1,3.4259997221310203e-6,0.2927470694754162,0.486,0.317,0.0616166050025264
PSMA6,3.439368080291533e-6,0.25916446895103507,0.615,0.442,0.06185703492404322
TMEM130,3.448919178999738e-6,0.30568612518291416,0.545,0.389,0.06202881143431029
CHGA,3.473328579783165e-6,0.3218498614196762,0.382,0.226,0.06246781450740022
CACNA1A,3.521556171997536e-6,0.25127043349925693,0.31,0.154,0.06333518775337568
DIPK1B,3.579043836214806e-6,0.25483173964156913,0.485,0.312,0.06436910339432328
CARHSP1,3.5881586145903953e-6,0.27909204541594457,0.436,0.274,0.06453303268340826
CCT2,3.5995048766325353e-6,0.2736261863306705,0.58,0.404,0.06473709520623615
PLEKHB2,3.674818648138877e-6,0.29274706947541596,0.485,0.312,0.0660916133867777
DDX24,3.7110155276008333e-6,0.2676424440063847,0.683,0.495,0.06674261426390099
BEX5,3.7418617958799534e-6,0.36055785326503786,0.489,0.327,0.06729738439890096
PCBP1,3.755391242210585e-6,0.2609340671361702,0.795,0.688,0.06754071149115737
CEP170,3.7777832020646006e-6,0.2659801599126305,0.409,0.24,0.06794343088913184
NOL7,3.807500384982908e-6,0.26823078986838483,0.406,0.236,0.0684778944239176
CSPG5,3.84424508509605e-6,0.2671553555726753,0.411,0.245,0.06913874785545246
PITPNA,3.859604774616183e-6,0.28904310071199735,0.541,0.389,0.06941499187147204
UBE2S,4.062055873493866e-6,0.27101113982412117,0.543,0.37,0.07305607488478717
MYEF2,4.066896144152024e-6,0.3081771100450222,0.428,0.264,0.07314312715257415
POLR2G,4.078726684466874e-6,0.25538021701093117,0.612,0.438,0.07335589942013672
EIF5,4.112261696282992e-6,0.2841081512015433,0.612,0.442,0.07395902660764962
LAMA1,4.1334223051676795e-6,0.3317252375723564,0.287,0.139,0.07433960015844071
AARS,4.190537740307345e-6,0.3063758689209498,0.497,0.341,0.0753668212594276
PIP5K1C,4.227892920285038e-6,0.30111660732652584,0.424,0.264,0.07603865417132641
DENND5A,4.239572536749622e-6,0.25552828961829493,0.39,0.221,0.07624871207344196
NOTCH1,4.257406008641374e-6,0.27878712763057556,0.376,0.212,0.07656944706541512
ITGB8,4.32632734602808e-6,0.2916061480708464,0.333,0.178,0.07780899731831502
ANAPC5,4.429472670109725e-6,0.25509217679618623,0.483,0.308,0.07966406597192341
CHD2,4.54006140478813e-6,0.25622119345030203,0.483,0.312,0.08165300436511452
RALY,4.635249470798269e-6,0.2712139079257747,0.582,0.413,0.08336496173230686
CAMSAP1,4.645844635416963e-6,0.2726726293123756,0.415,0.25,0.08355551576797407
CNTFR,4.734894859924968e-6,0.27759484424286907,0.413,0.255,0.08515708405575055
CASK,4.749699843720854e-6,0.28899493461430836,0.509,0.341,0.08542335168931955
SEPTIN2,4.75442191482876e-6,0.27808735158222486,0.801,0.697,0.08550827813819525
ATP6V0C,4.762777510230082e-6,0.2908298664811251,0.933,0.918,0.08565855352148803
TBCD,4.991567534053478e-6,0.25754603767662554,0.503,0.327,0.0897733420999518
PTCD3,5.014969055990256e-6,0.26573611691490673,0.323,0.168,0.09019421847198476
IRF2BP2,5.107984642548392e-6,0.25232201529061893,0.504,0.322,0.09186710379623284
NDRG3,5.125856509723375e-6,0.2849876460173077,0.385,0.231,0.0921885293273749
AMZ2,5.336832837580024e-6,0.26991756940662825,0.484,0.317,0.09598293858387674
RANGAP1,5.3545373474170115e-6,0.2531901819731876,0.438,0.269,0.09630135419329496
SH3GLB1,5.439247338964115e-6,0.2595339274911376,0.47,0.308,0.09782486339126961
DAPK1,5.506932086326259e-6,0.27046562209940966,0.372,0.212,0.09904217357257776
FAAP100,5.581376035841651e-6,0.2663756718552873,0.39,0.226,0.10038104800461209
NDUFA6,5.6220125210794616e-6,0.2635250335118037,0.733,0.63,0.10111189519161412
DAAM1,5.896741709074053e-6,0.26142545845282905,0.494,0.317,0.10605289963769685
ODC1,5.903827642597446e-6,0.254611940588645,0.698,0.558,0.10618034015211505
NPTXR,5.925014006996085e-6,0.28636815691271095,0.417,0.26,0.10656137691582458
"NAV1",6.0639351755748e-6,0.2589443613846781,0.456,0.288,0.10905987413271277
RPS18,6.2019163511082106e-6,-0.2801220543835865,1,1,0.11154146557468117
PLXNB1,6.213604946846785e-6,0.29364847221694845,0.539,0.389,0.11175168496903942
PXN,6.4263992448873985e-6,0.25127043349925693,0.312,0.159,0.11557879041929986
TSPYL4,6.570339259158588e-6,0.26415614058537307,0.399,0.245,0.1181675515759672
RBFOX2,6.85360686875321e-6,0.3109417686374738,0.787,0.721,0.12326211953452648
GPS1,7.205457738695945e-6,0.26460931297323675,0.549,0.38,0.12959015743044658
TRIM24,7.311154984694602e-6,0.25979664767412924,0.333,0.183,0.13149112239973243
ARGLU1,7.487192102148726e-6,0.25325877959444054,0.714,0.567,0.13465714995714484
"NAPA",7.711859970501499e-6,0.27069014860221885,0.485,0.332,0.13869780156946945
NUDCD3,7.975814376228138e-6,0.25382402584108305,0.419,0.25,0.14344502155646305
FRMD4A,8.044577381445426e-6,0.2597068077114081,0.397,0.24,0.144681724205296
BCAP31,8.171923412399647e-6,0.26156875863367046,0.473,0.317,0.14697204257200766
CDO1,8.323512970772804e-6,0.2983030264353599,0.496,0.327,0.14969838077934888
NUDT3,8.421710145576171e-6,0.27551253205906223,0.529,0.361,0.15146445696818744
SOX9,8.670160043652735e-6,0.2663847986775007,0.287,0.139,0.15593282838509445
TPM3,8.716764732647396e-6,0.2511728566218737,0.629,0.462,0.1567710137166634
CHGB,9.008539288077044e-6,0.307102362452486,0.444,0.284,0.16201857909606562
MTFR1L,9.09257063726639e-6,0.2640833112232728,0.491,0.322,0.16352988291123602
PNMA1,9.270196902439021e-6,0.27097807710532507,0.703,0.553,0.1667244912903658
TPM1,9.559937859131997e-6,0.29274706947541607,0.709,0.625,0.17193548239648898
FGFR3,1.000512094729211e-5,0.2512910727656556,0.249,0.111,0.1799421002370486
DDAH1,1.0030790710539508e-5,0.2748498649488591,0.471,0.312,0.18040377092905305
LINC01963,1.0237963929323661e-5,0.25495474563739795,0.371,0.216,0.18412978126888604
ACTL6B,1.0926409576646863e-5,0.266274858114225,0.338,0.188,0.19651147623599383
APCDD1,1.0995005708665822e-5,0.3081222953623316,0.408,0.26,0.1977451776703548
FGF13,1.1021015966339174e-5,0.2751213987935812,0.424,0.274,0.19821297215461003
AUXG01000058.1,1.1075124989195532e-5,0.3106689774726785,0.541,0.385,0.19918612293068166
LRRN1,1.1371280506254246e-5,0.25550688188404874,0.36,0.207,0.2045124799049826
ANKRD13D,1.1705921575692095e-5,0.2804600253760704,0.441,0.288,0.21053099953882234
HS6ST2,1.1787034880880435e-5,0.31729336778393047,0.551,0.413,0.21198982233263464
STX12,1.227462081147469e-5,0.254611940588645,0.43,0.279,0.22075905529437229
MAP1A,1.2392576218256675e-5,0.2799878387600746,0.519,0.365,0.2228804832853463
ACTA1,1.2605866287824409e-5,0.37877261871882584,0.538,0.418,0.226716505186522
L1CAM,1.2631822049942257e-5,0.387423769013858,0.538,0.399,0.2271833195682115
FABP5,1.2671281978168584e-5,0.309620888039812,0.541,0.394,0.22789300637736198
CENPX,1.267390452827904e-5,0.2791274601862881,0.475,0.312,0.22794017294109853
ATXN7L3B,1.2804874269755271e-5,0.26880901481866093,0.538,0.394,0.23029566374154856
PHGDH,1.3170439472381071e-5,0.31043764659093687,0.492,0.341,0.23687035391077357
SCARB2,1.355280596077341e-5,0.2574210306229845,0.6,0.447,0.24374721520450976
TTL,1.3985101595864933e-5,0.25300697349914303,0.379,0.231,0.2515220522016308
NOVA1,1.4012311320417617e-5,0.29623605555529575,0.677,0.529,0.25201141909771085
RNF130,1.4540238461240845e-5,0.25845742053994,0.431,0.274,0.2615061887254166
WDR82,1.4690354136976217e-5,0.25238933185927503,0.541,0.37,0.26420601915351727
AKAP12,1.5087316875008147e-5,0.28104156882313713,0.469,0.312,0.2713453939970215
TP53BP1,1.5358325651315715e-5,0.25301020828127807,0.607,0.457,0.2762194868389131
SLC9A6,1.5571700602634908e-5,0.25524371044468286,0.383,0.231,0.2800570353383888
MLLT1,1.6072154174806773e-5,0.295218143515263,0.621,0.495,0.2890576928338998
MFSD10,1.8220551574824722e-5,0.27850313813321376,0.45,0.303,0.32769662007322264
DCXR,1.8356787505389114e-5,0.26215199227234653,0.494,0.341,0.33014682328442324
PRPF31,1.8669144203866178e-5,0.2539774993108408,0.373,0.221,0.3357645585065332
ANAPC11,1.8681451461508026e-5,0.26047988246720144,0.77,0.668,0.3359859045352218
TCTEX1D2,1.8718183516246974e-5,0.2730817768267849,0.538,0.394,0.33664653053970184
YARS,1.8871731314618542e-5,0.2879300531776403,0.504,0.375,0.33940808769341446
XRCC5,1.91802793346515e-5,0.25488350671479043,0.587,0.442,0.3449573238337072
COPZ1,1.944353204595037e-5,0.2501384640093369,0.558,0.394,0.3496919238464174
ITM2C,1.9876913406731816e-5,-0.35144813922717333,0.801,0.885,0.35748628762007173
H1FX,2.0498827719232055e-5,0.26114507208958737,0.832,0.721,0.36867141653038854
DAZAP2,2.0876990349913017e-5,0.2522164856994017,0.466,0.312,0.3754726714431856
C14orf132,2.088128316289599e-5,0.27715021442439763,0.424,0.269,0.37554987768468434
KIAA1191,2.091184308913019e-5,0.26273450040897633,0.415,0.269,0.37609949795800646
RELN,2.12119079976207e-5,-0.25632293824311025,0.349,0.495,0.38149616533720826
MTURN,2.168473859840628e-5,0.2559996663802483,0.558,0.385,0.39000002369233694
CSNK2B,2.216577623736695e-5,-0.2642134133185631,0.544,0.678,0.3986514856290446
MLF2,2.2265170502655483e-5,0.27171336960321923,0.813,0.721,0.40043909149025886
TMBIM6,2.2723647211981392e-5,0.26205027225249955,0.817,0.726,0.40868479510748534
RNPS1,2.410687884370811e-5,0.25929367376160295,0.816,0.702,0.43356221600409034
PODXL2,2.4261458111043227e-5,0.298362236578541,0.594,0.447,0.43634232412711244
ANKRD11,2.5365557462964047e-5,0.25432984281211196,0.404,0.255,0.4561995509714084
SYT16,2.6231350758487217e-5,-0.3018656012794593,0.199,0.317,0.4717708433913926
RBP1,2.6331005958436868e-5,0.3250260517317656,0.773,0.697,0.47356314216248707
C9orf16,2.655422983543445e-5,0.25367528175872156,0.814,0.745,0.4775778235902886
ARL4C,2.7128066856058767e-5,0.2704615245757945,0.413,0.269,0.4878982824062169
ACTR10,2.906314438739515e-5,0.2528543423519033,0.523,0.365,0.5227006518073017
SPINT2,2.945667456516786e-5,0.2852816192288504,0.495,0.356,0.529778292054544
BUD31,3.0311510666457134e-5,0.2500636076031063,0.478,0.327,0.5451525193362315
SCAMP5,3.076863039806262e-5,0.30620932928197875,0.503,0.365,0.5533738177091563
"NAP1L5",3.0898773699250224e-5,0.2956883447875386,0.449,0.308,0.5557144449810153
ZSWIM8,3.0920957255475816e-5,0.2679560329074161,0.403,0.264,0.5561134162397325
CLIP2,3.0942762058608555e-5,0.2758402934805304,0.511,0.385,0.5565055756240749
SUPT5H,3.109543180364e-5,0.2534735758911354,0.429,0.274,0.5592513409884653
SLIT2,3.160870091444929e-5,0.34427737011549797,0.485,0.351,0.5684824859463705
NUDT4,3.1950255680904804e-5,0.2507667633581938,0.359,0.207,0.5746253484210729
"NAP1L1",3.2753807069691056e-5,-0.28317167459493064,0.786,0.87,0.5890772201483936
DNAJA1,3.315567019485914e-5,0.26229945314018455,0.828,0.784,0.5963047284545416
DEAF1,3.4881046461043e-5,0.2522713802973583,0.578,0.442,0.6273356206018583
MATN2,3.532931677957718e-5,0.3101875174178549,0.438,0.293,0.6353977622806956
LIN7C,3.533902721329277e-5,0.2713871775704696,0.505,0.361,0.6355724044310704
PDCD6,3.562391700476037e-5,0.2549686068094179,0.552,0.404,0.6406961473306152
IMMP1L,3.590629648363395e-5,0.26448668852376034,0.485,0.341,0.6457747422581566
KAZN,3.670073847729436e-5,0.2631579076549987,0.367,0.221,0.6600627815141391
TTC19,3.671207956438001e-5,0.2589443613846781,0.452,0.308,0.6602667509653745
SOGA1,3.710919998506375e-5,0.2517095634906964,0.383,0.24,0.6674089617313714
CCDC184,3.7356941587922106e-5,0.2681232825065936,0.355,0.221,0.6718645944587791
HERC1,3.9578437999418655e-5,0.25048938201370896,0.445,0.303,0.7118182074195445
MAGEH1,4.08461492201168e-5,0.2583955646846391,0.446,0.293,0.7346179937238007
PREPL,4.52561075400134e-5,0.2585724685248276,0.658,0.51,0.813931094107141
FSD1,4.678213946982702e-5,0.2856426827754656,0.436,0.293,0.8413767783648389
ENO2,4.8106396016712685e-5,0.333852272805089,0.889,0.851,0.8651935323605776
PRRT2,5.0541692736189175e-5,0.2708045165947389,0.367,0.231,0.9089923438603623
SEC11C,5.1025018765906106e-5,0.26842652896927366,0.552,0.404,0.9176849625048213
ATP6V1E1,5.1425526751303535e-5,0.2889454993155598,0.494,0.375,0.9248880986221941
SELENON,5.395912231083241e-5,0.2898295860931217,0.483,0.356,0.9704548147603209
NR2F1,5.521462882723546e-5,0.2524415343827874,0.636,0.481,0.9930350994578298
ELMOD1,5.876573915134557e-5,0.28071998545982146,0.362,0.226,1
ZCCHC12,6.173867409329072e-5,0.2507886715013168,0.453,0.303,1
STAU2,6.240056452195396e-5,0.28276298090279395,0.456,0.327,1
RNF44,6.343668799131556e-5,0.25168986119023046,0.412,0.274,1
GNAO1,6.39564137546776e-5,0.28214196911642286,0.569,0.423,1
PPFIA2,6.521738050731565e-5,0.26786307353912103,0.38,0.245,1
PIGQ,6.57433620081582e-5,0.2681550812930239,0.428,0.288,1
ATP1A2,7.04432983853286e-5,0.2692485684134682,0.576,0.423,1
NLRP1,7.137829643991806e-5,-0.2896866049350011,0.554,0.654,1
SLC3A2,7.384887721764632e-5,0.25895435895953445,0.512,0.37,1
ATP6V1H,7.389123826698583e-5,0.2526545784301094,0.395,0.264,1
PTPRN,8.048731054536933e-5,0.26877424379338627,0.373,0.245,1
THY1,8.763128324401487e-5,0.258287598732043,0.51,0.38,1
ATP13A2,8.766387190851112e-5,0.25706167995289064,0.574,0.428,1
SPARC,9.4069737292226e-5,0.44647302013511325,0.912,0.966,1
HOXA5,9.423061754755005e-5,0.3251685471677932,0.475,0.351,1
FGFR2,9.888235262542935e-5,0.2702128844187671,0.36,0.221,1
DDIT4,1.0241439382269619e-4,-0.2904398063558886,0.358,0.486,1
DDR1,1.0276167576185851e-4,0.29399023632604804,0.743,0.635,1
ITFG1,1.0390401601445617e-4,0.26284558376155387,0.511,0.38,1
ATP6V1A,1.0423130892114211e-4,0.27147845272176474,0.538,0.418,1
C5orf49,1.193020555315077e-4,0.2729118878901522,0.29,0.163,1
DNAJC6,1.2549363426890976e-4,0.2580308640193166,0.419,0.288,1
SEMA6D,1.2843096078594206e-4,0.25187478805988783,0.572,0.438,1
PTPN5,1.366476753266804e-4,0.25224770719566336,0.418,0.284,1
NRXN2,1.3850749584491787e-4,0.27924280512566846,0.506,0.38,1
VIPR2,1.4100355674893396e-4,0.2873538107051977,0.352,0.226,1
PSIP1,1.4356912586262647e-4,0.2546119405886449,0.477,0.351,1
MT-CO2,1.526101978750261e-4,-0.2773096780547677,1,1,1
SYN1,1.6577011852806652e-4,0.29536776963455147,0.505,0.375,1
SERPINI1,1.6912004222640218e-4,0.25337283114127157,0.326,0.202,1
PLPP3,1.7454853392682686e-4,0.2736663279097112,0.371,0.25,1
IFI27L2,1.9293192624242456e-4,0.26090580294746024,0.541,0.413,1
ZIC2,2.0995225208740755e-4,0.2638145778629185,0.627,0.505,1
SRSF7,2.1832885489767403e-4,0.2517559494731123,0.491,0.385,1
GNG3,2.2041126100521275e-4,0.25583978035068744,0.585,0.466,1
PREX1,2.655782973461683e-4,0.25758146830783957,0.458,0.337,1
GTF3C6,2.747316750455473e-4,0.25047859659735183,0.409,0.284,1
STX1B,2.9933219581258747e-4,0.2544007578259334,0.47,0.346,1
ADCY2,3.353541411210394e-4,0.2535027522973389,0.625,0.5,1
SYT13,3.387015188520779e-4,0.3043493810214082,0.483,0.37,1
OLFM1,3.696816435567866e-4,0.29713438671635517,0.777,0.663,1
ADD2,3.8567748891230904e-4,0.25167112647250045,0.561,0.447,1
PLOD1,5.009567086816969e-4,-0.2616534531058259,0.351,0.466,1
GDF10,5.918554149883506e-4,0.34651832591639686,0.432,0.317,1
PGM2L1,8.834918021318255e-4,0.2509268937807889,0.503,0.38,1
MYH8,9.329576681935845e-4,0.30404576680165896,0.634,0.596,1
PRCP,0.0011038158793009408,0.2585028561762207,0.506,0.413,1
COL1A1,0.0012339072907466074,0.6562391755042061,0.79,0.822,1
PPP1R1B,0.0016194671042484518,-0.3113491821848906,0.404,0.5,1
TNNT1,0.001663594692766895,0.2955389330286179,0.635,0.601,1
ATP1B1,0.0019174321896885346,0.25495954488639105,0.876,0.865,1
B2M,0.002907007723125536,0.27157847803091517,0.563,0.466,1
MYLPF,0.003522876153360249,0.3350127964524261,0.963,0.976,1
ALDOC,0.0036132535467150503,0.2799338764081878,0.614,0.514,1
MYH3,0.0037033482882987277,0.2830580133069822,0.846,0.856,1
ACTC1,0.004048618998475794,0.322128719695598,0.932,0.923,1
SPARCL1,0.004492250977315291,0.3203662563300438,0.882,0.928,1
MT-CO3,0.004706075196222602,-0.2757286028389023,1,1,1
LINC00632,0.012096810865459263,-0.29487314469165227,0.415,0.486,1
TNNC2,0.022452126804732492,0.3164431619187724,0.762,0.793,1
NFIA,0.034959402998889416,-0.2626930612799745,0.459,0.505,1
COL6A3,0.06968761725444456,0.33714118883386957,0.517,0.514,1
NEFL,0.08998466214503965,0.26498379330486754,0.843,0.889,1
COL3A1,0.42046277944629334,0.46853777681724695,0.918,0.976,1
