gene_name,p_val,avg_log2FC,pct.1,pct.2,p_val_adj
SFRP2,8.018885123783201e-77,-1.4718940832495406,0.392,0.929,1.4453238547106843e-72
TUBB2B,4.27853578482744e-65,1.157415048077572,1,0.973,7.711632898572978e-61
TUBA1A,3.705826475697731e-60,1.032139327478312,1,1,6.67938163979759e-56
HMGCS1,5.0906965738563375e-58,1.2347880243258813,0.962,0.723,9.175471504718662e-54
JPT1,1.0243119730847272e-57,1.0187612895558193,0.95,0.784,1.8462199002879123e-53
UCHL1,6.6967170835936335e-56,1.1210045259533294,0.989,0.899,1.2070162871469165e-51
MARCKSL1,1.0338471835770678e-55,0.9141144469444287,0.987,0.926,1.863406163679307e-51
DCX,5.255005840442802e-55,1.2570017202505726,0.785,0.314,9.471622526814106e-51
TUBB2A,2.0372664730702363e-53,1.104560949941506,0.995,0.953,3.671969091061794e-49
C1orf61,2.5657340157313635e-53,1.1951182431338854,0.922,0.507,4.62447898995421e-49
PLCG2,4.991170129742905e-52,-1.1352617767203272,0.319,0.78,8.996085041848612e-48
CRMP1,8.825567657328066e-52,1.2331203243511235,0.941,0.659,1.5907203145568107e-47
SEPTIN3,1.1357747375799097e-50,1.0913960264956417,0.85,0.503,2.047120387014029e-46
ENC1,2.2403421316959966e-47,0.88128880702335,0.914,0.598,4.0379926581688644e-43
MAP2,3.32227169522801e-47,1.0371102201602893,0.885,0.507,5.988062503478965e-43
DPYSL3,4.021100162254174e-47,0.8343693334040971,0.98,0.902,7.247630932446923e-43
CD24,2.7865039674325543e-45,1.0495022270077354,0.888,0.557,5.022394750900436e-41
SCD,4.899651356430234e-44,0.809254128452741,0.946,0.747,8.831131604829854e-40
CALM1,2.631867450558337e-43,0.716040333824502,0.99,0.956,4.743677892886347e-39
STMN2,3.797051186112073e-43,1.2500758036642903,0.927,0.652,6.843805057848402e-39
ACTB,3.447908398662985e-42,0.6189710479088872,1,1,6.214510097750165e-38
NDUFA4,1.4783083292120386e-41,0.6764146601359884,0.994,0.963,2.6645029325717785e-37
TUBB3,2.7466546610981623e-41,1.1040438766268996,0.92,0.639,4.950570361163328e-37
GNB1,1.0769471593266654e-39,0.7520960752295109,0.96,0.848,1.9410895599703817e-35
RBFOX1,1.1413889345820517e-38,0.83557030802037,0.502,0.074,2.05723941569069e-34
RTN1,3.09908364528868e-38,0.9996488806736663,0.948,0.78,5.5857883622683175e-34
NREP,5.567993672687497e-38,0.674501774745115,0.998,0.997,1.0035751795651944e-33
NSG2,8.604277103664302e-38,1.083146463282395,0.836,0.48,1.5508349051644536e-33
RTN4,3.2636543581314103e-37,0.6927527850584341,0.976,0.905,5.882410615096054e-33
YWHAZ,1.2390527777624332e-36,0.6767854410398284,0.981,0.902,2.2332687266390096e-32
EMC10,2.12002946191888e-36,0.7069270830098694,0.811,0.47,3.821141102162589e-32
PEBP1,3.252646146669181e-36,0.714199900322845,0.968,0.865,5.862569414756533e-32
NGRN,3.2607057755464055e-36,0.7357476160095344,0.932,0.73,5.877096089844842e-32
MIAT,8.45547183972296e-36,0.9376436256885817,0.736,0.365,1.5240142443916662e-31
COX6C,1.0657132928765583e-35,0.5939775227583892,0.988,0.932,1.9208416390807087e-31
HOXB8,1.5990131461648659e-35,1.0186480679277872,0.588,0.203,2.882061294647554e-31
STMN1,3.8010929740298923e-35,0.7320914687273556,0.994,0.98,6.851089976391478e-31
MLLT11,5.385451036184621e-35,0.8440910454218129,0.886,0.655,9.706736947619161e-31
DNER,5.46154823129814e-35,0.8024111264215987,0.86,0.578,9.843894532091768e-31
KLC1,5.4886506183919e-35,0.7577851471113353,0.917,0.713,9.89274387458956e-31
GAP43,7.489573237001401e-35,0.991665122174588,0.906,0.622,1.3499206802371325e-30
YWHAQ,3.1355556387577992e-34,0.6727655063686122,0.976,0.916,5.6515254832970574e-30
GPM6A,3.572311559394344e-34,0.748448298214367,0.773,0.426,6.438734354652365e-30
SOX4,2.1949270159730538e-33,0.7690386617297885,0.824,0.483,3.956136453589832e-29
PKIA,3.684066758416336e-33,0.8008310470059061,0.836,0.561,6.640161925369604e-29
TMSB10,4.2899619100447734e-33,0.7231629663334687,1,1,7.732227346664699e-29
INA,4.4618321604608375e-33,0.9522721364916156,0.809,0.473,8.042006286014613e-29
SYT11,4.781990275836333e-33,0.720782421947868,0.667,0.307,8.619059273167407e-29
GNAS,6.6811429997873e-33,0.6007280638917631,1,0.997,1.204209214281663e-28
NSG1,7.787820733393774e-33,0.8567620116333732,0.878,0.554,1.4036768089868939e-28
GDI1,7.975489738294369e-33,0.6588242226897947,0.952,0.764,1.437502270430177e-28
CALM2,8.15519033567267e-33,0.6885512862971153,0.999,0.986,1.4698915061016418e-28
HSP90AA1,8.882464625408148e-33,0.6255375802519154,0.987,0.919,1.6009754240835648e-28
BEX1,2.0215187409175818e-32,0.7981797666457102,0.914,0.74,3.6435853786298496e-28
MVD,8.534723621734166e-32,0.8662690758810527,0.71,0.395,1.5382985855813661e-27
BEX3,1.2425271283755112e-31,0.5942279439612896,0.994,0.976,2.2395308961840215e-27
RTN3,2.0377436606336984e-31,0.6783723544336937,0.946,0.811,3.672829173926178e-27
STXBP1,2.3037460811839547e-31,0.9053153215464654,0.773,0.48,4.15227193672596e-27
COX6A1,3.076009932925993e-31,0.5664659384812958,0.986,0.932,5.54420030310581e-27
COX7A2,3.386397184660506e-31,0.5691236303375744,0.986,0.936,6.103642285632096e-27
FTH1,4.304086843950592e-31,0.46714336619806396,1,1,7.757686127536546e-27
DBI,4.651489982680905e-31,0.806301093812811,0.878,0.557,8.383845544784064e-27
CFL1,1.2482190811162704e-30,0.5328344010022779,0.995,0.983,2.2497900718039657e-26
SELENOW,1.7402500254705984e-30,0.5470926121449917,0.993,0.963,3.1366266459082067e-26
ACTG1,1.805631736119039e-30,0.49126346541926047,1,1,3.254470641180956e-26
TSPAN7,2.3117713259381475e-30,0.8714674412337634,0.781,0.473,4.166736637870917e-26
STMN4,2.332670593970841e-30,0.8071428280207024,0.758,0.409,4.204405478573044e-26
AL627171.2,3.76126001173291e-30,-0.6795251228664128,0.29,0.642,6.779295045147397e-26
FEZ1,3.85270367442324e-30,0.6723282383097346,0.737,0.429,6.944113102780448e-26
YWHAG,5.8506172967726606e-30,0.7465578916880811,0.89,0.703,1.0545152615703043e-25
HSPA8,1.301643040805458e-29,0.5444246612378159,0.998,0.983,2.3460814167477577e-25
NDFIP1,1.8176830440321202e-29,0.5986888179668288,0.946,0.774,3.276191918563493e-25
ADGRG1,2.3385716096046296e-29,0.8225230051288837,0.773,0.473,4.215041469151384e-25
CAMTA1,4.0994264995420563e-29,0.6199234410956658,0.784,0.459,7.388806322774602e-25
BASP1,4.199200639596794e-29,0.8966658910949299,0.922,0.801,7.568639232809261e-25
ACLY,4.9364822548356356e-29,0.6727894600623108,0.749,0.429,8.89751561611575e-25
ATP5F1E,5.604744537067398e-29,0.46725449455780366,0.998,0.997,1.010199155361028e-24
PAK3,7.494154227095588e-29,0.8056538830403981,0.554,0.206,1.3507463578917087e-24
GTF2I,1.0403368234378337e-28,0.5707101662677578,0.976,0.912,1.8751030905643515e-24
DPYSL2,1.9546663436794543e-28,0.6499541950677239,0.983,0.932,3.523090617847848e-24
INPP5F,2.0225563299828836e-28,0.7023102669916954,0.53,0.169,3.64545552916115e-24
PPP2R1A,3.4187185594412166e-28,0.5755252067057846,0.948,0.872,6.161898331536849e-24
SPTAN1,8.471640938593845e-28,0.6379483276898248,0.965,0.878,1.5269285627721548e-23
MSMO1,8.4832576139861e-28,0.6893756104428602,0.734,0.439,1.5290223523448547e-23
BLCAP,1.28352907044225e-27,0.6143947885025756,0.862,0.598,2.3134327965651113e-23
DKK1,1.4590231135712035e-27,-0.5127510245586575,0.101,0.372,2.6297432599007372e-23
BEX2,1.535464029506258e-27,0.6826516815784954,0.797,0.51,2.7675203667820796e-23
SDC3,1.7324814001482837e-27,0.608735957479009,0.909,0.693,3.1226244756272666e-23
DYNC1H1,2.311514455595055e-27,0.617459953661956,0.868,0.652,4.1662736547645274e-23
STMN3,2.3439586724088495e-27,0.7158491415327142,0.807,0.5,4.2247511111497103e-23
FDFT1,3.725839183075189e-27,0.5889658003719236,0.725,0.426,6.71545254357472e-23
CLASP2,4.085831252029532e-27,0.6686951991914045,0.709,0.409,7.364302248658029e-23
UBE2QL1,5.9969656999349e-27,0.7733745567332666,0.65,0.334,1.0808930977562665e-22
CAMK2N1,7.532745390068293e-27,0.7230173263701767,0.755,0.486,1.357702029105909e-22
TXN,7.623980906397428e-27,0.568767289911996,0.888,0.686,1.3741463185690723e-22
YWHAH,4.644580781878752e-26,0.750268487632433,0.863,0.652,8.371392401258262e-22
MAP1B,6.338131724280983e-26,0.594441751967425,0.999,0.983,1.1423848619844043e-21
SARAF,6.741860995264179e-26,0.5813038389380645,0.959,0.889,1.2151530257864157e-21
OCIAD1,7.179842289458923e-26,0.5788390105814787,0.914,0.76,1.2940947742520763e-21
PFN2,8.445690636284318e-26,0.5473433398177288,0.946,0.821,1.5222512802838854e-21
NDUFA1,9.637597131451346e-26,0.5309053664611803,0.927,0.794,1.7370805069727906e-21
USP22,1.5602394239586007e-25,0.5613062715539603,0.935,0.787,2.812175537742982e-21
LSS,1.9230106488643282e-25,0.5857891104894618,0.652,0.324,3.466034393513065e-21
HES6,2.16715406473253e-25,0.6113100862758291,0.641,0.287,3.906078486273912e-21
SREBF2,2.5462758946867495e-25,0.5880485165682419,0.821,0.568,4.589407672583397e-21
SST,2.562791002491665e-25,0.7053495892086296,0.343,0.034,4.619174502890977e-21
MYL6,2.703395992368868e-25,0.4426400943973774,0.999,0.993,4.8726009366456476e-21
ATP5F1B,3.1741203395265287e-25,0.5118570712788331,0.975,0.912,5.721034499962615e-21
EVL,3.3528942050488166e-25,0.6215377433172788,0.935,0.818,6.043256515179987e-21
DDX5,3.431395013950107e-25,0.5461445178153306,0.976,0.905,6.184746373143673e-21
HSBP1,7.571481190903636e-25,0.46755617013948414,0.965,0.902,1.3646837698484715e-20
PTN,7.601550142455259e-25,0.9014714514991344,0.988,0.926,1.3701033976761358e-20
CLSTN1,8.389557729456659e-25,0.550630418831872,0.928,0.767,1.5121338851572684e-20
CNTN1,9.297608857392055e-25,0.6313187231162867,0.735,0.483,1.675801020456344e-20
WSB2,9.570048312788371e-25,0.6393225276102771,0.667,0.365,1.7249055078969762e-20
DCLK2,1.0749721642986087e-24,0.6062842153188259,0.618,0.307,1.9375298289318122e-20
TMOD2,1.6840067347439767e-24,0.6577510444155672,0.508,0.186,3.035253738702544e-20
PEG10,1.7586020327070783e-24,0.6678212210831633,0.888,0.78,3.169704303751238e-20
IDI1,3.3060571485105158e-24,0.5872644419756554,0.647,0.345,5.958837404475354e-20
MAP4,3.549514350952377e-24,0.5413150109940066,0.763,0.466,6.397644666156564e-20
AUTS2,4.1753962509935425e-24,0.6538879314184527,0.609,0.311,7.525734202790761e-20
ATP9A,6.620783693308945e-24,0.6275403165628965,0.721,0.419,1.1933300528820042e-19
FDPS,6.930672569283508e-24,0.5664320343313084,0.719,0.432,1.2491844238876594e-19
ANK2,8.198233240119165e-24,0.5256771465736172,0.916,0.747,1.4776495591990784e-19
ATP5ME,1.252635963864619e-23,0.4280710395065688,0.994,0.966,2.2577510612695895e-19
TTYH1,1.3284964159752852e-23,0.67286594112384,0.712,0.419,2.394481940153854e-19
HOPX,1.6219026581211956e-23,0.8561928470446705,0.544,0.247,2.923317350997643e-19
PPIA,1.6354921254789212e-23,0.44643357463313826,0.998,0.986,2.9478110069632077e-19
MAGED1,1.708633545666959e-23,0.4760457978742032,0.965,0.926,3.079641102710127e-19
SYT4,1.722170583027401e-23,0.7575651970579269,0.705,0.405,3.1040402588485877e-19
GNG2,1.9403981933966254e-23,0.6689534570860967,0.742,0.497,3.4973737037780777e-19
VSTM2L,2.077945302009704e-23,0.6852877483473772,0.584,0.291,3.7452886123422907e-19
FASN,2.8790026484951146e-23,0.6204034111329229,0.766,0.507,5.189114373647595e-19
RUFY3,7.732340653722307e-23,0.5502827712133258,0.769,0.507,1.3936770794269086e-18
DPYSL5,7.784369573705373e-23,0.6115821638197729,0.826,0.574,1.4030547719646565e-18
PIP4K2B,8.203366266979245e-23,0.5919469962760762,0.705,0.443,1.4785747359603391e-18
HOXB3,9.596889668350052e-23,0.5838254125708309,0.622,0.331,1.7297433938234135e-18
MAL,9.649616720086367e-23,-0.28046022747496296,0.026,0.196,1.739246917628367e-18
SOX11,1.078765153823268e-22,0.5691772293667912,0.73,0.47,1.944366313251058e-18
MARCKS,1.2217201475821892e-22,0.4478125008577405,0.992,0.97,2.202028394002138e-18
KIF5C,1.2308479319249134e-22,0.6689488598585882,0.723,0.459,2.218480312501464e-18
GPC1,1.441006945628615e-22,0.5175723204334992,0.725,0.429,2.597270918801016e-18
KIF1A,1.5629431401743065e-22,0.6225975037485757,0.782,0.541,2.81704871585017e-18
HOXB9,1.5833736618125423e-22,0.6199412559944513,0.588,0.28,2.853872688050926e-18
C4orf48,1.7549156601135055e-22,0.5078476876117761,0.951,0.858,3.1630599857885822e-18
ATP5MD,2.1653663665506304e-22,0.4804710977901627,0.975,0.912,3.902856339070856e-18
SNAP25,2.574560813676443e-22,0.6795791919593352,0.668,0.355,4.640388410570421e-18
LINC00461,2.624053720757695e-22,0.5941538556754572,0.652,0.368,4.72959442629367e-18
GNG4,2.8080017319153908e-22,0.631973154990012,0.543,0.22,5.0611423216043e-18
FXYD6,3.828321052623558e-22,0.5150457035581497,0.934,0.75,6.900165865248701e-18
FHL1,3.8660370805647416e-22,0.5297973384309634,0.843,0.642,6.96814523400989e-18
CHCHD2,6.121325620280006e-22,-0.49709008968841784,0.245,0.534,1.1033077297992682e-17
SCD5,6.346354703317579e-22,0.577326326952649,0.719,0.473,1.1438669717259605e-17
ADCY1,7.017732916721891e-22,0.5772278160442565,0.522,0.22,1.2648761809099536e-17
NRCAM,7.355215708339409e-22,0.5642809148913095,0.475,0.169,1.325704079271095e-17
PAMR1,7.778298270126632e-22,-0.6768661534412231,0.297,0.591,1.4019604802076242e-17
SLC38A1,8.06941413055324e-22,0.572622377641168,0.566,0.267,1.4544312028909158e-17
HOXB-AS3,8.318224106577481e-22,0.5427347125179356,0.524,0.206,1.4992767129695252e-17
SAMD11,8.541482127573662e-22,-0.7258997234209259,0.342,0.608,1.5395167386738768e-17
PACS2,8.730392533047373e-22,0.5330305286063932,0.687,0.392,1.5735659501564585e-17
KCNJ2,1.3240411089296051e-21,-0.28145648448151567,0.036,0.213,2.3864516947347202e-17
COX5B,1.4882871293975463e-21,0.48352348585428717,0.929,0.804,2.6824887220261374e-17
ZMIZ1,1.701627880855674e-21,0.6023375645934033,0.731,0.483,3.0670140924542664e-17
CALM3,1.7583310145690797e-21,0.5455286210547459,0.942,0.851,3.1692158206593094e-17
CHD3,2.4329661002368114e-21,0.5468534535135277,0.665,0.389,4.385178099066829e-17
RPS6,3.1090123927199354e-21,-0.4920070318873848,0.998,1,5.603683936638412e-17
MAP7D1,3.7600772088135164e-21,0.5550676884287199,0.733,0.453,6.777163161165481e-17
RPS27,6.1939661051579174e-21,-0.5105598032923213,1,1,1.116400450793663e-16
TMEM161B-AS1,6.500808391112867e-21,0.5643120223976446,0.637,0.351,1.1717057044141832e-16
SYT1,7.865944969974642e-21,0.5295798615473621,0.54,0.23,1.4177579213882295e-16
ATXN10,7.974521919432342e-21,0.5197970727300713,0.783,0.541,1.4373278307584853e-16
CHL1,1.1390915291866332e-20,0.5518434444582211,0.754,0.527,2.0530985722059876e-16
MAP6,1.2338195330998866e-20,0.5580413792413361,0.749,0.52,2.2238363264592355e-16
OAZ1,1.2716352378377116e-20,0.42516323923271226,0.972,0.939,2.2919953526786915e-16
POSTN,1.2914328332120263e-20,-0.5253361985397722,0.439,0.733,2.327678538581356e-16
SKP1,1.391460512030078e-20,0.4488736319490698,0.986,0.943,2.5079684268830127e-16
HMGCR,1.4444151199664813e-20,0.6264116414408729,0.616,0.368,2.603413812227586e-16
APC2,1.6401471705541998e-20,0.5592281798677569,0.748,0.547,2.9562012602068897e-16
ATP2A2,2.5209877511164512e-20,0.4540632818961794,0.867,0.666,4.543828322612291e-16
NDUFB2,2.6239848314427704e-20,0.4750455174861994,0.904,0.74,4.729470260192449e-16
ACAT2,4.472520411229068e-20,0.565670784621857,0.506,0.223,8.061270789199272e-16
H3F3B,4.847944989593503e-20,0.4125657795655915,1,0.973,8.737936049243329e-16
CKB,9.008206947041313e-20,0.447352532820533,0.994,0.959,1.6236392201347262e-15
UQCRQ,9.280861168256598e-20,0.4307376059893375,0.987,0.949,1.6727824169665694e-15
VDAC3,9.400176112377047e-20,0.5146904460407549,0.691,0.429,1.6942877424948389e-15
MAPT,9.621637374772177e-20,0.6790183134274268,0.634,0.355,1.7342039204289373e-15
SNCA,1.0472458455142031e-19,0.6549995203303265,0.546,0.267,1.8875559119548e-15
ATP6V0E2,1.0896288914956868e-19,0.5626017195868203,0.739,0.517,1.963947114031826e-15
ZIC1,1.239310644951408e-19,0.5996719695488362,0.796,0.547,2.233733506460418e-15
PCBP4,1.306682161450868e-19,0.5234313117479885,0.637,0.348,2.3551639277990444e-15
CAMK2N2,1.3192789615527838e-19,0.61931490203934,0.615,0.341,2.3778684003027376e-15
HOXB5,1.7569967416939912e-19,0.547459964762439,0.641,0.355,3.1668109272292496e-15
TCEAL7,2.0238985034942306e-19,0.47517614314076745,0.477,0.186,3.647874662698001e-15
FYN,2.2380819643333973e-19,0.491520232280228,0.685,0.416,4.0339189325145155e-15
PARP6,2.5526797686245126e-19,0.48714995385230686,0.628,0.324,4.600950014968822e-15
"NAP1L3",2.6789220169209037e-19,0.59179396938281,0.582,0.318,4.828489043298237e-15
C1QL1,2.76274384389836e-19,-0.49659017613028844,0.613,0.848,4.979569504242405e-15
CDKN2D,2.8100241199328094e-19,0.645674016093357,0.661,0.399,5.064787473766896e-15
VSNL1,3.403191766565088e-19,0.6780639150204477,0.553,0.28,6.1339128400569145e-15
UBC,4.489185951444451e-19,0.37457220220236165,0.999,0.993,8.091308758883479e-15
SLIT1,4.567485111958047e-19,0.5480418742983649,0.761,0.534,8.232435165793185e-15
KIF3C,6.993871073741381e-19,0.6042596528672667,0.628,0.385,1.2605753223311465e-14
SV2A,7.051376886985503e-19,0.5726639880428228,0.614,0.328,1.270940170110267e-14
KIF21B,7.835309048904602e-19,0.5701334983944784,0.544,0.257,1.4122361029745655e-14
YWHAE,9.347181110641685e-19,0.39392616025507543,0.974,0.953,1.6847359233820573e-14
MALAT1,1.0249142163190768e-18,-0.5365787900702039,0.882,0.956,1.8473053834935038e-14
SBK1,1.171919664809019e-18,0.6180465135775288,0.558,0.297,2.112268003851776e-14
ATP5F1A,1.1961518586037099e-18,0.4241326157702483,0.964,0.882,2.1559441099473266e-14
HINT1,1.2489587711285822e-18,0.3657361077471504,0.993,0.959,2.2511232890821565e-14
PRDX2,1.2621128054709878e-18,0.4647545658746033,0.933,0.807,2.2748321205809084e-14
PAFAH1B1,1.4163116262045323e-18,0.49367569189599414,0.776,0.557,2.552760075071049e-14
TAC1,1.765240762164542e-18,0.5450781563709236,0.418,0.149,3.1816699497253705e-14
TRIB2,1.9433720417514793e-18,0.5975116860648199,0.612,0.361,3.5027337680528666e-14
CDC42,2.067461584102923e-18,0.4750432554659265,0.892,0.777,3.726392759187109e-14
GSTA4,2.186569816700372e-18,0.4859801547182857,0.719,0.47,3.9410734376207507e-14
ACOT7,3.027006714548853e-18,0.5634650511963584,0.71,0.49,5.455876902302853e-14
COX7B,3.890288264062741e-18,0.4225225119095306,0.923,0.821,7.011855567146685e-14
LDHA,4.1173228514055685e-18,-0.6521817863472177,0.381,0.635,7.421062707373397e-14
ATP5MF,4.220783699063133e-18,0.41761569675807864,0.953,0.916,7.607540539191391e-14
RMST,4.5060191050042826e-18,-0.7459042325260716,0.582,0.791,8.121648834859719e-14
MAPRE2,4.8078422998153295e-18,0.5213747593459686,0.541,0.27,8.66565496118715e-14
RPAIN,5.579729965158088e-18,0.47955458365134196,0.644,0.382,1.0056905289200938e-13
TTC3,6.949294998104322e-18,0.4232836103993103,0.957,0.872,1.252540930458323e-13
PENK,9.051379607089359e-18,-1.1985908941346626,0.242,0.463,1.6314206603817861e-13
KIFC2,9.172563057310415e-18,0.5211129964092285,0.626,0.365,1.653262765449629e-13
OLFM1,9.942420973862874e-18,0.5921476712840767,0.776,0.5,1.7920219563290444e-13
PPP3CB,1.261046827822451e-17,0.49287814487422654,0.685,0.436,2.2729108024671855e-13
S100B,1.2778850189428858e-17,0.7000528163472646,0.465,0.203,2.303259958142657e-13
GFAP,1.390598832764883e-17,0.9985095355677074,0.934,0.858,2.5064153361754253e-13
PCP4,1.500026339352954e-17,0.6438866817266564,0.594,0.345,2.7036474740497643e-13
DCTN2,1.534610853307372e-17,0.47146879694118027,0.741,0.493,2.765982602001207e-13
EIF4A1,1.642455399889805e-17,0.4081237078096862,0.932,0.855,2.9603616127613845e-13
NDUFA13,1.6455145924091348e-17,0.40583139492457354,0.958,0.872,2.9658755013582246e-13
B4GALNT4,1.724918870348534e-17,0.4929820387670605,0.694,0.456,3.1089937719161974e-13
TMA7,1.8282141514365973e-17,0.36841195990544007,0.98,0.973,3.295173186549323e-13
DCTN3,1.8555733483161e-17,0.4603112374119279,0.703,0.429,3.3444854030049384e-13
RUNDC3A,2.327119478586364e-17,0.4538202105105439,0.458,0.186,4.1944001482040624e-13
MORF4L2,2.363086138129421e-17,0.429438464144702,0.894,0.777,4.2592264553644686e-13
TMSB15A,2.4507985253529386e-17,0.5149207406613219,0.56,0.287,4.4173192620961364e-13
PGD,2.4582848323345842e-17,0.46629036173705884,0.643,0.395,4.4308125817998547e-13
SCG3,2.4780393530398475e-17,0.466527903355102,0.433,0.169,4.466418129919021e-13
EIF4G2,2.5319500063159037e-17,0.3804992480575491,0.999,0.99,4.563586691383785e-13
CCND1,2.6515921401532148e-17,-0.5656238222395493,0.329,0.547,4.779229673412154e-13
HNRNPA2B1,3.6098540487355606e-17,0.41963588919700845,0.987,0.966,6.506400937440974e-13
PRRC2B,4.1350138150014147e-17,0.4315492107405092,0.791,0.578,7.45294890015855e-13
CACNA1E,4.219630178165408e-17,0.4793447218368923,0.493,0.23,7.605461433125331e-13
SNN,4.686327703867512e-17,0.47468436717310136,0.606,0.351,8.446637053450804e-13
SPOCK2,4.7023546371088516e-17,0.5644434812378549,0.55,0.294,8.475523997924994e-13
PEA15,4.729171710546393e-17,0.49949228136391777,0.887,0.686,8.523859091088819e-13
APBA2,4.7331931904261625e-17,0.4826233953347788,0.62,0.358,8.531107406424115e-13
REEP5,4.76162706991932e-17,0.4493887486154753,0.689,0.432,8.582356630822582e-13
APBB1,5.290296882180827e-17,0.4635557035196589,0.747,0.503,9.535231100442724e-13
KIAA0408,6.378374314327017e-17,0.496412997612163,0.528,0.27,1.1496381864143015e-12
RNF187,6.763277803493811e-17,0.42384515106505427,0.861,0.693,1.2190131913017246e-12
IGFBPL1,8.890278794634487e-17,0.4091813977120548,0.336,0.088,1.60238384994492e-12
FADS2,9.0159204248469e-17,0.46635339402120457,0.721,0.503,1.6250294973744055e-12
KIF5A,9.412496105355146e-17,0.49495467694508705,0.538,0.27,1.6965082980292115e-12
HSPA1A,9.70582610315155e-17,-0.2508740938445265,0.041,0.193,1.7493780968320355e-12
SNHG14,1.01043949026511e-16,0.4484765387550862,0.917,0.807,1.821216137253834e-12
LHX5-AS1,1.1042291294559328e-16,0.3073236819785906,0.199,0,1.990262582931373e-12
NDRG4,1.1761247363609514e-16,0.5210855717303153,0.685,0.456,2.1198472248169787e-12
MAST1,1.2555601803013385e-16,0.5687685699437961,0.525,0.264,2.2630216689751326e-12
CLIP3,1.261707764558108e-16,0.474806268753178,0.701,0.48,2.274102074839534e-12
LSM7,1.297847045545436e-16,0.424523084641131,0.865,0.72,2.339239514891094e-12
POU4F1,1.3005537977666525e-16,0.3524882283756237,0.24,0.024,2.3441181650946144e-12
NDUFV1,1.4283400993669627e-16,0.4008202288226993,0.699,0.416,2.5744401950990136e-12
ATP5MC1,1.5517033557148082e-16,0.3964857848464315,0.699,0.405,2.7967901283403705e-12
FOS,1.604943494179355e-16,0.3709002654895043,0.239,0.024,2.8927501539088697e-12
ATP6V0B,1.6169260457621334e-16,0.45273704405179793,0.837,0.639,2.914347504881669e-12
CYP51A1,1.8667630789979538e-16,0.45657981652637775,0.559,0.301,3.364653773585912e-12
RPS10,2.015337646190407e-16,-0.3863030856590255,0.977,0.99,3.63244457349359e-12
TSPAN13,2.045320277224034e-16,0.5148395541015449,0.492,0.24,3.686485267668599e-12
ATP6AP2,2.0778394103761705e-16,0.435333521936098,0.749,0.544,3.74509775326201e-12
HDGFL3,2.1398071317934196e-16,0.4660426539337943,0.658,0.416,3.8567883743444594e-12
TMEFF1,2.442909420824372e-16,0.4573406991416662,0.566,0.304,4.403099940093848e-12
MGST3,2.8835445107550863e-16,0.3858744310180915,0.915,0.78,5.197300626184967e-12
RPL21,3.468633900668841e-16,-0.3590311811075484,0.999,0.997,6.2518657425655184e-12
VSTM2A,3.4796095701553795e-16,0.4541297008594777,0.433,0.182,6.271648289248056e-12
DMD,3.510240973977223e-16,-0.5267679280884421,0.306,0.534,6.326858331496546e-12
ENHO,3.604653178375753e-16,0.41759203924957516,0.53,0.26,6.4970268887044574e-12
KIF1B,3.614023913073784e-16,0.46593793628542945,0.819,0.605,6.513916700924189e-12
NPDC1,3.9674402963477143e-16,0.4412512986899133,0.802,0.574,7.1509143901371204e-12
HOTAIRM1,4.661155450686622e-16,0.5063457618822094,0.633,0.402,8.401266584317567e-12
RNF157,4.761751680478268e-16,0.43931609378419945,0.41,0.159,8.58258122889403e-12
COX5A,5.163916308996116e-16,0.44433703730770224,0.843,0.716,9.3074427553346e-12
TUBB4A,5.70824051958352e-16,0.5157652487376605,0.482,0.226,1.0288532712497336e-11
GABBR2,5.825577202110012e-16,0.4176373231265531,0.415,0.162,1.0500020349083086e-11
VCP,5.907139325728686e-16,0.3871046042500359,0.745,0.49,1.0647027920693384e-11
ACAP3,6.574193471459493e-16,0.4737633035166356,0.554,0.307,1.184932631295859e-11
TMSB4X,6.757089521107938e-16,0.348085951711151,1,1,1.2178978152844947e-11
NFIB,6.765186973660909e-16,0.4829820352790113,0.614,0.351,1.2193573001326423e-11
ATCAY,7.440755819606912e-16,0.46136717846077296,0.45,0.189,1.3411218289259497e-11
RPL13,7.725332490782558e-16,-0.3916225689133106,1,1,1.3924139281386483e-11
TOP2B,7.858297747510588e-16,0.40561999350023115,0.733,0.497,1.4163795860113084e-11
MMP24,8.247651010724029e-16,0.40241665984056185,0.368,0.122,1.486556618172899e-11
ENO2,9.34415813315037e-16,0.5475871521891029,0.891,0.726,1.6841910619190226e-11
PDZD4,9.467777818119024e-16,0.4571246698097191,0.634,0.392,1.706472273937773e-11
DUSP26,1.0839292779563844e-15,0.3081354700940183,0.225,0.02,1.9536741305885872e-11
ATP5PO,1.1150739727239547e-15,0.3693103489856413,0.9,0.767,2.009809328437656e-11
COX17,1.1629664032602328e-15,0.41040985256543383,0.676,0.422,2.0961306452362438e-11
DYNLL2,1.1659062246421837e-15,0.4479747586536207,0.711,0.456,2.101429379295072e-11
MT-CYB,1.214604543813352e-15,-0.576117434962315,1,1,2.1892032297691858e-11
MAP1LC3B,1.3832974388568978e-15,0.3985395709765429,0.793,0.557,2.4932553037956725e-11
NCAN,1.4296422427914637e-15,0.42647822119308737,0.48,0.226,2.5767871784073343e-11
SEZ6,1.4821158743669112e-15,0.41444871371844044,0.35,0.111,2.671365651958921e-11
L1CAM,1.707561461536216e-15,0.5694643134464943,0.543,0.294,3.0777087782728755e-11
RAB6B,1.988252168820189e-15,0.49697080729550325,0.665,0.439,3.583625709081509e-11
ST6GAL2,2.0534906065005997e-15,0.4401473169626466,0.43,0.182,3.701211469156681e-11
HS6ST1,2.0593676358665383e-15,0.43780518554845205,0.6,0.338,3.7118042268858486e-11
LMO3,2.0705902604576158e-15,0.4033785380493484,0.444,0.189,3.7320318854488064e-11
APLP1,2.1371961471408723e-15,0.5127342680666853,0.794,0.605,3.8520823356067084e-11
B3GAT1,2.353916433056816e-15,0.3729422970277228,0.41,0.155,4.242698978941605e-11
ANK3,2.410535291728724e-15,0.4208348285350371,0.466,0.209,4.344748809811852e-11
TKTL1,2.704851606692255e-15,0.5820782571730907,0.341,0.108,4.87522453590212e-11
NPTX2,2.7663556907798665e-15,0.4017139811997463,0.436,0.182,4.986079497061631e-11
BEX5,2.768444133207317e-15,0.516940701971154,0.494,0.24,4.989843705692868e-11
SCN3B,2.9698909929712865e-15,0.5238014967405089,0.549,0.304,5.3529315257314466e-11
HNRNPDL,3.365591835671943e-15,0.418853126337408,0.92,0.848,6.06614272461511e-11
CXADR,3.4894424964938987e-15,0.4910194781169013,0.637,0.432,6.289371155680604e-11
GLUD1,3.5434394454348e-15,0.4066056185000142,0.643,0.372,6.386695256451683e-11
PCP4L1,3.549331311787824e-15,0.32887567115367333,0.251,0.041,6.397314756366375e-11
UBA1,3.891212207808697e-15,0.4218838285023898,0.862,0.699,7.013520883354395e-11
GPM6B,4.005116463411237e-15,0.49118878328844096,0.794,0.584,7.218821913652414e-11
CDK5R1,4.1218728626022016e-15,0.5130270651086624,0.556,0.318,7.429263647554208e-11
NMNAT2,4.3710397428570934e-15,0.3889589544536419,0.398,0.152,7.878362032525625e-11
TMEM130,4.52252567609963e-15,0.4560616093651705,0.55,0.304,8.151400278601973e-11
IP6K2,4.782375175722789e-15,0.4410095399895759,0.668,0.453,8.619753016722756e-11
NEUROD2,5.069529170200896e-15,0.33695018820854117,0.234,0.03,9.137319376370095e-11
TMEM59L,5.503547014097133e-15,0.43745227580087787,0.784,0.578,9.919593138208672e-11
ATP5IF1,5.8902868112693674e-15,0.38676954882205883,0.944,0.895,1.0616652948631908e-10
SQLE,6.022543793943128e-15,0.5279732314794818,0.519,0.301,1.0855032934203094e-10
PPP2CA,7.405907611458105e-15,0.4290877982587956,0.689,0.473,1.334840787889209e-10
MAGED2,7.642776345285827e-15,0.36880500164723284,0.972,0.929,1.3775340084743174e-10
CSNK1E,7.835369863797261e-15,0.4037336924419057,0.76,0.561,1.4122470642508183e-10
GDAP1L1,8.614533402279204e-15,0.41217829404317124,0.428,0.179,1.5526835004268036e-10
AZIN1,9.001182296474034e-15,0.4467760827591195,0.687,0.493,1.62237309711648e-10
IDS,9.48299786598543e-15,0.4183938456576304,0.843,0.706,1.7092155353652137e-10
CYFIP2,9.817315254928877e-15,0.45571863623227965,0.526,0.291,1.7694729015483807e-10
SNAP91,9.892104610145651e-15,0.48776047874075773,0.507,0.274,1.782952934932652e-10
ARHGAP21,1.0340994902992054e-14,0.4086882529316972,0.49,0.243,1.8638609213152878e-10
SFPQ,1.0505965032584871e-14,0.4126968441157428,0.909,0.801,1.8935951374730974e-10
HOXC8,1.2074293815050115e-14,0.40008558636382496,0.371,0.135,2.1762707172246327e-10
ELAVL2,1.2238797617585368e-14,0.40141405083528725,0.412,0.169,2.2059208825935868e-10
NME1,1.242797841526215e-14,0.38365748716377546,0.589,0.334,2.24001882956685e-10
HSPE1,1.2476372339533196e-14,0.36579715690537684,0.869,0.709,2.2487413504774632e-10
C9orf16,1.4296478032535684e-14,0.4183652217499101,0.815,0.652,2.576797200584232e-10
MDH1,1.4428368868439554e-14,0.4174427468415778,0.796,0.615,2.6005692048475453e-10
AP2M1,1.5534436630337303e-14,0.4015892205226459,0.926,0.861,2.7999268582519957e-10
CADM4,1.736121503718462e-14,0.41137132880287913,0.429,0.193,3.1291853983021554e-10
SLC25A4,2.066851291628166e-14,0.400983872357803,0.657,0.412,3.7252927680306067e-10
ATP6V0A1,2.1150805328360525e-14,0.4309042146234112,0.619,0.392,3.812221152383701e-10
SHTN1,2.1220119687685295e-14,0.4001967920380574,0.392,0.155,3.824714372508398e-10
MACF1,2.1339564048398977e-14,0.40373497907423495,0.753,0.581,3.8462430240834316e-10
ANOS1,2.1893734687343877e-14,0.3575115106908577,0.303,0.084,3.9461267400468606e-10
ABAT,2.279285232799641e-14,0.42416518393171476,0.585,0.338,4.108183703598073e-10
NTS,2.4000745888212538e-14,-0.334891921931661,0.1,0.277,4.3258944388914277e-10
TUBB4B,2.4272596878011985e-14,0.395296302842552,0.849,0.682,4.3748928612928804e-10
GRIA2,2.4278797440475024e-14,0.40696525772665343,0.392,0.155,4.3760104506712185e-10
DST,2.4376012493154998e-14,0.4620306557657152,0.794,0.578,4.393532491766257e-10
MAPK8IP2,2.6930891653777082e-14,0.4436552584583436,0.471,0.236,4.854023911676781e-10
WDR6,2.7526638706517278e-14,0.39681940720493525,0.725,0.48,4.961401360462674e-10
LAMTOR5,2.7797233510117954e-14,0.41313717362662905,0.763,0.534,5.01017336786366e-10
TIMP1,2.784889146943197e-14,-0.4442074530360921,0.379,0.628,5.019484198450419e-10
SMARCA4,3.093082053830582e-14,0.40545395747669766,0.747,0.537,5.574971093824241e-10
RBM3,3.1131965376092834e-14,0.4107046405921835,0.706,0.48,5.611225439386973e-10
CADPS,3.140749123013204e-14,0.395975786375072,0.46,0.216,5.660886219318999e-10
MOAP1,3.197670302196099e-14,0.46098111052863644,0.602,0.382,5.763480952678249e-10
RPS2,3.254584846394781e-14,-0.36114997041799857,1,1,5.866063727141953e-10
SEMA5B,3.3562349402584565e-14,0.4081112171297801,0.403,0.166,6.049277856321842e-10
MYT1L,3.375452470376353e-14,0.366086995356916,0.382,0.142,6.083915532606339e-10
YWHAB,3.38075922559507e-14,0.42384885735832634,0.8,0.659,6.093480428212554e-10
MDH2,3.6523710163484676e-14,0.392416824045565,0.656,0.422,6.583033519866478e-10
RPS18,3.692929954871795e-14,-0.4933446943203239,1,1,6.656136950660923e-10
NCAM1,3.722233486531457e-14,0.42200615140127296,0.938,0.834,6.708953636124298e-10
AC132217.1,3.774240091570373e-14,-0.3192053774746001,0.054,0.199,6.802690341046441e-10
TBCB,3.7816214110667e-14,0.4044030687273864,0.727,0.514,6.815994431306621e-10
TNNT3,3.848872770473257e-14,0.5871635577379382,0.698,0.544,6.937208281500999e-10
UQCR11,3.983008703689411e-14,0.36473353439351586,0.978,0.966,7.178974887529795e-10
UQCRC2,4.2382517680557977e-14,0.3951168536300058,0.638,0.405,7.63902498674377e-10
RPL28,4.3260701222529934e-14,-0.3496336549639327,1,1,7.797308788348796e-10
YPEL3,4.739249243730319e-14,0.3958635334310876,0.618,0.372,8.542022836899527e-10
SUGP2,4.815310389981219e-14,0.42684476622114564,0.663,0.422,8.679115446902149e-10
APC,4.8967936837488195e-14,0.4034834940239102,0.475,0.236,8.825980935588872e-10
VAMP2,5.0879918194758993e-14,0.4448163897474716,0.737,0.52,9.170596455423361e-10
DYNLRB1,5.1588942981193176e-14,0.3953668744338632,0.812,0.628,9.298391082930258e-10
UQCR10,5.16306664846767e-14,0.3616403807855726,0.957,0.909,9.305911327198128e-10
PPDPF,5.6635611284153214e-14,-0.38313661533731413,0.817,0.919,1.0208002577855775e-9
KIAA0895L,5.713803325611265e-14,0.42211408782898563,0.56,0.328,1.0298559114081743e-9
RPS3,5.731926878351626e-14,-0.40293982390450145,0.993,0.997,1.033122500554097e-9
TAFA5,5.859247248411849e-14,0.38623241113278417,0.35,0.125,1.0560707240537516e-9
IFITM3,5.964767855322095e-14,-0.3687166003692095,0.368,0.618,1.0750897582432545e-9
MRFAP1,6.621615375982426e-14,0.3521107965013772,0.902,0.743,1.1934799553670724e-9
TSC22D1,6.830605642160467e-14,0.3950373415313595,0.865,0.726,1.2311483609430026e-9
SNRNP200,7.193650987928918e-14,0.3775970612172901,0.752,0.527,1.2965836540643081e-9
HOXA10,8.01068525246928e-14,0.504631755219876,0.486,0.27,1.4438459099050631e-9
RPS9,8.21621591207487e-14,-0.3666104893780586,0.952,0.983,1.4808907559923746e-9
NDUFV2,8.513129658721842e-14,0.38834858128189564,0.658,0.412,1.5344064896880249e-9
SLC1A2,9.078190454951392e-14,0.4108798738051876,0.457,0.23,1.636253047600439e-9
HNRNPD,9.49207736283785e-14,0.39080546532666394,0.759,0.547,1.710852023877894e-9
HES4,9.52083396584852e-14,0.42340425550744093,0.522,0.294,1.7160351140045372e-9
PTOV1,9.524873818883197e-14,0.38471471683291525,0.891,0.794,1.7167632571155075e-9
VGF,9.818919186287278e-14,0.46216515397500396,0.378,0.159,1.7697619941364189e-9
DNM1,1.1036617296490048e-13,0.4635944757429076,0.621,0.416,1.989239901519366e-9
HDAC2,1.1095132510815084e-13,0.39496329514851536,0.619,0.375,1.9997866837493106e-9
TRO,1.1159421210782954e-13,0.4474468376207177,0.717,0.483,2.01137407903152e-9
ATP6V0C,1.1899474651364364e-13,0.4155521604543493,0.934,0.875,2.144761311161913e-9
RAB1A,1.2394231636783227e-13,0.39195303639471457,0.803,0.659,2.233936310213809e-9
MDK,1.2637696594571217e-13,-0.4361562049563308,0.896,0.949,2.2778184342055162e-9
UBL5,1.3435340213917648e-13,0.3226198690751021,0.984,0.966,2.4215857201565167e-9
RBFOX2,1.388555917426727e-13,0.43763119427486297,0.784,0.639,2.502733185569933e-9
ATP1B3,1.6216641861162517e-13,0.4093344769249828,0.639,0.422,2.922887529055932e-9
GNG3,1.6539211426303235e-13,0.45253140988479523,0.589,0.355,2.9810274674768953e-9
PRKAR1B,1.7184267462820057e-13,0.41640928999575033,0.421,0.196,3.097292367498687e-9
SYN1,1.7985911877359338e-13,0.46185490055996226,0.51,0.267,3.241780756775247e-9
RAB2A,1.8259794489143674e-13,0.40641660016503467,0.604,0.389,3.291145358723256e-9
UQCRH,1.8515511151998355e-13,0.360637325025992,0.957,0.885,3.3372357300361835e-9
BICC1,1.9298397543552306e-13,-0.3366742890395178,0.119,0.297,3.4783431732498678e-9
GAD1,2.0103465725839392e-13,0.2799900917691553,0.205,0.024,3.623448662425292e-9
PI4KA,2.081532278340029e-13,0.38906404970343456,0.649,0.446,3.751753778480068e-9
HMGB1,2.3301252880898505e-13,0.3497071264053313,0.94,0.875,4.199817819253147e-9
SNRNP70,2.3833208094117834e-13,0.4067102320562326,0.759,0.578,4.295697426883799e-9
EBP,2.3921223888683906e-13,0.38001891010042715,0.438,0.206,4.311561393696387e-9
PRDM8,2.410435023224943e-13,0.303566849662554,0.236,0.044,4.344568085860638e-9
RPL8,2.4593994278387236e-13,-0.27988272835097394,1,1,4.432821528736515e-9
KIFAP3,2.4872481560975504e-13,0.4273336456975878,0.607,0.399,4.483016076550225e-9
SLC1A3,2.517852372821984e-13,0.55050531829781435,0.667,0.446,4.538177116774344e-9
HOXC4,2.685069759643399e-13,0.48571626996684647,0.679,0.52,4.839569734781262e-9
TERF2IP,2.6873130982168637e-13,0.4205207658966881,0.722,0.544,4.843613128226075e-9
TMEM259,2.715611346606957e-13,0.40606574578866295,0.694,0.486,4.894617891124379e-9
ATP1A3,3.084436771438607e-13,0.46047471016113795,0.546,0.314,5.5593888368409455e-9
RPL13A,3.1057353929029635e-13,-0.3379847589441738,1,1,5.5977774721683015e-9
CYCS,3.107788018701074e-13,0.3939947204719866,0.754,0.557,5.601477124906816e-9
GPRIN1,4.068608764728618e-13,0.3641024913181068,0.361,0.139,7.333260437546862e-9
PKD1,4.327681850783714e-13,0.4260051153746077,0.675,0.466,7.800213767852566e-9
KRT10,4.69185944735656e-13,0.3533837835969602,0.694,0.476,8.456607467915464e-9
TTYH3,4.73012471037505e-13,0.38263485830743893,0.76,0.571,8.525576777979991e-9
ACSL6,4.762947897319001e-13,0.34569464935955985,0.38,0.155,8.584737290127768e-9
HMGA1,4.798262442805436e-13,0.3774593186835645,0.416,0.193,8.648388226912519e-9
NDUFC2,4.878302773686387e-13,0.3439606499100383,0.904,0.838,8.792652919292343e-9
OGA,5.335823739740478e-13,0.3935983473135072,0.781,0.611,9.617288708508238e-9
GLRA2,5.383648841955253e-13,0.3296192397993164,0.308,0.098,9.703488672740147e-9
CHGA,5.526770408781125e-13,0.41352065369194074,0.387,0.169,9.961450984787099e-9
TSPAN5,5.63060245933099e-13,0.37860415633087396,0.447,0.223,1.0148597872698177e-8
DRAP1,6.41027517752007e-13,0.35425581403534545,0.609,0.382,1.1553879979962175e-8
RPL12,7.063203573700624e-13,-0.3951282826970579,0.994,1,1.2730718121238004e-8
DPYSL4,7.719814277792699e-13,0.40800885803292136,0.532,0.311,1.3914193254293561e-8
PTBP2,7.720903972958388e-13,0.34750609658193676,0.41,0.186,1.3916157320860197e-8
SS18L1,8.656193701251235e-13,0.3478103291900916,0.379,0.155,1.5601923527135227e-8
PSMD2,8.762576462502152e-13,0.35776748166013483,0.691,0.463,1.5793667816013878e-8
BSCL2,9.357896772087962e-13,0.4005677459868964,0.719,0.517,1.6866673142011343e-8
SERINC1,9.814031685151203e-13,0.41519888775536784,0.893,0.828,1.768881070931653e-8
ELAVL4,9.956403066697285e-13,0.3896619132259285,0.404,0.176,1.7945420887415188e-8
KIDINS220,9.97250310321259e-13,0.41315796803186555,0.695,0.5,1.797443959323037e-8
RIMKLB,1.0387663420718744e-12,0.3803372101658968,0.54,0.318,1.8722724549503466e-8
PTPRA,1.1193938669973573e-12,0.3419354083689474,0.682,0.453,2.0175955058760367e-8
MTRNR2L12,1.1496382516008638e-12,-0.5871985322301163,0.622,0.831,2.0721079846853968e-8
NT5DC2,1.1785614216502677e-12,0.35753204669041494,0.631,0.416,2.1242391063824424e-8
ENAH,1.2239852337870645e-12,0.36213930925528837,0.645,0.419,2.206110985377805e-8
KHDRBS1,1.2360557018194135e-12,0.34319333631966265,0.71,0.5,2.227866796959311e-8
GNAO1,1.2604501759595461e-12,0.4303882213939294,0.576,0.348,2.271835397149486e-8
ILF3,1.2918801579786266e-12,0.3543439880885626,0.819,0.666,2.3284847967406765e-8
PBX3,1.2997187501661653e-12,0.40795498987098733,0.579,0.375,2.342613075299496e-8
CNTNAP2,1.3725676906821478e-12,-0.4589326092040772,0.416,0.605,2.473916005685503e-8
DSTN,1.4009117020657403e-12,0.3180055859347557,0.891,0.753,2.5250032518032905e-8
ACTL6B,1.4104976963775228e-12,0.35000634103398753,0.342,0.128,2.5422810479508473e-8
EFNB3,1.4735255125998852e-12,-0.46562225302772253,0.923,0.98,2.655882383910033e-8
FBLL1,1.4793228382173124e-12,0.3864025268912813,0.415,0.189,2.666331483602884e-8
NPTXR,1.5030326072211625e-12,0.37285378466538394,0.424,0.203,2.7090659712554233e-8
ETFB,1.5076442158937428e-12,0.37421603567455775,0.46,0.233,2.717377934726882e-8
HIP1R,1.5490177802352196e-12,0.3633944846955833,0.4,0.176,2.7919496470959596e-8
REEP1,1.6004092510282174e-12,0.3839203477827552,0.61,0.372,2.884577634053259e-8
PRDX5,1.6041400354237788e-12,0.3570914057826482,0.916,0.834,2.8913019998478188e-8
BEX4,1.6355757889264556e-12,0.4225561826882518,0.724,0.551,2.9479618019610435e-8
SMARCD3,1.6377347126761626e-12,0.36297171152850516,0.727,0.5,2.9518530461275155e-8
SALL3,1.874015341114808e-12,0.3029298297883339,0.23,0.047,3.37772525082533e-8
PFDN2,1.8794535960132387e-12,0.3246216582074898,0.644,0.416,3.3875271614542614e-8
PPP2R2B,1.93138055765294e-12,0.37821621707456293,0.415,0.199,3.481120317113659e-8
DYNLT1,2.1360633748574317e-12,0.3359936815468394,0.797,0.605,3.850040626843035e-8
TTC9B,2.169303859654069e-12,0.4142094806458606,0.588,0.345,3.9099532766404936e-8
MT-ND4L,2.1837993787566194e-12,-0.509334444901693,0.597,0.77,3.936080000270931e-8
OPCML,2.2164263784716225e-12,0.30154981927431423,0.302,0.098,3.994886904557253e-8
AC124798.1,2.2587669302036477e-12,0.27962855936759184,0.213,0.037,4.0712015149990545e-8
DAAM1,2.39235649721092e-12,0.3600089493689331,0.496,0.267,4.311983350572962e-8
CRABP1,2.463032279158198e-12,0.63848292263074935,0.917,0.767,4.4393693799547365e-8
NLRP1,2.5288968129868273e-12,-0.4599755676547901,0.559,0.72,4.558083615727457e-8
SRGAP3,2.603489691641213e-12,0.3706849432273367,0.576,0.355,4.6925298202141224e-8
SRP9,2.703546845190644e-12,0.35453433871680384,0.842,0.666,4.8728728337716164e-8
CHD5,2.7790219539426767e-12,0.3668791967453413,0.42,0.193,5.008909169786281e-8
HOXC10,2.8247542701150963e-12,0.44542879974671523,0.46,0.253,5.0913370964554493e-8
PODXL2,2.8652975327390494e-12,0.4258836408864465,0.6,0.385,5.164412273008863e-8
CACNA1B,2.935321544980051e-12,0.3191745852179745,0.295,0.095,5.290623552672044e-8
RPS14,3.0014179001789597e-12,-0.3090869781398675,0.999,0.997,5.409755623282557e-8
ROBO2,3.188404917060628e-12,0.3704736339887411,0.471,0.253,5.746781022510076e-8
PTPN5,3.691343888125083e-12,0.3838406210528354,0.421,0.199,6.653278223956651e-8
SYT13,3.772487049146926e-12,0.4596339571289277,0.492,0.274,6.79953065738242e-8
DISP3,3.778322624227474e-12,0.31165508658395286,0.303,0.101,6.810048697907598e-8
NBEA,3.84797980031617e-12,0.3710076688054584,0.409,0.189,6.935598792089865e-8
CDH13,4.579022775568306e-12,0.36585870919658714,0.41,0.196,8.253230650684315e-8
GRB2,4.782903378391519e-12,0.3535466987392363,0.601,0.382,8.620705049212873e-8
ARPC3,4.793419059506979e-12,0.33107283694081513,0.673,0.456,8.639658512855379e-8
EGR1,4.825196523119987e-12,0.32997822760083173,0.321,0.115,8.696934213271464e-8
UPP1,5.191322202713676e-12,0.30391593101463565,0.27,0.078,9.356839138171129e-8
LINC00599,5.216515219628928e-12,0.3141922601023505,0.26,0.071,9.402247031859179e-8
ARHGAP33,5.366454566816491e-12,0.38415134336138107,0.522,0.304,9.672497711230043e-8
FAM168A,5.386569382008117e-12,0.37750659768341754,0.536,0.328,9.70875265413143e-8
MYO5A,5.429549496360167e-12,0.3827558234958618,0.451,0.24,9.786220012239566e-8
AC012146.1,5.684116593026587e-12,0.3362086650633065,0.456,0.236,1.024505174727112e-7
GABRB3,5.95331704531674e-12,0.3888668120189533,0.498,0.284,1.0730258642478891e-7
SF3B1,6.1899359643588734e-12,0.3757494639180934,0.727,0.541,1.1156740582160434e-7
SH3BP5,6.823021271649566e-12,0.38211585093600703,0.435,0.23,1.2297813540021178e-7
TIMP2,7.220203013658164e-12,0.3569700891438936,0.945,0.865,1.3013693911817474e-7
OIP5-AS1,7.235744080982003e-12,0.3484488310995574,0.564,0.345,1.3041705131561964e-7
UNC13A,7.38068639684613e-12,0.3178035136547296,0.324,0.122,1.3302949161675465e-7
GUK1,7.81079313461129e-12,0.3239084875525393,0.887,0.74,1.4078173545823388e-7
CBX1,7.95694595244774e-12,0.3485715875379116,0.635,0.422,1.4341599384691806e-7
PTPRZ1,8.258151245730627e-12,0.44215022400384485,0.603,0.399,1.4884491805304883e-7
GPX4,9.257820189296528e-12,0.32272910674944844,0.936,0.892,1.668629510918806e-7
TPT1,9.830645280666404e-12,-0.39524395430068404,0.996,1,1.7718755053873127e-7
KIF3A,1.0133977547940106e-11,0.3300239758858122,0.433,0.216,1.8265481132407247e-7
ARF1,1.1096694961480512e-11,0.3278164236458183,0.859,0.703,2.0000682998572473e-7
PTPRN,1.1376776129672473e-11,0.37149647978474937,0.376,0.172,2.0505501296121666e-7
MSX1,1.1384896884650163e-11,-0.5045334586378718,0.61,0.794,2.0520138144893452e-7
SCAMP5,1.1564893585764394e-11,0.42379131212933296,0.507,0.301,2.0844564198981743e-7
RPS19,1.1748218675421539e-11,-0.3212562232357792,1,1,2.1174989340579782e-7
TMEM14A,1.1854913680065577e-11,0.3781305655364741,0.532,0.324,2.1367296416950195e-7
PAFAH1B3,1.2569093424432355e-11,0.4030317115768399,0.548,0.341,2.2654533988196875e-7
ZCCHC12,1.2903897116340888e-11,0.3911241565557124,0.463,0.247,2.3257984162492816e-7
CSPG5,1.3015117457754616e-11,0.3415830829148016,0.415,0.203,2.345844770585692e-7
CAPRIN1,1.3252853854718979e-11,0.3468520461652276,0.668,0.449,2.3886943787745487e-7
RPL36,1.376515068962511e-11,-0.3115986841241134,1,1,2.48103076029803e-7
LUC7L3,1.3969808884072334e-11,0.38694290455523284,0.722,0.554,2.5179183532651976e-7
MPRIP,1.4670827160625478e-11,0.3491361326599225,0.613,0.399,2.644269887431136e-7
ATP5PB,1.5111333990877766e-11,0.3229137389924197,0.716,0.517,2.7236668385158086e-7
HMGB3,1.5201441038588287e-11,0.37398029099365876,0.427,0.223,2.739907732795153e-7
RAF1,1.5381037544096912e-11,0.32833475481149615,0.428,0.216,2.7722782069480274e-7
TUSC3,1.558905272234605e-11,0.3544082664213898,0.735,0.537,2.809770862675652e-7
DHCR7,1.5848363663033665e-11,0.36537213413602576,0.434,0.22,2.8565090666251876e-7
STRAP,1.624968441319637e-11,0.3598911611748308,0.646,0.453,2.9288431186345134e-7
AUXG01000058.1,1.6495469860772394e-11,0.4245204407712103,0.544,0.345,2.9731434877056165e-7
C18orf32,1.698459977271514e-11,0.34839765899864417,0.652,0.456,3.0613042630341764e-7
RAB6A,1.7319165070292953e-11,0.40009702634626043,0.646,0.476,3.1216063122696017e-7
PRPF8,1.7590736484609054e-11,0.337803233219258,0.71,0.493,3.170554343985936e-7
AEBP1,1.9461572593204032e-11,-0.3477682068854766,0.355,0.561,3.507753844199095e-7
SPINT2,1.9669041715162105e-11,0.3863562584893376,0.501,0.294,3.5451480787408176e-7
ZNRF1,2.1027376391508227e-11,0.31585440866728576,0.354,0.149,3.789974320805443e-7
PREPL,2.1219983355805167e-11,0.38409576209884333,0.658,0.456,3.8246898000503234e-7
TLE5,2.2015059352547815e-11,0.3401064418005282,0.832,0.72,3.9679942977032183e-7
SPTBN2,2.343949598111277e-11,0.3092196674340345,0.314,0.118,4.2247347556357655e-7
TRIM2,2.4153417583062983e-11,0.38229310965058994,0.607,0.429,4.353411985171272e-7
UBE2N,2.621029367096011e-11,0.3620729935701763,0.625,0.422,4.72414333125385e-7
SGTA,2.7564563952087428e-11,0.3565985029874277,0.591,0.395,4.968237006724238e-7
C3orf14,2.7581327145795944e-11,0.296763406451075,0.264,0.081,4.971258404758261e-7
DCLK1,2.966744266826528e-11,0.3251717573579822,0.812,0.605,5.347259866528134e-7
RPS12,3.1679531174405974e-11,-0.35135476259788234,1,1,5.709918698874932e-7
GNAZ,3.168758235184225e-11,0.33506945949030814,0.488,0.267,5.711369843096048e-7
MAPK8IP1,3.178057890636087e-11,0.3312443049448239,0.498,0.28,5.728131542082484e-7
RALGPS1,3.246626996202702e-11,0.3476701324025667,0.422,0.22,5.85172049795575e-7
LARP1,3.2887000573317625e-11,0.3287375044718124,0.638,0.426,5.927552983334769e-7
TLCD3B,3.3425594913742276e-11,0.35418098982040924,0.421,0.206,6.024629227252908e-7
GRINA,3.441030087563721e-11,0.3409190904114867,0.849,0.747,6.20211262982485e-7
NDN,3.529890115436605e-11,0.3465061176080283,0.776,0.622,6.362273944062937e-7
LZTS3,3.5595308373588257e-11,0.3420510599014064,0.43,0.226,6.415698381255547e-7
TMEM9,3.693234541362193e-11,0.36187524449060016,0.6,0.395,6.656685937351217e-7
SEZ6L,3.7377458379904524e-11,0.3466726176417842,0.417,0.213,6.736913098393991e-7
TRIM9,3.773470321407165e-11,0.3093263038726403,0.342,0.142,6.801302907304275e-7
STX1B,3.881005202295278e-11,0.3813298552527744,0.476,0.267,6.995123776617009e-7
MT-ND5,4.381392423923519e-11,-0.45490602555844584,0.921,0.959,7.897021704879751e-7
ACSL3,4.416673484286958e-11,0.3684970402052077,0.483,0.28,7.960612288078813e-7
ELOC,4.476950110376227e-11,0.3352309883535891,0.603,0.392,8.069254878942112e-7
NDUFA12,4.52151223369146e-11,0.38025351373390426,0.746,0.574,8.149573650005487e-7
WBP2,4.8267179392488766e-11,0.37533768095685194,0.59,0.405,8.699676413702175e-7
CLTC,4.9566628897284824e-11,0.3408296445264425,0.872,0.73,8.933889192446617e-7
PYGB,5.126899303188768e-11,0.344545168998215,0.48,0.27,9.240723304067435e-7
CTNND2,5.291435382259722e-11,0.3885936458384369,0.633,0.459,9.537283132984923e-7
ZNF33A,5.31739795782456e-11,0.33891987030355464,0.406,0.199,9.584078079182988e-7
NEDD4L,5.678222187505214e-11,0.3252286465415135,0.427,0.223,1.0234427670759397e-6
PLCB1,5.744626939403425e-11,0.2697579223242328,0.257,0.078,1.0354115595580733e-6
ANKRD13B,5.815723452099457e-11,0.32650445398271766,0.392,0.186,1.048225995006406e-6
MARK3,5.830383266975229e-11,0.3375836437800306,0.524,0.314,1.0508682800396154e-6
SRI,6.209184574913583e-11,0.35813958507980004,0.59,0.392,1.1191434277824241e-6
CCT4,6.226225388184743e-11,0.32300530421086004,0.641,0.446,1.122214863966418e-6
NES,6.25462850312357e-11,0.39943737891833075,0.821,0.726,1.1273342414029922e-6
WDR1,6.553811492547938e-11,0.33021726248513095,0.546,0.334,1.1812589834168404e-6
FSD1,6.635063457669741e-11,0.368990131759407,0.436,0.23,1.195903837610394e-6
CRYAB,6.646623247984844e-11,0.6621715177197631,0.544,0.365,1.1979873742167883e-6
UQCRFS1,6.691783288143818e-11,0.3292832638681471,0.701,0.514,1.206127019855042e-6
SULT4A1,6.726358637523712e-11,0.31405564772206873,0.365,0.162,1.2123588808272737e-6
LUC7L,6.929740780055736e-11,0.3616403807855728,0.602,0.389,1.249016478197246e-6
ELMOD1,7.172621238564874e-11,0.37077912546958797,0.366,0.169,1.292793252038933e-6
ATL1,7.277505348694773e-11,0.31768977680726673,0.339,0.145,1.311697564048746e-6
DNAJC5,7.28914362539175e-11,0.34812557431109115,0.609,0.405,1.313795247040609e-6
MARCH6,7.663511713458044e-11,0.32253341543966685,0.827,0.662,1.3812713512336777e-6
GPSM1,7.712623827775727e-11,0.3583669338978586,0.505,0.297,1.390123318718297e-6
CNTN2,7.829543245822516e-11,0.27211909939539014,0.279,0.095,1.4111968746270503e-6
MICAL3,8.142126801409868e-11,0.33671865313487964,0.505,0.291,1.4675369346861148e-6
RUSC2,8.359108713671102e-11,0.37040643199244605,0.47,0.27,1.5066457545520794e-6
KCTD12,8.408133347010194e-11,0.3708394833260318,0.457,0.257,1.5154819544651173e-6
HRAS,8.445315066536399e-11,0.3626664174236985,0.502,0.307,1.5221835875925204e-6
CACNA1A,8.76097515056104e-11,0.30561222167553415,0.314,0.125,1.5790781611371219e-6
ATP5MPL,8.874855336969167e-11,0.2928343396660513,0.957,0.916,1.5996039259353226e-6
GPC2,9.194993022605017e-11,0.36028269203916496,0.402,0.203,1.6573055423943283e-6
FAM168B,9.196937159443119e-11,0.35632378340980997,0.7,0.507,1.6576559536180279e-6
SMPD3,9.318935052380787e-11,0.2780323386699709,0.283,0.098,1.6796448538411132e-6
MADD,9.421980335251454e-11,0.33767261939083265,0.472,0.267,1.698217735625722e-6
ALDOA,1.0081435532916953e-10,-0.34679575359761305,0.267,0.466,1.8170779404529517e-6
MT-ATP6,1.0191372266827768e-10,-0.4668581384471011,1,1,1.836892937373037e-6
NOVA1,1.0416793605628444e-10,0.4018711460826174,0.681,0.507,1.8775228794784708e-6
SPTBN1,1.0533108432051716e-10,0.3057065534895378,0.904,0.804,1.8984874637930014e-6
PRKACB,1.113361514676375e-10,0.34394187936064746,0.517,0.307,2.0067227940526982e-6
COPS9,1.2051724178318693e-10,0.30420604781283433,0.911,0.791,2.1722027659001613e-6
RPS23,1.214968890055852e-10,-0.36806185465705,1,1,2.1898599274366675e-6
"NAP1L4",1.2316664394043886e-10,0.32848384021265753,0.665,0.463,2.21995559038247e-6
BICDL1,1.2685840289422674e-10,0.2848523329079527,0.242,0.071,2.2864958537655426e-6
MARCH4,1.269436583057868e-10,0.2657707386507952,0.248,0.074,2.2880324973035016e-6
"NAP1L5",1.359840929843287e-10,0.38167813402211764,0.453,0.257,2.4509772919495407e-6
MTPN,1.372141601411764e-10,0.33353956004588914,0.629,0.429,2.4731480223845636e-6
SNHG25,1.3891447927924643e-10,-0.3186826381995702,0.85,0.916,2.5037945745291377e-6
ATP5F1C,1.4482310610006626e-10,0.34157405707316024,0.644,0.453,2.610291664347594e-6
GOLGA7B,1.486872343650481e-10,0.2981957164033169,0.3,0.115,2.6799387121956267e-6
TNC,1.490057170621049e-10,0.43808682440554714,0.45,0.253,2.6856790443273784e-6
ANXA2,1.5412242081821654e-10,-0.36508491805039545,0.229,0.412,2.777902512827535e-6
RERE,1.6138712257751254e-10,0.33683575853130854,0.693,0.503,2.908841497337086e-6
ATP5PF,1.622227789811689e-10,0.2986204882356427,0.93,0.875,2.923903368356588e-6
ADD1,1.6304735384904497e-10,0.326799155900271,0.821,0.645,2.9387655057751866e-6
MICAL1,1.6784686160530147e-10,0.30620488002962515,0.39,0.193,3.0252718335739536e-6
F3,1.7263935252549823e-10,0.2597431903935966,0.195,0.041,3.11165168991958e-6
DNAJB6,1.8234402181562805e-10,0.3760867870860217,0.652,0.493,3.28656864920488e-6
IDH1,1.8418925954655153e-10,0.2759323862736916,0.391,0.193,3.3198272140670446e-6
ACTR1A,1.8806824384620153e-10,0.3615205566112122,0.52,0.334,3.3897420270839363e-6
TARBP1,2.2125208272670648e-10,0.3496665625229441,0.465,0.274,3.9878475390661574e-6
NDUFS7,2.2407168070872884e-10,0.32199545031274746,0.592,0.375,4.038667973094129e-6
MCRIP1,2.3052652164609072e-10,0.31492784602889545,0.675,0.483,4.155010026149139e-6
PPFIA2,2.505126959270597e-10,0.3444402876749971,0.381,0.189,4.5152408313893234e-06
AP3B2,2.543367935453164e-10,0.2744137377758621,0.282,0.101,4.584166366860783e-6
DNAJC6,2.611045122265346e-10,0.35480176192486046,0.426,0.23,4.70614772837106e-6
NDUFB1,2.724336538627072e-10,0.32273237513925257,0.92,0.855,4.910344177221435e-6
SNHG32,2.8154846696313437e-10,-0.31045002116167875,0.523,0.74,5.074629568543534e-6
RPL10A,2.896457782004961e-10,-0.2789705694267899,0.977,0.99,5.220575506285741e-6
HTR1D,2.9115995784023373e-10,-0.2614105422797574,0.116,0.267,5.247867080112373e-6
CPE,3.06321971444044e-10,0.3801855511679979,0.875,0.804,5.521147213307449e-6
SLC9A3R1,3.226383156498328e-10,-0.2873894402352565,0.24,0.426,5.815233001272587e-6
B4GALNT1,3.2417369525778903e-10,0.2673900549895216,0.252,0.081,5.842906683326389e-6
GNAL,3.255602188711591e-10,0.3004745995355035,0.428,0.223,5.867897384933772e-6
KIF3B,3.282667293430608e-10,0.3216949625531637,0.421,0.223,5.916679529679328e-6
MIR124-2HG,3.693870972989496e-10,0.26392869286634457,0.247,0.078,6.657833041716268e-6
NEFL,3.7945860966134446e-10,0.5346167794983445,0.842,0.747,6.839361980536073e-6
RPS20,3.8068230422732056e-10,-0.42399106478041304,0.936,0.963,6.8614178513932254e-6
LPCAT4,3.8095903664633534e-10,0.2869095057089459,0.296,0.115,6.866405676513548e-6
CCDC184,3.8878173149256075e-10,0.33829680242950827,0.359,0.176,7.007401928421915e-6
ATP5PD,3.9526408356322614e-10,0.2762462436630423,0.747,0.564,7.124239842143588e-6
SOD1,4.1906939751167357e-10,0.2983461030753016,0.926,0.841,7.553306820750404e-6
GHITM,4.239143204724914e-10,0.3238820156467479,0.677,0.5,7.640631712196186e-6
AGAP3,4.359891035092441e-10,0.34648330621666734,0.584,0.392,7.858267601650615e-6
COX6B1,4.378416467585352e-10,0.2928960443087987,0.946,0.885,7.891657841175838e-6
FGF13,4.4426696902152904e-10,0.34114673786538907,0.43,0.243,8.007467849644039e-6
NTRK2,4.46561642346121e-10,0.4164050679411946,0.823,0.639,8.048827041646486e-6
AGRN,4.536516171413488e-10,0.35820807610909916,0.512,0.328,8.176616747355671e-6
TRIM67,4.639916422040305e-10,0.2891200490518395,0.289,0.111,8.362985359085445e-6
TOLLIP,4.705096052679767e-10,0.3112371798151822,0.412,0.22,8.480465125350013e-6
CCDC88A,4.757579873096364e-10,0.3191366679534047,0.534,0.338,8.575061963268887e-6
DDX24,4.889494269734203e-10,0.32215150246370194,0.682,0.473,8.812824471768927e-6
MGP,5.061026322942323e-10,-0.5000220024853876,0.519,0.716,9.121993844471244e-6
ARHGEF4,5.105899271475374e-10,0.34062547180034014,0.499,0.314,9.202872846907215e-6
NELL2,5.11480716924694e-10,-0.5474514649188598,0.561,0.689,9.218928441850685e-6
MORF4L1,5.403460934462726e-10,0.31400878947821087,0.934,0.889,9.739197988275618e-6
PGM2L1,5.509330872685303e-10,0.38986669605677426,0.512,0.311,9.93001796492799e-6
GSK3B,5.594306613732156e-10,0.29601293484311714,0.471,0.26,1.0083178240590839e-5
RPS26,5.670960749324267e-10,0.3000696328085817,0.959,0.892,1.0221339654582059e-5
MAP2K2,5.679573997060035e-10,0.3175334612341866,0.651,0.47,1.0236864172301008e-5
STAU2,5.753230480262575e-10,0.3645456976884932,0.46,0.277,1.0369622617625264e-5
MT3,5.829112747290794e-10,0.3047676648035517,0.411,0.209,1.0506392815716928e-5
CELF1,5.860053678746932e-10,0.34440990416711303,0.553,0.361,1.056216075057347e-5
CAPN1,5.948795584997378e-10,0.28548542531605015,0.438,0.236,1.0722109162399274e-5
UBE2V2,5.974830852635758e-10,0.3355250434441923,0.579,0.395,1.0769035128790691e-5
H2AFZ,6.545596425667863e-10,0.3030816317562486,0.899,0.791,1.1797782997623757e-5
CHGB,6.666899657864864e-10,0.3864494758658987,0.451,0.264,1.201641994333563e-5
TPD52L2,6.681754276775087e-10,0.3464733164644501,0.559,0.368,1.2043193908459417e-5
ATP2B2,6.809083049344751e-10,0.2627301465243662,0.259,0.088,1.227269128813898e-5
PINK1,6.931741851604357e-10,0.33872038260399895,0.573,0.382,1.2493771513331693e-5
BRSK2,6.987288670724044e-10,0.2803174190628769,0.309,0.128,1.2593889100113016e-5
TUBA1B,7.112800984506469e-10,0.2783518031106098,0.999,1,1.2820112494474459e-5
DTX4,7.114973305779091e-10,0.35722704522718485,0.677,0.524,1.2824027886336233e-5
LRATD1,7.446832621257364e-10,-0.6107886656188515,0.482,0.595,1.3422171116554274e-5
ARL2,7.596086788855376e-10,0.32302183172577775,0.49,0.297,1.3691186828232931e-5
NDUFB6,7.646846599845177e-10,0.31844289778332036,0.68,0.493,1.3782676311560948e-5
WASF1,7.690184633558238e-10,0.34235395619495873,0.436,0.253,1.3860788783525368e-5
PNN,7.885913204856828e-10,0.3174107929938012,0.502,0.307,1.4213569960433946e-5
CTPS1,8.028390271467736e-10,0.25580430701137247,0.287,0.108,1.4470370625293446e-5
CAMKV,8.177899038049496e-10,0.3129047142418904,0.339,0.159,1.4739845226180413e-5
DHCR24,8.191396010123457e-10,0.4278704283624106,0.524,0.361,1.476417216864652e-5
VASN,8.310782531863828e-10,-0.27500507052960255,0.147,0.304,1.4979354435431364e-5
TNNI2,8.415061405373474e-10,0.42841461952173376,0.576,0.429,1.5167306677045149e-5
SCG2,8.844822581509583e-10,-0.42582348862357555,0.525,0.679,1.5941908220912873e-5
JTB,9.108394511264409e-10,0.35571546652363195,0.685,0.527,1.641697026710297e-5
ABR,9.377863839784376e-10,0.3599934795185612,0.683,0.52,1.690266178482736e-5
BMERB1,9.492605870372219e-10,0.36752561442997744,0.622,0.483,1.7109472820758886e-5
ALDOC,9.539881440647322e-10,0.48530326115236067,0.62,0.432,1.7194682308622733e-5
EBF3,9.684195490224093e-10,0.37418486878280344,0.494,0.307,1.7454793951579905e-5
RNPS1,9.756959101247283e-10,0.31932045466346315,0.818,0.666,1.7585943084088103e-5
TIMM17A,1.0186287544984007e-9,0.315049986073447,0.435,0.243,1.8359764671079174e-5
CEND1,1.0335378419071667e-9,0.301640549447585,0.342,0.159,1.8628486062534773e-5
CAMSAP2,1.0458285809061739e-9,0.2940456869905744,0.482,0.287,1.8850014342252877e-5
PRRT2,1.053680092351597e-9,0.33774045346273185,0.373,0.189,1.8991529984545184e-5
HCN3,1.1401146207292466e-9,0.28941636131952053,0.318,0.139,2.054942592402394e-5
CAMK2B,1.148774196848194e-9,0.3209122928432565,0.43,0.236,2.0705506123991847e-5
AKT1,1.152552909498898e-9,0.3274140055689465,0.53,0.338,2.0773613640808135e-5
CASK,1.1740370565101537e-9,0.33838025114495385,0.516,0.328,2.116084390653901e-5
HOXB6,1.1966308306416016e-9,0.3236550996108405,0.427,0.236,2.1568074091484227e-5
HERC1,1.2276764807030869e-9,0.3274775153291628,0.448,0.264,2.2127640888192437e-5
MAPK8,1.245687581131782e-9,0.29993024324243117,0.393,0.206,2.245227296231924e-5
LANCL2,1.246989829815258e-9,0.28350379780133095,0.336,0.155,2.247574469259021e-5
NCDN,1.2559012283428283e-9,0.3347044110993457,0.553,0.378,2.2636363739651136e-5
UBE2E3,1.2900735315770247e-9,0.32861859991888176,0.775,0.649,2.3252285333144292e-5
ZNF83,1.3029566282503166e-9,0.2987964946254285,0.399,0.209,2.3484490267583706e-5
ITM2C,1.3079599649339166e-9,-0.45087849348456044,0.799,0.875,2.3574670407968914e-5
MGAT5B,1.3302990672600753e-9,0.28519940238605684,0.355,0.172,2.3977310388295596e-5
CAMSAP3,1.3588047719919337e-9,0.26985409494100254,0.314,0.132,2.4491097210382613e-5
ERG28,1.3765344718176838e-9,0.360210429020247,0.522,0.355,2.481065732004193e-5
EWSR1,1.3892040156212514e-9,0.3212843798578635,0.68,0.49,2.5039013177557436e-5
AMH,1.4791295585601312e-9,0.2904820086674991,0.355,0.172,2.6659831163487804e-5
FUT9,1.5245787395286366e-9,0.270571671481468,0.285,0.115,2.7479007201264147e-5
RPS11,1.5248689023456789e-9,-0.29479893021806536,0.996,0.997,2.7484237095878517e-5
CCNI,1.606946636149051e-9,0.38445797526692416,0.884,0.794,2.8963606169950494e-5
HSP90AB1,1.6131538057178274e-9,0.279156876383857,0.986,0.963,2.9075484194258122e-5
CDK5RAP3,1.6787695273295272e-9,0.32616893615617293,0.571,0.378,3.0258141960587397e-5
IGSF3,1.6788054707984133e-9,0.30541017769496615,0.446,0.257,3.0258789805670603e-5
ATP5MG,1.6927087311192698e-9,0.25439187078382774,0.974,0.899,3.050938216969372e-5
INTS11,1.6940042083402384e-9,0.32768276961316944,0.561,0.382,3.053273185112446e-5
XIST,1.7558518249733522e-9,-0.42069116919822114,0.657,0.801,3.16474732933197e-5
ZMIZ2,1.79339065028708e-9,0.32521797568074184,0.459,0.274,3.232407308077433e-5
PLTP,1.8411154001274327e-9,-0.3913032807124204,0.643,0.78,3.3184263971896844e-5
PTMS,1.8592669467527842e-9,0.28986978079888504,0.95,0.912,3.351142744827218e-5
FGD5-AS1,1.9231915129894644e-9,0.29452618492703575,0.606,0.416,3.46636038301221e-5
SNCB,1.9381616668307316e-9,0.34999403297711024,0.422,0.243,3.493342588295711e-5
RANGAP1,1.940126242199466e-9,0.3065163862793429,0.446,0.26,3.4968835389403176e-5
CASKIN1,1.9452591096647846e-9,0.2919237047583484,0.403,0.209,3.506135019259808e-5
"NAV1",1.9736391735352736e-9,0.31133057874377984,0.46,0.274,3.557287246379977e-5
ABCA3,2.0113816833289637e-9,0.35373179015534606,0.534,0.365,3.6253143460321246e-5
PLOD1,2.037769804671908e-9,-0.3616544181567215,0.354,0.53,3.6728762959406466e-5
CAMSAP1,2.0775617121403898e-9,0.3118195731295127,0.416,0.23,3.7445972299618386e-5
SRRM4,2.102814494189813e-9,0.27184205762000413,0.29,0.118,3.790112844327719e-5
MGST1,2.1229217673489773e-9,0.44467405474342336,0.536,0.358,3.8263541934697967e-5
CLCN4,2.1304579547126207e-9,0.27671481394471903,0.331,0.152,3.8399374175740274e-5
LRP4,2.1372560691884e-9,0.4099251885742664,0.466,0.284,3.852190339105172e-5
ROBO3,2.1704672107266885e-9,0.3135272363835403,0.277,0.111,3.912050100613783e-5
EXOC7,2.1808147324874593e-9,0.314281112858826,0.566,0.375,3.9307004738353964e-5
SNRPN,2.187808236933389e-9,0.3527007913324809,0.881,0.791,3.94330556624874e-5
SNRPG,2.193666256477328e-9,0.2840498515697052,0.778,0.639,3.9538640606747356e-5
LSM4,2.274171457593619e-9,0.3178141220575139,0.583,0.392,4.0989666351667384e-5
PLPPR2,2.2914205032270153e-9,0.31472744984870815,0.566,0.368,4.130056315016372e-5
SYP,2.376871696155913e-9,0.37122770528178617,0.469,0.284,4.284073545151418e-5
SUB1,2.3789465673002795e-9,0.29555519071588887,0.867,0.777,4.287813292902024e-5
MRPS21,2.3825749982194812e-9,0.28668906181809173,0.782,0.639,4.294353176790793e-5
SIL1,2.410845463257654e-9,-0.2707025068672548,0.223,0.395,4.345307862975595e-5
NCAM2,2.444362704375425e-9,0.30533760569661644,0.349,0.169,4.4057193383662655e-5
GABBR1,2.4847272300695918e-9,0.30572185691059495,0.608,0.412,4.478472359477432e-5
NDUFB11,2.5396184855437428e-9,0.29258039247564605,0.844,0.72,4.577408358344042e-5
DUSP4,2.564682426043278e-9,0.3303989815164827,0.363,0.186,4.6225836047004046e-5
MCF2L,2.743132612897495e-9,0.2741801963383988,0.356,0.176,4.944222221486445e-5
MARS,2.770976764445572e-9,0.33727830959448746,0.546,0.365,4.9944085202366994e-5
PDE4B,2.7783958096344126e-9,0.2814437525909109,0.341,0.162,5.0077806072850654e-5
THRA,2.8327810449179547e-9,0.34265205763594264,0.608,0.453,5.105804555360121e-5
CARMIL3,2.914018571794405e-9,0.27211909939539014,0.265,0.101,5.252227073802235e-5
CELF5,2.9292142691977695e-9,0.29894934289142994,0.387,0.203,5.2796157988020596e-5
MYL12B,2.950692057229149e-9,0.29945061999429345,0.815,0.699,5.3183273639498175e-5
CTNNA2,2.9666392550744075e-9,0.2973773213850106,0.456,0.274,5.347070593346112e-5
PRXL2A,3.073337466004613e-9,0.32375699228955457,0.627,0.453,5.5393834487267146e-5
ZFAND5,3.304094667889693e-9,0.3168421054589059,0.746,0.578,5.9553002294043824e-5
FAM131B,3.322985758693014e-9,0.2762861230057363,0.312,0.139,5.989349531468289e-5
ZIC4,3.3834212525018655e-9,0.28582261276766835,0.305,0.135,6.0982784655093626e-5
DUSP8,3.419947013491244e-9,0.31290471424189015,0.414,0.23,6.164112497116619e-5
PRKAR2B,3.5219884539212494e-9,0.33701133101293623,0.427,0.25,6.34803198934766e-5
APP,3.5392865010489322e-9,0.28115390567253007,0.971,0.97,6.379209989490596e-5
CEP170,3.565347884278567e-9,0.300342838192859,0.415,0.233,6.426183026623689e-5
IRGQ,3.5850469663941544e-9,0.28711712258132893,0.421,0.233,6.461688652228824e-5
COX4I1,3.5850896854750765e-9,0.29292861760384015,0.972,0.936,6.461765649100278e-5
PID1,3.5926777267409825e-9,0.25416574608941805,0.267,0.101,6.475442334677946e-5
ANO8,3.684071158171516e-9,0.26011729988245524,0.285,0.118,6.64016985548834e-5
MTMR4,3.896559354321583e-9,0.29122680082372404,0.384,0.206,7.023158580229221e-5
PITHD1,3.945584964501064e-9,0.3109862365111905,0.534,0.361,7.111522340016717e-5
MAPK6,3.955372995947997e-9,0.3074420229712652,0.414,0.233,7.12916428789667e-5
PTGES3,3.980277696696263e-9,0.3132487454920929,0.783,0.652,7.174052520525345e-5
PHC1,4.053663159418342e-9,0.3279303989519732,0.517,0.338,7.30632247853562e-5
TIA1,4.0785394950299044e-9,0.34253693850863953,0.59,0.409,7.3511595858419e-5
AKAP12,4.241636519665269e-9,0.336950188208541,0.472,0.291,7.64512566304468e-5
ZNF706,4.303770362104144e-9,0.28158495102908476,0.572,0.368,7.757115700656509e-5
TOMM7,4.588182962601726e-9,0.2705545117595438,0.976,0.943,8.26974097179335e-5
AMPD2,4.81804890912573e-9,0.2648104260408454,0.371,0.182,8.684051353808215e-5
HSPA9,4.828146480704703e-9,0.3038817110869575,0.685,0.51,8.702251216822157e-5
SCUBE2,4.8913114523392715e-9,0.2700299368622257,0.242,0.088,8.816099761696303e-5
EIF4A2,5.008968845860172e-9,0.28335728701816976,0.945,0.882,9.028165447778375e-5
TRA2B,5.107632486093158e-9,0.2843861376718756,0.641,0.449,9.205996792934307e-5
EBF4,5.1149194480915394e-9,0.2649217993987718,0.319,0.145,9.21913081324019e-5
DDX3X,5.244632089608863e-9,0.2969631703728688,0.731,0.561,9.452924878311015e-5
PPP1R12C,5.297732639515027e-9,0.27516860366924384,0.488,0.294,9.548633309461885e-5
ERI3,5.350858987710369e-9,0.30327601304411334,0.562,0.385,9.644388239449169e-5
PRKRA,5.528983212264109e-9,0.2856668427640743,0.375,0.199,9.96543934178483e-5
MLF2,5.680160844030975e-9,0.31814611888404176,0.812,0.672,1.0237921905281429e-4
LRIG1,5.751597516744173e-9,0.3462603446607436,0.448,0.27,1.0366679364179697e-4
OBSCN,5.7667976889940316e-9,0.25622855400667405,0.343,0.162,1.0394076154642843e-4
SCN2A,5.777302018316666e-9,0.3083174447462384,0.356,0.182,1.041300915781396e-4
BLOC1S1,5.891147192959931e-9,0.32891096601345415,0.697,0.544,1.061820370059098e-4
WDR47,5.921760838026972e-9,0.25500633053368926,0.323,0.149,1.0673381734459814e-4
DDX17,6.008093697341101e-9,0.2923954687606707,0.964,0.919,1.08289880800876e-4
MRFAP1L1,6.135071938762546e-9,0.31668140498737407,0.547,0.375,1.1057853662425612e-4
GOLGA8A,6.515815858171538e-9,0.3043072057196209,0.687,0.493,1.174410650276838e-4
RAB3B,6.720135630735182e-9,0.2857685843043761,0.359,0.179,1.2112372460837092e-4
GP1BB,6.863743477668964e-9,0.2718096931445305,0.337,0.162,1.237121124415054e-4
SAE1,7.0071176932224326e-9,0.3063066251575553,0.488,0.314,0.00012629628930264111
PTPRM,7.025405567122561e-9,0.305031870470601,0.496,0.314,1.2662590994181705e-4
MAST2,7.086440854711407e-9,0.3123906593492648,0.465,0.284,1.277260099653184e-4
GRIK2,7.167243527212898e-9,0.2555715391759386,0.272,0.111,1.2918239733448526e-4
RETREG2,7.327309981934528e-9,0.29622597309525966,0.656,0.503,1.3206743511438794e-4
ARHGEF10L,7.753034534513892e-9,0.29191120658806785,0.351,0.179,1.397406944500784e-4
ASXL1,7.921315255657178e-9,0.2845993450217447,0.41,0.23,1.4277378616796497e-4
HNRNPU,7.964536136825801e-9,0.29857911826342964,0.86,0.784,1.4355279933014824e-4
VPS28,7.979563408399118e-9,0.29255606885008767,0.739,0.574,1.438236508729857e-4
COL5A1,7.986064166581667e-9,-0.31350415855970437,0.496,0.676,1.4394082053846796e-4
SYT5,8.10203551884581e-9,0.27231393362880707,0.315,0.145,1.460310881916769e-4
NSF,8.136535737900439e-9,0.315293678260017,0.512,0.331,1.466529201399175e-4
SERPINH1,8.409520577350862e-9,-0.2792218445061925,0.577,0.736,1.5157319888617194e-4
SORBS1,8.422619683429053e-9,0.2803000488099626,0.356,0.182,1.5180929717412524e-4
PGRMC1,8.469320260317659e-9,0.33636368706587905,0.795,0.662,1.526510283719655e-4
JPH3,8.674762163980988e-9,0.26483097417881485,0.3,0.132,1.5635391324359332e-4
TRIO,8.735971774502299e-9,0.2920058209160027,0.554,0.378,1.5745715526362943e-4
RAB3A,8.74893953334614e-9,0.37208265017666375,0.537,0.358,1.5769088614903083e-4
TRIR,8.807680793596607e-9,0.31934053922356487,0.824,0.733,1.5874963862378525e-4
SAMD14,9.010262913443763e-9,0.29932630774134955,0.38,0.206,1.624009787519104e-4
SEZ6L2,9.018949083309826e-9,0.4118403898465861,0.552,0.399,1.6255753827757632e-4
"NARS",9.512340349459708e-9,0.2687371309663221,0.47,0.284,1.714504224586618e-4
SMOC1,9.543824574466713e-9,-0.586342661446813,0.408,0.574,1.7201789413018802e-4
BMPR2,9.694978817253004e-9,0.2915598118435352,0.531,0.345,1.7474229820216815e-4
KDM1A,9.750935796677972e-9,0.27552474222932144,0.585,0.392,1.7575086679932377e-4
NDUFA10,9.75625866410818e-9,0.2868518544055797,0.573,0.385,1.7584680616188582e-4
ARHGEF7,9.864136648693431e-9,0.3182043179470391,0.511,0.341,1.777911989560504e-4
DDIT4,1.0039869586677196e-8,-0.3104182601780259,0.362,0.541,1.8095860943026978e-4
CIAO2B,1.0340379046075325e-8,0.2704340899154656,0.656,0.48,1.8637499192646165e-4
BRSK1,1.0455795521452104e-8,0.2918277134953011,0.43,0.247,1.8845525847865273e-4
CD99,1.0933239229141273e-8,0.529396534138654,0.782,0.706,1.9706070386604231e-4
LPAR2,1.1067250030918188e-8,0.29749298860904316,0.367,0.196,1.994761145572694e-4
HSPD1,1.13347089354419e-8,0.27742100129869396,0.77,0.618,2.0429679385240482e-4
"NASP",1.1403986046440842e-8,0.34566080750828077,0.6,0.426,2.0554544450104975e-4
TMEM178B,1.1650178988914024e-8,0.2845229128720675,0.341,0.172,2.0998282609618635e-4
PRKAR1A,1.1760630713833464e-8,0.2684398172916993,0.718,0.547,2.1197360798613435e-4
AP3D1,1.1801480610655787e-8,0.27924714412251306,0.659,0.476,2.127098865264599e-4
BCL11A,1.1897226322750544e-8,0.2630986608118857,0.301,0.135,2.144356072412558e-4
CAPZA2,1.1978348607698797e-8,0.26592524113549754,0.415,0.23,2.158977553051631e-4
NUDT3,1.2397222777235068e-8,0.3184642395837908,0.534,0.355,2.2344754333688486e-4
AKR1B1,1.2570577214418878e-8,0.3009558713739259,0.526,0.351,2.2657208371268584e-4
PPP2R2C,1.3658580144897713e-8,0.2635049013740022,0.314,0.145,2.4618224853163636e-4
DNAJA1,1.4281142762322763e-8,0.3150093025668135,0.831,0.753,2.574033171481055e-4
MAP1A,1.4664401679194152e-8,0.3226857350344756,0.523,0.355,2.643111758657954e-4
PSMD4,1.5152076019976266e-8,0.2769254171363238,0.536,0.351,2.7310101818405223e-4
GRIA4,1.534692791431479e-8,0.2838035948411241,0.391,0.216,2.766130287276098e-4
EFEMP1,1.5494053938755958e-8,-0.2601459782361031,0.2,0.361,2.7926482819213736e-4
ELAVL3,1.5889732148170884e-8,0.2987476803777204,0.435,0.257,2.8639653223863203e-4
CNR1,1.6156700651463777e-8,0.2900767847876287,0.359,0.186,2.912083725419831e-4
LINC01963,1.6187760802193837e-8,0.28282974622036244,0.374,0.203,2.917682006987417e-4
GNPTAB,1.6230647410898947e-8,0.25466182366324586,0.303,0.139,2.925411889340426e-4
TCP1,1.647822609792141e-8,0.2906232668658837,0.693,0.507,2.970035471889355e-4
LSM3,1.64789175039614e-8,0.2630665083348612,0.598,0.416,2.970160090914003e-4
CCT3,1.685522846429557e-8,0.29474142741225673,0.632,0.463,3.037986378404633e-4
DPF1,1.7953489038507705e-8,0.26089391566534703,0.32,0.152,3.2359368643006286e-4
ATF4,1.834801967909854e-8,0.2907878119722158,0.876,0.797,3.307047066960721e-4
HUWE1,1.8690817849215304e-8,0.3008396484083917,0.555,0.392,3.368833009142566e-4
COMMD7,1.911448340709518e-8,0.2752883918057599,0.411,0.233,3.4451944892948354e-4
STK25,1.947898994587011e-8,0.2692009194688205,0.712,0.53,3.5108931478436287e-4
MAPRE1,1.9715782974601614e-8,0.2912241336337843,0.526,0.351,3.553572723342195e-4
AQP4,2.0470268685723497e-8,0.27780413635363144,0.198,0.061,3.689561227914803e-4
SLC9A6,2.0881648191415587e-8,0.2904498634141944,0.388,0.22,3.7637082700207457e-4
NPEPPS,2.136310047598218e-8,0.29510234844471195,0.522,0.351,3.850485229791028e-4
STMP1,2.148740156501897e-8,0.2961443876943143,0.595,0.419,3.872889258079019e-4
ARPC2,2.1683075072195282e-8,0.26670989136328493,0.727,0.574,3.9081574510124777e-4
NDRG3,2.2570302867476858e-8,0.302253332742631,0.391,0.226,4.068071388834029e-4
GPC3,2.2823901408895287e-8,-0.28700812794523745,0.74,0.899,4.1137799899392864e-4
CADM2,2.343607753675133e-8,0.29142498683143875,0.373,0.199,4.2241186152240596e-4
LIN7C,2.4205187133751106e-8,0.3176457472331289,0.511,0.341,4.362742928987299e-4
PPIP5K2,2.5109132170398276e-8,0.27566452665052293,0.376,0.206,4.525669982392585e-4
CCNL2,2.5357936008563937e-8,0.32570932187689094,0.791,0.655,4.570514386183564e-4
STX12,2.5692864012128986e-8,0.28378016172342346,0.434,0.267,4.6308818095461285e-4
PLRG1,2.623681738607163e-8,-0.3558066642191102,0.363,0.514,4.72892396566555e-4
UQCRC1,2.6334678087261785e-8,0.2909263451463957,0.594,0.429,4.746562378448064e-4
AHI1,2.6996874914643917e-8,0.2724345340053043,0.409,0.236,4.86591673461542e-4
MTFR1L,2.749274311231551e-8,0.30319609724729557,0.498,0.324,4.955292018563748e-4
CPEB2,2.7893115579629947e-8,0.28315737084783815,0.354,0.186,5.027455152072502e-4
TMEM145,2.825480166209042e-8,0.2662919463652703,0.288,0.132,5.092645451575177e-4
RBM5,3.007133910915957e-8,0.30614901347406764,0.73,0.561,5.420058161034921e-4
PDAP1,3.0193951150361206e-8,0.26796235431408477,0.676,0.503,5.442157755341104e-4
APMAP,3.025172308372833e-8,0.28427791074175346,0.529,0.348,5.452570568611195e-4
MVK,3.1321518988521807e-8,0.25639590271710044,0.26,0.108,5.645390582491171e-4
SC5D,3.206899661167885e-8,0.3069184191761589,0.481,0.321,5.780115949288996e-4
HECTD4,3.3444046014017336e-8,0.2578314710909386,0.52,0.331,6.027954853566485e-4
NDUFA3,3.355167543640717e-8,0.27742100129869374,0.924,0.878,6.047353980658029e-4
THY1,3.418084987112411e-8,0.3203460978108196,0.517,0.355,6.160756380771409e-4
RPL9,3.438814394963219e-8,-0.266518376134953,1,1,6.198119065481706e-4
LINC01578,3.4530092773809095e-8,0.2761101048564224,0.746,0.561,6.223703921551351e-4
AFDN,3.4582210864980105e-8,0.27600231382344886,0.408,0.236,6.233097686304015e-4
COA3,3.470592590638689e-8,0.2720885017338397,0.652,0.497,6.255396085367173e-4
GABARAPL2,3.506416474110253e-8,0.2794175317641736,0.918,0.851,6.31996505293632e-4
KCNQ2,3.554685922244813e-8,0.29251477288921746,0.446,0.277,6.406965906254051e-4
FABP5,3.5851622536992314e-8,0.35140302072091956,0.546,0.392,6.461896446067495e-4
FAM32A,3.6544458806643e-8,0.2776292394943598,0.489,0.318,6.586773255309335e-4
MVB12B,3.6679945377682635e-8,0.2583693375513294,0.366,0.196,6.611193354873518e-4
HK1,3.672890002362819e-8,0.3250248782804952,0.603,0.422,6.620016940258745e-4
NPTN,3.675661236238897e-8,0.3350046387298319,0.645,0.507,6.625011812196988e-4
FABP7,3.6772248464663454e-8,0.2898803846874809,0.813,0.645,6.627830063270941e-4
SEC11C,3.714520481814933e-8,0.3280582769124387,0.558,0.395,6.695051716423234e-4
HNRNPK,3.7833156455511875e-8,0.2650219133871192,0.958,0.929,6.819048119541461e-4
PNMA8A,3.79382877767119e-8,0.30121055825197857,0.464,0.294,6.837996988874553e-4
DHX9,3.820679007870497e-8,0.30083562259914365,0.583,0.426,6.886391843785784e-4
TRAK1,3.999287381795905e-8,0.32128247158283546,0.493,0.334,7.20831557694894e-4
MMD,4.040571706084471e-8,0.2799900917691554,0.356,0.189,7.28272644304665e-4
PRR36,4.22424839077913e-8,0.28469395107711726,0.438,0.264,7.613785299540305e-4
SERPINI1,4.407427365072236e-8,0.3059797647496999,0.329,0.169,7.943947082806198e-4
HID1,4.435816573520986e-8,0.26936660599992385,0.313,0.155,7.995115792114225e-4
ARGLU1,4.4378220710063795e-8,0.2787652756288871,0.716,0.564,7.998730500781898e-4
MTCH1,4.456365124677527e-8,0.27119590487105816,0.879,0.821,8.032152500718775e-4
SLC17A6,4.491725452340835e-8,0.2574215931807049,0.272,0.118,8.095885955299121e-4
CMC2,4.7195541048599095e-8,0.27324659962429126,0.342,0.182,8.506524318599501e-4
LRP8,4.7669849045540155e-8,0.2912414261669138,0.439,0.27,8.592013591968157e-4
ACADVL,4.861530615851165e-8,0.2831573708478383,0.745,0.547,8.762422782010139e-4
BAALC,4.910677284445676e-8,0.30970228220354634,0.53,0.358,8.851004737484887e-4
ROGDI,4.9341623181324523e-8,0.2834556640445773,0.451,0.277,8.893334162201933e-4
NEFM,4.978194305936594e-8,0.39726807616855386,0.703,0.574,8.972697417020117e-4
ATP5MC3,4.998162912256209e-8,0.25311286001161926,0.879,0.814,9.008688833050591e-4
ERH,5.1486287953738006e-8,0.2524047135160792,0.737,0.581,9.279888540781738e-4
FNBP1L,5.505575985163712e-8,0.31779295099907756,0.58,0.422,9.923250155659074e-4
SMIM29,5.5187880462847574e-8,0.2685796613573896,0.378,0.213,9.947063574623648e-4
PPP2CB,5.699302684982485e-8,0.282923451910822,0.651,0.483,0.001027242315941243
DTD1,5.7486432833743286e-8,0.3012465090575155,0.49,0.321,0.001036135465395389
MAPK8IP3,5.7731227933100195e-8,0.30490149068467676,0.543,0.392,0.0010405476522661978
ANKRD10,5.946313536527651e-8,0.29445740328025805,0.576,0.412,0.0010717635518237437
MTURN,6.028233762733677e-8,0.31065787522539856,0.558,0.389,0.0010865288533951178
VPS9D1,6.056631055026929e-8,0.2701059425857879,0.315,0.159,0.0010916471813580536
LINC01405,6.17435173100791e-8,-0.2596206832410432,0.102,0.223,0.0011128651559968658
SPIRE2,6.203697817232867e-8,0.2634646526596669,0.267,0.118,0.001118154494578052
PSMB5,6.553693095432787e-8,0.27057424141022457,0.65,0.497,0.0011812376435208053
ACO2,6.613179469854121e-8,0.28280022391176773,0.629,0.476,0.0011919594676465068
FADS1,6.728781851650885e-8,0.2838796935189574,0.489,0.324,0.0012127956409415555
ANKRD13D,6.796734115051465e-8,0.2972853443449287,0.441,0.277,0.001225043356896876
GFRA1,6.914542521730683e-8,0.25347724184694437,0.343,0.182,0.0012462771441167381
RNF44,7.084953307863927e-8,0.29888214737502156,0.414,0.253,0.0012769919842093942
SLC25A1,7.176038336937663e-8,0.26707249059447125,0.568,0.395,0.0012934091498496443
MT-ND3,7.453683295442177e-8,-0.3746789512821813,0.999,1,0.001343451877170498
NCALD,7.55199802703301e-8,0.2744676186196766,0.531,0.361,0.0013611721243924296
CBLN2,7.625142580672079e-8,0.3568670570308474,0.48,0.318,0.0013743556987403354
MRPL41,7.822889706884826e-8,0.25632118587552266,0.579,0.402,0.001409997640768921
DEAF1,7.843752748704804e-8,0.3025627700204314,0.585,0.436,0.001413757995426554
SF3B2,7.916966869520514e-8,0.2771083261750332,0.61,0.456,0.0014269541085623774
BZW1,8.055169001767258e-8,0.263600988627803,0.668,0.51,0.0014518636608785306
CMIP,8.535507793835044e-8,0.2986534125721888,0.511,0.355,0.0015384399247608284
"NAPA",8.5492919012373e-8,0.2805287122872238,0.493,0.331,0.001540924372279011
SEMA6A,8.579930879664393e-8,0.2854042098643298,0.45,0.291,0.0015464467417507103
IK,8.62179078497613e-8,0.2877192562010954,0.493,0.328,0.0015539915710840976
ARNT2,8.704108740831299e-8,0.2784253464521097,0.382,0.223,0.0015688285594474332
ATP6V1A,8.793732479336125e-8,0.32152326079028304,0.546,0.399,0.0015849823420755432
GOLGA8B,8.992350763890426e-8,0.28206400585356717,0.415,0.253,0.0016207813016836103
PFKM,9.097292823978817e-8,0.2714667600466213,0.546,0.378,0.001639696058593942
INPP4A,9.357383161009283e-8,0.26541578846057096,0.394,0.23,0.0016865747409403132
CLCN3,9.400876600888758e-8,0.26068813239774546,0.52,0.348,0.0016944139985441897
RPL23,9.411957378830504e-8,-0.32002214717394306,0.959,0.986,0.00169641119796041
AKAP6,9.579265613960404e-8,0.27566452665052293,0.385,0.223,0.001726566834260223
PALM,9.690731226532913e-8,0.28685381287406875,0.596,0.443,0.0017466573962702922
SQSTM1,9.834661610619379e-8,0.290562560757601,0.653,0.507,0.001772599408698037
TM2D3,1.0123812170875405e-7,0.2779606673382269,0.434,0.27,0.0018247159056785829
RTF2,1.0299856763205545e-7,0.26469562119927015,0.508,0.334,0.0018564461830001674
PITPNA,1.0780515930386044e-7,0.3012266915910946,0.547,0.405,0.0019430801912927807
PDXP,1.0782461375787317e-7,0.28830861554981857,0.493,0.321,0.001943430838371906
PJA2,1.0848522798656394e-7,0.300773432072442,0.722,0.605,0.0019553377492298285
ARF3,1.0888607355091231e-07,0.27391612933042586,0.64,0.497,0.0019625625896816435
INSIG1,1.1087507629358984e-7,0.3161382494936722,0.405,0.25,0.001998412375115663
CSK,1.1200665463299855e-7,0.26000281307933326,0.372,0.209,0.002018807943105166
DIPK1B,1.1379013396908368e-7,0.28403465578875914,0.492,0.334,0.0020509533746587644
MFAP2,1.168106407665263e-7,-0.3682942218697509,0.49,0.645,0.00210539498917587
DHX30,1.1782248581575422e-7,0.28792031687379904,0.538,0.382,0.002123632484343154
RHBDL3,1.21173265637291e-7,0.27648130599201654,0.339,0.182,0.002184026939846533
PANK3,1.2144043631273542e-7,0.29807098803219817,0.457,0.307,0.002188842424100743
AUP1,1.2430986547591922e-7,0.2716891463821466,0.477,0.311,0.002240561015337968
SUCLG1,1.2775138638125502e-7,0.27948171270444006,0.438,0.274,0.0023025909881357405
OXCT1,1.2827742747870386e-7,0.2715207934767709,0.426,0.26,0.0023120723528761585
RBBP7,1.300609859390961e-7,0.3015813272150098,0.463,0.311,0.0023442192105662682
RPL36A,1.3236858815451993e-7,-0.29056661953003937,0.994,0.993,0.0023858114328970674
NCS1,1.3370840526586695e-7,0.2855419912930434,0.451,0.291,0.002409960296511986
C14orf132,1.3470414482281191e-7,0.3002308842067798,0.429,0.267,0.0024279075062863618
SDHA,1.4124624281628517e-7,0.2751301770594916,0.45,0.294,0.002545822280520724
TBCD,1.431483693372186e-7,0.2862367637798102,0.506,0.348,0.002580106208934028
GNAQ,1.4697790004503946e-7,0.2986820971112931,0.558,0.402,0.0026491296704117913
DGKD,1.4934645766751197e-7,0.2650761891512753,0.371,0.213,0.002691820552999236
PIN1,1.6291226256358623e-7,0.26128519037033215,0.627,0.459,0.002936330620446078
NLGN2,1.6699956567297555e-7,0.27856318180216766,0.618,0.459,0.003010000171689711
RAB7A,1.6803528293723142e-7,0.25064326723389274,0.673,0.514,0.0030286679396606593
DAG1,1.6898048361578395e-7,0.27983701255622695,0.522,0.358,0.00304570423669089
HOXA5,1.7295598848373103e-7,0.37108387754998773,0.478,0.334,0.003117358736430768
MIR100HG,1.7429922075243014e-7,0.30163536276095015,0.548,0.402,0.0031415691548418007
TTL,1.7474964877551644e-7,0.2742662869340072,0.384,0.23,0.0031496876695299085
AP2S1,1.7628552916668233e-7,0.2605332214092543,0.718,0.598,0.003177370377700282
ATP13A2,1.8246147122770974e-7,0.3146070094728908,0.579,0.436,0.0032886855574082406
RNF11,1.887164767367126e-7,0.2677002286087522,0.584,0.426,0.003401425776702508
ENTPD6,1.8883047899094725e-7,0.26370500818166565,0.409,0.243,0.003403480553332833
TP53BP1,1.8989792774813039e-7,0.2742242460778306,0.612,0.463,0.0034227202497323023
FAM3C,1.9139419443196646e-7,0.2807347085809826,0.532,0.372,0.0034496889604417637
MAPK10,1.9837491473487753e-7,0.2652630201790878,0.458,0.291,0.0035755094631814326
TMEM35A,2.0250630936151259e-7,0.3139146513086068,0.435,0.274,0.0036499737199319027
PKIB,2.0391736002576716e-7,-0.2587231479776552,0.116,0.233,0.0036754064971044275
UBR5,2.0871388901810175e-7,0.26275860625787584,0.366,0.209,0.003761859135662266
PNMA1,2.208330203216885e-7,0.2833628683257001,0.701,0.574,0.0039802943582781134
PIP5K1C,2.2782493937979198e-7,0.30184952573289464,0.429,0.277,0.004106316707381371
PPP1R1B,2.39854122748633e-7,-0.5049564743397411,0.409,0.544,0.004323130708421361
CCT7,2.620971277541281e-7,0.2599302493768417,0.682,0.537,0.004724038630640405
ATP6V0D1,2.6745676437960057e-7,0.28098953416512806,0.536,0.395,0.0048206407211779205
TNPO2,2.7299510278024804e-7,0.2737993161496041,0.456,0.297,0.0049204637325111905
VEGFB,2.746195158884907e-7,0.2518188412405842,0.676,0.514,0.004949742154374157
SAT2,2.8120962758855103e-7,0.28646484703971764,0.585,0.429,0.005068522327656044
NOL7,2.8341356604316214e-7,0.2656342296815031,0.411,0.25,0.005108246114361954
RPL17,2.8575912526272256e-7,-0.2557963727988968,1,1,0.005150522473735312
CD99L2,2.911554803726278e-7,0.2763036998067758,0.482,0.328,0.005247786378236243
HNRNPR,3.045302114090851e-7,0.26221730079304073,0.606,0.446,0.00548885253043735
CD200,3.061046339511134e-7,0.26511681528762504,0.428,0.267,0.0055172299223348676
UBE2M,3.1246163284927475e-7,0.2565905715622152,0.562,0.399,0.005631808470475328
CIRBP,3.310571134227089e-7,0.25677283964484987,0.99,0.966,0.005966973412330905
LAMTOR1,3.41914570522206e-7,0.2680182354994798,0.58,0.422,0.006162668219092241
ABLIM1,3.47459836827254e-7,0.25156683142503833,0.492,0.328,0.006262616098974426
VAPA,3.491282756985414e-7,0.2720596619645077,0.665,0.527,0.0062926880411905105
MT-ND4,3.64007473099767e-7,-0.3576214587572739,1,1,0.0065608706951502
DKK3,3.6535463427843275e-7,0.29153917980862776,0.835,0.706,0.006585151928234472
ATOX1,3.6863869532614657e-7,0.26393539091032014,0.749,0.635,0.006644343844558466
ARL6IP1,3.7042366204440914e-7,0.26728672117571206,0.664,0.524,0.00667651608468843
EEF1A2,3.82361402340291e-7,0.2996454936364075,0.426,0.274,0.006891681915781405
MAN2C1,3.830067405333482e-7,0.2623156290846239,0.424,0.264,0.0069033134913730676
DDB1,3.8732784957228955e-7,0.2791361734009946,0.624,0.486,0.006981197160690946
TGFBI,3.886359163353531e-7,-0.3308389803056039,0.169,0.307,0.007004773756028404
MYCBP2,3.951163466391155e-7,0.2948933062575719,0.447,0.304,0.007121577031823418
SOGA1,4.0686406992907473e-7,0.2773078514087594,0.388,0.24,0.007333317996401643
H1FX,4.139527759380859e-7,0.27482370705305614,0.83,0.709,0.00746108483350806
CTIF,4.1855063881183337e-7,0.2708657992487032,0.416,0.264,0.007543956713944484
MEIS3,4.260077376084006e-7,0.27370267781979485,0.469,0.311,0.0076783634626538125
SRRM2,4.3160047740036247e-7,0.2527837218043192,0.77,0.659,0.007779167004664133
UPF3A,4.3439302776641445e-7,0.308271612894119,0.448,0.307,0.007829499932461854
TSPYL4,4.4189973746835126e-7,0.25833209181326716,0.406,0.257,0.007964800868129562
TCEAL2,4.4323922823731263e-7,0.27349469104792745,0.406,0.257,0.007988943849749323
RNF130,4.821409959473603e-7,0.2715098613807945,0.439,0.284,0.008690109310955221
NHP2,4.910705767921515e-7,0.25733639032559863,0.712,0.601,0.008851056076101739
GPI,4.992094638660733e-7,0.31198296250727275,0.778,0.676,0.008997751376722107
CENPX,5.009590005010272e-7,0.28329981000882565,0.477,0.318,0.009029285025030514
ARL8A,5.149331598190578e-7,0.254052812760654,0.47,0.311,0.009281155272578698
VOPP1,5.495771528393815e-7,0.2699215436911441,0.604,0.459,0.009905578602777012
DTX3,5.600190395165053e-7,0.27294848588779597,0.529,0.395,0.01009378316824549
PIK3R3,5.846294315500507e-7,0.29909891471685973,0.452,0.314,0.010537360874258115
SELENOT,6.029935713016181e-7,0.2534397739272891,0.483,0.324,0.010868356129140364
ARL4C,6.224135063045504e-7,0.28238451228706735,0.42,0.274,0.011218381037633217
CELSR2,6.553000793110246e-7,0.2738331340194562,0.446,0.294,0.011811128629501908
B4GALT2,6.672450370740433e-7,0.2634027528243159,0.506,0.355,0.012026424548222557
ID4,6.741451168615398e-7,-0.32409006987760125,0.797,0.875,0.012150791586312392
WNK2,6.744055962910962e-7,0.2848903380722937,0.622,0.486,0.012155486467550719
UBE2S,7.12627785787982e-7,0.2614800808339851,0.548,0.395,0.012844403211042587
CHMP5,7.238032330470576e-7,0.26392869286634435,0.49,0.341,0.013045829472440165
CCDC136,7.31885499852117e-7,0.30586492389911424,0.731,0.591,0.013191504249334556
SCAMP3,7.34270758988031e-7,0.25644422498189484,0.45,0.297,0.013234496160000272
LONRF2,7.519700073212414e-7,0.28239140584928324,0.556,0.409,0.013553507411958054
COX8A,7.533138296636189e-7,0.2527837218043194,0.88,0.811,0.013577728465857067
EFNA3,7.583773770365251e-7,0.26386722093333564,0.408,0.257,0.01366899384370633
MRPS6,7.585307710549562e-7,0.2748100281343183,0.529,0.378,0.01367175861749453
CCT2,7.758019284324562e-7,0.25997258342703866,0.582,0.419,0.01398305395806659
NDUFA5,7.778624242369653e-7,0.2510237488859932,0.671,0.52,0.014020192334447061
"NAP1L1",8.309583385503421e-7,-0.2696009942685913,0.785,0.858,0.014977193094031366
COL6A1,8.514921894513893e-7,0.31623401196759504,0.824,0.757,0.015347295222671841
EIF5,8.617191970738292e-7,0.2573428040281315,0.612,0.463,0.015531626808058698
CBX3,9.0539629362618e-7,0.2602371563102708,0.692,0.571,0.016318862796318268
AASDHPPT,9.11945146047598e-7,0.2678821065089194,0.522,0.385,0.01643689931236191
RAB3C,9.15187161134182e-7,0.26856927799845187,0.492,0.341,0.016495333392282496
RCN2,9.169363635233486e-7,0.2544040600835419,0.71,0.568,0.016526861016144836
NDUFA6,9.63025302696305e-7,0.25305825417197014,0.731,0.625,0.0173575680557982
PLXNA3,9.959748468132326e-7,0.2783999220490236,0.446,0.297,0.017951450638961704
FBXO44,1.0310327113873578e-6,0.2503561395676755,0.361,0.216,0.01858333359004574
UNC119,1.0557520548588544e-6,0.25431006033104225,0.441,0.291,0.019028875036775993
WSB1,1.1619891228095869e-6,0.2775339755289088,0.854,0.74,0.020943691949519994
SPIN1,1.1680360522701211e-6,0.2593892049148885,0.635,0.5,0.021052681806116663
C11orf49,1.1896063835815707e-6,0.25756462513344813,0.423,0.277,0.02144146545767423
SLC39A6,1.1960997835268302e-6,0.25745852530707997,0.465,0.311,0.02155850249828759
PLEKHB2,1.2101771067863638e-6,0.2786212386415292,0.492,0.345,0.02181223217271742
BRWD1,1.2120229810056135e-6,0.27507264071615145,0.48,0.341,0.02184550220964518
NEDD8,1.2371838804630826e-6,0.27119101443504823,0.885,0.855,0.0222990022614666
NDUFB4,1.2855391141288081e-6,0.25580819204354177,0.83,0.743,0.023170556993057638
EFR3B,1.3357820537059935e-6,0.2563211858755227,0.468,0.324,0.024076135735996828
RHOB,1.34932145959637e-6,0.26887597288738785,0.477,0.338,0.024320169987764973
CKM,1.3574214149007229e-6,0.3095995695182182,0.494,0.355,0.02446616358217063
HOXC6,1.3917199137734464e-6,0.26983599235000394,0.471,0.331,0.025084359725852597
GLUL,1.4825821031980462e-6,0.2814827391555841,0.488,0.341,0.026722059828041586
QKI,1.7196879288025348e-6,0.2981323773513094,0.718,0.595,0.030995655228736887
AARS,1.7228064771035391e-6,0.2870937854070088,0.5,0.368,0.03105186394331419
CA10,1.8934535818338214e-6,0.2508375069022638,0.325,0.186,0.03412760735897279
GABARAPL1,1.988084636921913e-6,0.2623109245343299,0.525,0.395,0.03583323749588056
ATXN7L3B,2.193288952785637e-6,0.266205492395593,0.544,0.416,0.03953184008500832
NFE2L1,2.2544734780890332e-6,0.27033333049025476,0.534,0.389,0.040634629969076734
CS,2.454834809489015e-6,0.2562061491265505,0.498,0.358,0.04424594260623001
OGN,2.516445599396443e-6,-0.29524127118148474,0.21,0.331,0.045356415483521484
NSD2,2.5308109581253995e-6,0.2519140843527421,0.543,0.409,0.0456153367092522
COL12A1,2.771561300783804e-6,-0.2869109145736236,0.324,0.463,0.04995462088532729
"NAPB",2.9205518847127096e-6,0.25228042682594154,0.464,0.321,0.05264002717006188
RPL37,2.9823702894338597e-6,-0.28893396049297904,1,1,0.05375424209675589
BTBD2,2.9992936708532853e-6,0.2547009247986102,0.53,0.392,0.05405926912345961
CCDC80,3.122337521124065e-6,-0.33015678133162507,0.445,0.574,0.05627701148074015
MSI2,3.14000204012374e-6,0.2877041601167479,0.422,0.294,0.056595396771190284
MAP1LC3A,3.1849700019643156e-6,0.25740960165018667,0.445,0.294,0.057405899315404824
GOLIM4,3.291882700844577e-6,-0.25082710842814104,0.33,0.476,0.05933289380002266
ATP6V1E1,3.296381366227763e-6,0.2946607401553589,0.498,0.382,0.059413977744889206
HACD3,3.638451173526726e-6,0.253570574859488,0.561,0.422,0.06557944395164571
CARHSP1,3.7842259628208406e-6,0.25469614691122433,0.44,0.304,0.06820688875388284
SCG5,3.786730478774275e-6,0.26144511488534317,0.305,0.172,0.06825203014942753
ADD2,3.7991676193138934e-6,0.27850655292225934,0.565,0.436,0.06847619717051362
BIN1,4.0341607337756645e-6,0.2570093533355404,0.657,0.524,0.07271171306557257
RPL26,4.0952834484648336e-6,-0.282056442505386,0.999,0.997,0.07381338887513016
TCTEX1D2,4.397095959968914e-6,0.26055121980609075,0.544,0.419,0.07925325758247971
PSMB7,4.463834815186401e-6,0.250402700968949,0.662,0.551,0.08045615870891969
RPL23A,4.511696832651808e-6,-0.27080490316918393,0.98,0.983,0.08131882371171618
NRN1,4.53130990605666e-6,0.32716702783469226,0.414,0.274,0.08167232974676523
G3BP2,4.6535723874214706e-6,0.25901024187974886,0.582,0.466,0.08387598871088459
YARS,4.852139915170888e-6,0.2724526705045962,0.51,0.392,0.08745496983104008
SUPT5H,5.5717260758785114e-6,0.251039458657031,0.432,0.291,0.10042479079163429
FN1,5.587269842510506e-6,-0.2767763353817958,0.495,0.618,0.10070495164140937
NRXN2,5.785317920593938e-6,0.3037967607536082,0.514,0.399,0.10427457020078514
CERS5,5.930187532553843e-6,0.25071465690871353,0.398,0.264,0.10688570008675047
POLR2J,6.279517909970659e-6,0.25961501160056477,0.628,0.517,0.11318203080931116
GABRA5,6.308998924437435e-6,-0.3066824607696889,0.285,0.395,0.11371339661406032
COL3A1,6.8457675895353534e-6,-0.39073549839514454,0.916,0.983,0.1233881150337852
RFX4,7.390950844978061e-6,-0.32830189711888524,0.415,0.547,0.13321449802988458
SCAMP1,7.722269765521765e-6,0.2503756417151545,0.466,0.338,0.13918619025376427
CTNNA1,8.263398003967388e-6,-0.31443796801929325,0.767,0.855,0.1489394856235082
PLXNB1,8.991701274943107e-6,0.27072026760961554,0.547,0.429,0.16206642377957456
MLLT1,1.0846505560774441e-5,0.270414841405894,0.621,0.517,0.19549741622739852
FIBP,1.1230303541997756e-5,0.25547643419282046,0.445,0.314,0.20241499104096755
PFKP,1.3780253170070786e-5,0.29497312109503415,0.576,0.463,0.24837528313735585
CLU,1.7947609723078432e-5,0.5481784268750705,0.803,0.74,0.32348771764876566
YBX1,2.036033847992287e-5,0.3051828668641543,0.942,0.929,0.3669747407621298
MYEF2,2.6102687194078834e-5,0.25293200229583046,0.433,0.311,0.4704748339860769
GPT2,2.635287515060643e-5,0.28767330791908635,0.442,0.334,0.4749842217145303
PSAT1,2.7105844614898324e-5,0.28156816291426723,0.554,0.449,0.4885557433389274
BCAN,3.0716636308540874e-5,0.3384398063490277,0.544,0.443,0.5536366528251407
NFIA,9.338834856559404e-5,-0.3044151001901839,0.466,0.574,1
MYH8,1.383804565182322e-4,0.2819237709087279,0.627,0.554,1
ATP1B1,1.8632857861564773e-4,0.2595313633660936,0.875,0.811,1
SYT16,2.0084844426747968e-4,-0.26171921099811724,0.201,0.291,1
LAMA1,2.627222887217374e-4,0.25278372180431924,0.291,0.193,1
CA14,2.8080019008625923e-4,0.2994314259636184,0.612,0.547,1
H19,5.537941986187413e-4,-0.2589193170201416,0.435,0.53,1
ID2,7.844746991635507e-4,-0.2848939652272675,0.554,0.632,1
IGFBP5,0.001154086077484017,0.2631989567647439,0.964,0.966,1
TNNC2,0.0013948893484322445,0.33350830421240696,0.758,0.75,1
AQP1,0.0016753110588112006,0.48109297989527566,0.656,0.598,1
MYLPF,0.0022353354969721494,0.2925227274326323,0.963,0.956,1
THSD4,0.023955372268484834,0.2640141669115974,0.652,0.591,1
GDF10,0.03382856537201163,0.2882426600076209,0.439,0.395,1
COL1A1,0.04092388377768005,-0.3241960869375293,0.787,0.872,1
