gene_name;p_val;avg_log2FC;pct.1;pct.2;p_val_adj
SFRP2;8,01888512378320e-77;-1,471894083249541;0,392;0,929;1,44532385471068e-72
TUBB2B;4,27853578482744e-65;1,157415048077572;1,000;0,973;7,71163289857298e-61
TUBA1A;3,70582647569773e-60;1,032139327478312;1,000;1,000;6,67938163979759e-56
HMGCS1;5,09069657385634e-58;1,234788024325881;0,962;0,723;9,17547150471866e-54
JPT1;1,02431197308473e-57;1,018761289555819;0,950;0,784;1,84621990028791e-53
UCHL1;6,69671708359363e-56;1,121004525953329;0,989;0,899;1,20701628714692e-51
MARCKSL1;1,03384718357707e-55;0,914114446944429;0,987;0,926;1,86340616367931e-51
DCX;5,25500584044280e-55;1,257001720250573;0,785;0,314;9,47162252681411e-51
TUBB2A;2,03726647307024e-53;1,104560949941506;0,995;0,953;3,67196909106179e-49
C1orf61;2,56573401573136e-53;1,195118243133885;0,922;0,507;4,62447898995421e-49
PLCG2;4,99117012974291e-52;-1,135261776720327;0,319;0,780;8,99608504184861e-48
CRMP1;8,82556765732807e-52;1,233120324351124;0,941;0,659;1,59072031455681e-47
SEPTIN3;1,13577473757991e-50;1,091396026495642;0,850;0,503;2,04712038701403e-46
ENC1;2,24034213169600e-47;0,881288807023350;0,914;0,598;4,03799265816886e-43
MAP2;3,32227169522801e-47;1,037110220160289;0,885;0,507;5,98806250347897e-43
DPYSL3;4,02110016225417e-47;0,834369333404097;0,980;0,902;7,24763093244692e-43
CD24;2,78650396743255e-45;1,049502227007735;0,888;0,557;5,02239475090044e-41
SCD;4,89965135643023e-44;0,809254128452741;0,946;0,747;8,83113160482985e-40
CALM1;2,63186745055834e-43;0,716040333824502;0,990;0,956;4,74367789288635e-39
STMN2;3,79705118611207e-43;1,250075803664290;0,927;0,652;6,84380505784840e-39
ACTB;3,44790839866299e-42;0,618971047908887;1,000;1,000;6,21451009775016e-38
NDUFA4;1,47830832921204e-41;0,676414660135988;0,994;0,963;2,66450293257178e-37
TUBB3;2,74665466109816e-41;1,104043876626900;0,920;0,639;4,95057036116333e-37
GNB1;1,07694715932667e-39;0,752096075229511;0,960;0,848;1,94108955997038e-35
RBFOX1;1,14138893458205e-38;0,835570308020370;0,502;0,074;2,05723941569069e-34
RTN1;3,09908364528868e-38;0,999648880673666;0,948;0,780;5,58578836226832e-34
NREP;5,56799367268750e-38;0,674501774745115;0,998;0,997;1,00357517956519e-33
NSG2;8,60427710366430e-38;1,083146463282395;0,836;0,480;1,55083490516445e-33
RTN4;3,26365435813141e-37;0,692752785058434;0,976;0,905;5,88241061509605e-33
YWHAZ;1,23905277776243e-36;0,676785441039828;0,981;0,902;2,23326872663901e-32
EMC10;2,12002946191888e-36;0,706927083009869;0,811;0,470;3,82114110216259e-32
PEBP1;3,25264614666918e-36;0,714199900322845;0,968;0,865;5,86256941475653e-32
NGRN;3,26070577554641e-36;0,735747616009534;0,932;0,730;5,87709608984484e-32
MIAT;8,45547183972296e-36;0,937643625688582;0,736;0,365;1,52401424439167e-31
COX6C;1,06571329287656e-35;0,593977522758389;0,988;0,932;1,92084163908071e-31
HOXB8;1,59901314616487e-35;1,018648067927787;0,588;0,203;2,88206129464755e-31
STMN1;3,80109297402989e-35;0,732091468727356;0,994;0,980;6,85108997639148e-31
MLLT11;5,38545103618462e-35;0,844091045421813;0,886;0,655;9,70673694761916e-31
DNER;5,46154823129814e-35;0,802411126421599;0,860;0,578;9,84389453209177e-31
KLC1;5,48865061839190e-35;0,757785147111335;0,917;0,713;9,89274387458956e-31
GAP43;7,48957323700140e-35;0,991665122174588;0,906;0,622;1,34992068023713e-30
YWHAQ;3,13555563875780e-34;0,672765506368612;0,976;0,916;5,65152548329706e-30
GPM6A;3,57231155939434e-34;0,748448298214367;0,773;0,426;6,43873435465237e-30
SOX4;2,19492701597305e-33;0,769038661729789;0,824;0,483;3,95613645358983e-29
PKIA;3,68406675841634e-33;0,800831047005906;0,836;0,561;6,64016192536960e-29
TMSB10;4,28996191004477e-33;0,723162966333469;1,000;1,000;7,73222734666470e-29
INA;4,46183216046084e-33;0,952272136491616;0,809;0,473;8,04200628601461e-29
SYT11;4,78199027583633e-33;0,720782421947868;0,667;0,307;8,61905927316741e-29
GNAS;6,68114299978730e-33;0,600728063891763;1,000;0,997;1,20420921428166e-28
NSG1;7,78782073339377e-33;0,856762011633373;0,878;0,554;1,40367680898689e-28
GDI1;7,97548973829437e-33;0,658824222689795;0,952;0,764;1,43750227043018e-28
CALM2;8,15519033567267e-33;0,688551286297115;0,999;0,986;1,46989150610164e-28
HSP90AA1;8,88246462540815e-33;0,625537580251915;0,987;0,919;1,60097542408356e-28
BEX1;2,02151874091758e-32;0,798179766645710;0,914;0,740;3,64358537862985e-28
MVD;8,53472362173417e-32;0,866269075881053;0,710;0,395;1,53829858558137e-27
BEX3;1,24252712837551e-31;0,594227943961290;0,994;0,976;2,23953089618402e-27
RTN3;2,03774366063370e-31;0,678372354433694;0,946;0,811;3,67282917392618e-27
STXBP1;2,30374608118395e-31;0,905315321546465;0,773;0,480;4,15227193672596e-27
COX6A1;3,07600993292599e-31;0,566465938481296;0,986;0,932;5,54420030310581e-27
COX7A2;3,38639718466051e-31;0,569123630337574;0,986;0,936;6,10364228563210e-27
FTH1;4,30408684395059e-31;0,467143366198064;1,000;1,000;7,75768612753655e-27
DBI;4,65148998268091e-31;0,806301093812811;0,878;0,557;8,38384554478406e-27
CFL1;1,24821908111627e-30;0,532834401002278;0,995;0,983;2,24979007180397e-26
SELENOW;1,74025002547060e-30;0,547092612144992;0,993;0,963;3,13662664590821e-26
ACTG1;1,80563173611904e-30;0,491263465419260;1,000;1,000;3,25447064118096e-26
TSPAN7;2,31177132593815e-30;0,871467441233763;0,781;0,473;4,16673663787092e-26
STMN4;2,33267059397084e-30;0,807142828020702;0,758;0,409;4,20440547857304e-26
AL627171.2;3,76126001173291e-30;-0,679525122866413;0,290;0,642;6,77929504514740e-26
FEZ1;3,85270367442324e-30;0,672328238309735;0,737;0,429;6,94411310278045e-26
YWHAG;5,85061729677266e-30;0,746557891688081;0,890;0,703;1,05451526157030e-25
HSPA8;1,30164304080546e-29;0,544424661237816;0,998;0,983;2,34608141674776e-25
NDFIP1;1,81768304403212e-29;0,598688817966829;0,946;0,774;3,27619191856349e-25
ADGRG1;2,33857160960463e-29;0,822523005128884;0,773;0,473;4,21504146915138e-25
CAMTA1;4,09942649954206e-29;0,619923441095666;0,784;0,459;7,38880632277460e-25
BASP1;4,19920063959679e-29;0,896665891094930;0,922;0,801;7,56863923280926e-25
ACLY;4,93648225483564e-29;0,672789460062311;0,749;0,429;8,89751561611575e-25
ATP5F1E;5,60474453706740e-29;0,467254494557804;0,998;0,997;1,01019915536103e-24
PAK3;7,49415422709559e-29;0,805653883040398;0,554;0,206;1,35074635789171e-24
GTF2I;1,04033682343783e-28;0,570710166267758;0,976;0,912;1,87510309056435e-24
DPYSL2;1,95466634367945e-28;0,649954195067724;0,983;0,932;3,52309061784785e-24
INPP5F;2,02255632998288e-28;0,702310266991695;0,530;0,169;3,64545552916115e-24
PPP2R1A;3,41871855944122e-28;0,575525206705785;0,948;0,872;6,16189833153685e-24
SPTAN1;8,47164093859385e-28;0,637948327689825;0,965;0,878;1,52692856277215e-23
MSMO1;8,48325761398610e-28;0,689375610442860;0,734;0,439;1,52902235234485e-23
BLCAP;1,28352907044225e-27;0,614394788502576;0,862;0,598;2,31343279656511e-23
DKK1;1,45902311357120e-27;-0,512751024558658;0,101;0,372;2,62974325990074e-23
BEX2;1,53546402950626e-27;0,682651681578495;0,797;0,510;2,76752036678208e-23
SDC3;1,73248140014828e-27;0,608735957479009;0,909;0,693;3,12262447562727e-23
DYNC1H1;2,31151445559506e-27;0,617459953661956;0,868;0,652;4,16627365476453e-23
STMN3;2,34395867240885e-27;0,715849141532714;0,807;0,500;4,22475111114971e-23
FDFT1;3,72583918307519e-27;0,588965800371924;0,725;0,426;6,71545254357472e-23
CLASP2;4,08583125202953e-27;0,668695199191405;0,709;0,409;7,36430224865803e-23
UBE2QL1;5,99696569993490e-27;0,773374556733267;0,650;0,334;1,08089309775627e-22
CAMK2N1;7,53274539006829e-27;0,723017326370177;0,755;0,486;1,35770202910591e-22
TXN;7,62398090639743e-27;0,568767289911996;0,888;0,686;1,37414631856907e-22
YWHAH;4,64458078187875e-26;0,750268487632433;0,863;0,652;8,37139240125826e-22
MAP1B;6,33813172428098e-26;0,594441751967425;0,999;0,983;1,14238486198440e-21
SARAF;6,74186099526418e-26;0,581303838938064;0,959;0,889;1,21515302578642e-21
OCIAD1;7,17984228945892e-26;0,578839010581479;0,914;0,760;1,29409477425208e-21
PFN2;8,44569063628432e-26;0,547343339817729;0,946;0,821;1,52225128028389e-21
NDUFA1;9,63759713145135e-26;0,530905366461180;0,927;0,794;1,73708050697279e-21
USP22;1,56023942395860e-25;0,561306271553960;0,935;0,787;2,81217553774298e-21
LSS;1,92301064886433e-25;0,585789110489462;0,652;0,324;3,46603439351307e-21
HES6;2,16715406473253e-25;0,611310086275829;0,641;0,287;3,90607848627391e-21
SREBF2;2,54627589468675e-25;0,588048516568242;0,821;0,568;4,58940767258340e-21
SST;2,56279100249166e-25;0,705349589208630;0,343;0,034;4,61917450289098e-21
MYL6;2,70339599236887e-25;0,442640094397377;0,999;0,993;4,87260093664565e-21
ATP5F1B;3,17412033952653e-25;0,511857071278833;0,975;0,912;5,72103449996261e-21
EVL;3,35289420504882e-25;0,621537743317279;0,935;0,818;6,04325651517999e-21
DDX5;3,43139501395011e-25;0,546144517815331;0,976;0,905;6,18474637314367e-21
HSBP1;7,57148119090364e-25;0,467556170139484;0,965;0,902;1,36468376984847e-20
PTN;7,60155014245526e-25;0,901471451499134;0,988;0,926;1,37010339767614e-20
CLSTN1;8,38955772945666e-25;0,550630418831872;0,928;0,767;1,51213388515727e-20
CNTN1;9,29760885739205e-25;0,631318723116287;0,735;0,483;1,67580102045634e-20
WSB2;9,57004831278837e-25;0,639322527610277;0,667;0,365;1,72490550789698e-20
DCLK2;1,07497216429861e-24;0,606284215318826;0,618;0,307;1,93752982893181e-20
TMOD2;1,68400673474398e-24;0,657751044415567;0,508;0,186;3,03525373870254e-20
PEG10;1,75860203270708e-24;0,667821221083163;0,888;0,780;3,16970430375124e-20
IDI1;3,30605714851052e-24;0,587264441975655;0,647;0,345;5,95883740447535e-20
MAP4;3,54951435095238e-24;0,541315010994007;0,763;0,466;6,39764466615656e-20
AUTS2;4,17539625099354e-24;0,653887931418453;0,609;0,311;7,52573420279076e-20
ATP9A;6,62078369330894e-24;0,627540316562897;0,721;0,419;1,19333005288200e-19
FDPS;6,93067256928351e-24;0,566432034331308;0,719;0,432;1,24918442388766e-19
ANK2;8,19823324011917e-24;0,525677146573617;0,916;0,747;1,47764955919908e-19
ATP5ME;1,25263596386462e-23;0,428071039506569;0,994;0,966;2,25775106126959e-19
TTYH1;1,32849641597529e-23;0,672865941123840;0,712;0,419;2,39448194015385e-19
HOPX;1,62190265812120e-23;0,856192847044670;0,544;0,247;2,92331735099764e-19
PPIA;1,63549212547892e-23;0,446433574633138;0,998;0,986;2,94781100696321e-19
MAGED1;1,70863354566696e-23;0,476045797874203;0,965;0,926;3,07964110271013e-19
SYT4;1,72217058302740e-23;0,757565197057927;0,705;0,405;3,10404025884859e-19
GNG2;1,94039819339663e-23;0,668953457086097;0,742;0,497;3,49737370377808e-19
VSTM2L;2,07794530200970e-23;0,685287748347377;0,584;0,291;3,74528861234229e-19
FASN;2,87900264849511e-23;0,620403411132923;0,766;0,507;5,18911437364759e-19
RUFY3;7,73234065372231e-23;0,550282771213326;0,769;0,507;1,39367707942691e-18
DPYSL5;7,78436957370537e-23;0,611582163819773;0,826;0,574;1,40305477196466e-18
PIP4K2B;8,20336626697925e-23;0,591946996276076;0,705;0,443;1,47857473596034e-18
HOXB3;9,59688966835005e-23;0,583825412570831;0,622;0,331;1,72974339382341e-18
MAL;9,64961672008637e-23;-0,280460227474963;0,026;0,196;1,73924691762837e-18
SOX11;1,07876515382327e-22;0,569177229366791;0,730;0,470;1,94436631325106e-18
MARCKS;1,22172014758219e-22;0,447812500857740;0,992;0,970;2,20202839400214e-18
KIF5C;1,23084793192491e-22;0,668948859858588;0,723;0,459;2,21848031250146e-18
GPC1;1,44100694562862e-22;0,517572320433499;0,725;0,429;2,59727091880102e-18
KIF1A;1,56294314017431e-22;0,622597503748576;0,782;0,541;2,81704871585017e-18
HOXB9;1,58337366181254e-22;0,619941255994451;0,588;0,280;2,85387268805093e-18
C4orf48;1,75491566011351e-22;0,507847687611776;0,951;0,858;3,16305998578858e-18
ATP5MD;2,16536636655063e-22;0,480471097790163;0,975;0,912;3,90285633907086e-18
SNAP25;2,57456081367644e-22;0,679579191959335;0,668;0,355;4,64038841057042e-18
LINC00461;2,62405372075770e-22;0,594153855675457;0,652;0,368;4,72959442629367e-18
GNG4;2,80800173191539e-22;0,631973154990012;0,543;0,220;5,06114232160430e-18
FXYD6;3,82832105262356e-22;0,515045703558150;0,934;0,750;6,90016586524870e-18
FHL1;3,86603708056474e-22;0,529797338430963;0,843;0,642;6,96814523400989e-18
CHCHD2;6,12132562028001e-22;-0,497090089688418;0,245;0,534;1,10330772979927e-17
SCD5;6,34635470331758e-22;0,577326326952649;0,719;0,473;1,14386697172596e-17
ADCY1;7,01773291672189e-22;0,577227816044257;0,522;0,220;1,26487618090995e-17
NRCAM;7,35521570833941e-22;0,564280914891309;0,475;0,169;1,32570407927110e-17
PAMR1;7,77829827012663e-22;-0,676866153441223;0,297;0,591;1,40196048020762e-17
SLC38A1;8,06941413055324e-22;0,572622377641168;0,566;0,267;1,45443120289092e-17
HOXB-AS3;8,31822410657748e-22;0,542734712517936;0,524;0,206;1,49927671296953e-17
SAMD11;8,54148212757366e-22;-0,725899723420926;0,342;0,608;1,53951673867388e-17
PACS2;8,73039253304737e-22;0,533030528606393;0,687;0,392;1,57356595015646e-17
KCNJ2;1,32404110892961e-21;-0,281456484481516;0,036;0,213;2,38645169473472e-17
COX5B;1,48828712939755e-21;0,483523485854287;0,929;0,804;2,68248872202614e-17
ZMIZ1;1,70162788085567e-21;0,602337564593403;0,731;0,483;3,06701409245427e-17
CALM3;1,75833101456908e-21;0,545528621054746;0,942;0,851;3,16921582065931e-17
CHD3;2,43296610023681e-21;0,546853453513528;0,665;0,389;4,38517809906683e-17
RPS6;3,10901239271994e-21;-0,492007031887385;0,998;1,000;5,60368393663841e-17
MAP7D1;3,76007720881352e-21;0,555067688428720;0,733;0,453;6,77716316116548e-17
RPS27;6,19396610515792e-21;-0,510559803292321;1,000;1,000;1,11640045079366e-16
TMEM161B-AS1;6,50080839111287e-21;0,564312022397645;0,637;0,351;1,17170570441418e-16
SYT1;7,86594496997464e-21;0,529579861547362;0,540;0,230;1,41775792138823e-16
ATXN10;7,97452191943234e-21;0,519797072730071;0,783;0,541;1,43732783075849e-16
CHL1;1,13909152918663e-20;0,551843444458221;0,754;0,527;2,05309857220599e-16
MAP6;1,23381953309989e-20;0,558041379241336;0,749;0,520;2,22383632645924e-16
OAZ1;1,27163523783771e-20;0,425163239232712;0,972;0,939;2,29199535267869e-16
POSTN;1,29143283321203e-20;-0,525336198539772;0,439;0,733;2,32767853858136e-16
SKP1;1,39146051203008e-20;0,448873631949070;0,986;0,943;2,50796842688301e-16
HMGCR;1,44441511996648e-20;0,626411641440873;0,616;0,368;2,60341381222759e-16
APC2;1,64014717055420e-20;0,559228179867757;0,748;0,547;2,95620126020689e-16
ATP2A2;2,52098775111645e-20;0,454063281896179;0,867;0,666;4,54382832261229e-16
NDUFB2;2,62398483144277e-20;0,475045517486199;0,904;0,740;4,72947026019245e-16
ACAT2;4,47252041122907e-20;0,565670784621857;0,506;0,223;8,06127078919927e-16
H3F3B;4,84794498959350e-20;0,412565779565591;1,000;0,973;8,73793604924333e-16
CKB;9,00820694704131e-20;0,447352532820533;0,994;0,959;1,62363922013473e-15
UQCRQ;9,28086116825660e-20;0,430737605989338;0,987;0,949;1,67278241696657e-15
VDAC3;9,40017611237705e-20;0,514690446040755;0,691;0,429;1,69428774249484e-15
MAPT;9,62163737477218e-20;0,679018313427427;0,634;0,355;1,73420392042894e-15
SNCA;1,04724584551420e-19;0,654999520330326;0,546;0,267;1,88755591195480e-15
ATP6V0E2;1,08962889149569e-19;0,562601719586820;0,739;0,517;1,96394711403183e-15
ZIC1;1,23931064495141e-19;0,599671969548836;0,796;0,547;2,23373350646042e-15
PCBP4;1,30668216145087e-19;0,523431311747989;0,637;0,348;2,35516392779904e-15
CAMK2N2;1,31927896155278e-19;0,619314902039340;0,615;0,341;2,37786840030274e-15
HOXB5;1,75699674169399e-19;0,547459964762439;0,641;0,355;3,16681092722925e-15
TCEAL7;2,02389850349423e-19;0,475176143140767;0,477;0,186;3,64787466269800e-15
FYN;2,23808196433340e-19;0,491520232280228;0,685;0,416;4,03391893251452e-15
PARP6;2,55267976862451e-19;0,487149953852307;0,628;0,324;4,60095001496882e-15
"NAP1L3";2,67892201692090e-19;0,591793969382810;0,582;0,318;4,82848904329824e-15
C1QL1;2,76274384389836e-19;-0,496590176130288;0,613;0,848;4,97956950424240e-15
CDKN2D;2,81002411993281e-19;0,645674016093357;0,661;0,399;5,06478747376690e-15
VSNL1;3,40319176656509e-19;0,678063915020448;0,553;0,280;6,13391284005691e-15
UBC;4,48918595144445e-19;0,374572202202362;0,999;0,993;8,09130875888348e-15
SLIT1;4,56748511195805e-19;0,548041874298365;0,761;0,534;8,23243516579318e-15
KIF3C;6,99387107374138e-19;0,604259652867267;0,628;0,385;1,26057532233115e-14
SV2A;7,05137688698550e-19;0,572663988042823;0,614;0,328;1,27094017011027e-14
KIF21B;7,83530904890460e-19;0,570133498394478;0,544;0,257;1,41223610297457e-14
YWHAE;9,34718111064168e-19;0,393926160255075;0,974;0,953;1,68473592338206e-14
MALAT1;1,02491421631908e-18;-0,536578790070204;0,882;0,956;1,84730538349350e-14
SBK1;1,17191966480902e-18;0,618046513577529;0,558;0,297;2,11226800385178e-14
ATP5F1A;1,19615185860371e-18;0,424132615770248;0,964;0,882;2,15594410994733e-14
HINT1;1,24895877112858e-18;0,365736107747150;0,993;0,959;2,25112328908216e-14
PRDX2;1,26211280547099e-18;0,464754565874603;0,933;0,807;2,27483212058091e-14
PAFAH1B1;1,41631162620453e-18;0,493675691895994;0,776;0,557;2,55276007507105e-14
TAC1;1,76524076216454e-18;0,545078156370924;0,418;0,149;3,18166994972537e-14
TRIB2;1,94337204175148e-18;0,597511686064820;0,612;0,361;3,50273376805287e-14
CDC42;2,06746158410292e-18;0,475043255465927;0,892;0,777;3,72639275918711e-14
GSTA4;2,18656981670037e-18;0,485980154718286;0,719;0,470;3,94107343762075e-14
ACOT7;3,02700671454885e-18;0,563465051196358;0,710;0,490;5,45587690230285e-14
COX7B;3,89028826406274e-18;0,422522511909531;0,923;0,821;7,01185556714669e-14
LDHA;4,11732285140557e-18;-0,652181786347218;0,381;0,635;7,42106270737340e-14
ATP5MF;4,22078369906313e-18;0,417615696758079;0,953;0,916;7,60754053919139e-14
RMST;4,50601910500428e-18;-0,745904232526072;0,582;0,791;8,12164883485972e-14
MAPRE2;4,80784229981533e-18;0,521374759345969;0,541;0,270;8,66565496118715e-14
RPAIN;5,57972996515809e-18;0,479554583651342;0,644;0,382;1,00569052892009e-13
TTC3;6,94929499810432e-18;0,423283610399310;0,957;0,872;1,25254093045832e-13
PENK;9,05137960708936e-18;-1,198590894134663;0,242;0,463;1,63142066038179e-13
KIFC2;9,17256305731041e-18;0,521112996409228;0,626;0,365;1,65326276544963e-13
OLFM1;9,94242097386287e-18;0,592147671284077;0,776;0,500;1,79202195632904e-13
PPP3CB;1,26104682782245e-17;0,492878144874227;0,685;0,436;2,27291080246719e-13
S100B;1,27788501894289e-17;0,700052816347265;0,465;0,203;2,30325995814266e-13
GFAP;1,39059883276488e-17;0,998509535567707;0,934;0,858;2,50641533617543e-13
PCP4;1,50002633935295e-17;0,643886681726656;0,594;0,345;2,70364747404976e-13
DCTN2;1,53461085330737e-17;0,471468796941180;0,741;0,493;2,76598260200121e-13
EIF4A1;1,64245539988980e-17;0,408123707809686;0,932;0,855;2,96036161276138e-13
NDUFA13;1,64551459240913e-17;0,405831394924574;0,958;0,872;2,96587550135822e-13
B4GALNT4;1,72491887034853e-17;0,492982038767060;0,694;0,456;3,10899377191620e-13
TMA7;1,82821415143660e-17;0,368411959905440;0,980;0,973;3,29517318654932e-13
DCTN3;1,85557334831610e-17;0,460311237411928;0,703;0,429;3,34448540300494e-13
RUNDC3A;2,32711947858636e-17;0,453820210510544;0,458;0,186;4,19440014820406e-13
MORF4L2;2,36308613812942e-17;0,429438464144702;0,894;0,777;4,25922645536447e-13
TMSB15A;2,45079852535294e-17;0,514920740661322;0,560;0,287;4,41731926209614e-13
PGD;2,45828483233458e-17;0,466290361737059;0,643;0,395;4,43081258179985e-13
SCG3;2,47803935303985e-17;0,466527903355102;0,433;0,169;4,46641812991902e-13
EIF4G2;2,53195000631590e-17;0,380499248057549;0,999;0,990;4,56358669138378e-13
CCND1;2,65159214015321e-17;-0,565623822239549;0,329;0,547;4,77922967341215e-13
HNRNPA2B1;3,60985404873556e-17;0,419635889197008;0,987;0,966;6,50640093744097e-13
PRRC2B;4,13501381500141e-17;0,431549210740509;0,791;0,578;7,45294890015855e-13
CACNA1E;4,21963017816541e-17;0,479344721836892;0,493;0,230;7,60546143312533e-13
SNN;4,68632770386751e-17;0,474684367173101;0,606;0,351;8,44663705345080e-13
SPOCK2;4,70235463710885e-17;0,564443481237855;0,550;0,294;8,47552399792499e-13
PEA15;4,72917171054639e-17;0,499492281363918;0,887;0,686;8,52385909108882e-13
APBA2;4,73319319042616e-17;0,482623395334779;0,620;0,358;8,53110740642411e-13
REEP5;4,76162706991932e-17;0,449388748615475;0,689;0,432;8,58235663082258e-13
APBB1;5,29029688218083e-17;0,463555703519659;0,747;0,503;9,53523110044272e-13
KIAA0408;6,37837431432702e-17;0,496412997612163;0,528;0,270;1,14963818641430e-12
RNF187;6,76327780349381e-17;0,423845151065054;0,861;0,693;1,21901319130172e-12
IGFBPL1;8,89027879463449e-17;0,409181397712055;0,336;0,088;1,60238384994492e-12
FADS2;9,01592042484690e-17;0,466353394021205;0,721;0,503;1,62502949737441e-12
KIF5A;9,41249610535515e-17;0,494954676945087;0,538;0,270;1,69650829802921e-12
HSPA1A;9,70582610315155e-17;-0,250874093844527;0,041;0,193;1,74937809683204e-12
SNHG14;1,01043949026511e-16;0,448476538755086;0,917;0,807;1,82121613725383e-12
LHX5-AS1;1,10422912945593e-16;0,307323681978591;0,199;0,000;1,99026258293137e-12
NDRG4;1,17612473636095e-16;0,521085571730315;0,685;0,456;2,11984722481698e-12
MAST1;1,25556018030134e-16;0,568768569943796;0,525;0,264;2,26302166897513e-12
CLIP3;1,26170776455811e-16;0,474806268753178;0,701;0,480;2,27410207483953e-12
LSM7;1,29784704554544e-16;0,424523084641131;0,865;0,720;2,33923951489109e-12
POU4F1;1,30055379776665e-16;0,352488228375624;0,240;0,024;2,34411816509461e-12
NDUFV1;1,42834009936696e-16;0,400820228822699;0,699;0,416;2,57444019509901e-12
ATP5MC1;1,55170335571481e-16;0,396485784846431;0,699;0,405;2,79679012834037e-12
FOS;1,60494349417936e-16;0,370900265489504;0,239;0,024;2,89275015390887e-12
ATP6V0B;1,61692604576213e-16;0,452737044051798;0,837;0,639;2,91434750488167e-12
CYP51A1;1,86676307899795e-16;0,456579816526378;0,559;0,301;3,36465377358591e-12
RPS10;2,01533764619041e-16;-0,386303085659025;0,977;0,990;3,63244457349359e-12
TSPAN13;2,04532027722403e-16;0,514839554101545;0,492;0,240;3,68648526766860e-12
ATP6AP2;2,07783941037617e-16;0,435333521936098;0,749;0,544;3,74509775326201e-12
HDGFL3;2,13980713179342e-16;0,466042653933794;0,658;0,416;3,85678837434446e-12
TMEFF1;2,44290942082437e-16;0,457340699141666;0,566;0,304;4,40309994009385e-12
MGST3;2,88354451075509e-16;0,385874431018091;0,915;0,780;5,19730062618497e-12
RPL21;3,46863390066884e-16;-0,359031181107548;0,999;0,997;6,25186574256552e-12
VSTM2A;3,47960957015538e-16;0,454129700859478;0,433;0,182;6,27164828924806e-12
DMD;3,51024097397722e-16;-0,526767928088442;0,306;0,534;6,32685833149655e-12
ENHO;3,60465317837575e-16;0,417592039249575;0,530;0,260;6,49702688870446e-12
KIF1B;3,61402391307378e-16;0,465937936285429;0,819;0,605;6,51391670092419e-12
NPDC1;3,96744029634771e-16;0,441251298689913;0,802;0,574;7,15091439013712e-12
HOTAIRM1;4,66115545068662e-16;0,506345761882209;0,633;0,402;8,40126658431757e-12
RNF157;4,76175168047827e-16;0,439316093784199;0,410;0,159;8,58258122889403e-12
COX5A;5,16391630899612e-16;0,444337037307702;0,843;0,716;9,30744275533460e-12
TUBB4A;5,70824051958352e-16;0,515765248737660;0,482;0,226;1,02885327124973e-11
GABBR2;5,82557720211001e-16;0,417637323126553;0,415;0,162;1,05000203490831e-11
VCP;5,90713932572869e-16;0,387104604250036;0,745;0,490;1,06470279206934e-11
ACAP3;6,57419347145949e-16;0,473763303516636;0,554;0,307;1,18493263129586e-11
TMSB4X;6,75708952110794e-16;0,348085951711151;1,000;1,000;1,21789781528449e-11
NFIB;6,76518697366091e-16;0,482982035279011;0,614;0,351;1,21935730013264e-11
ATCAY;7,44075581960691e-16;0,461367178460773;0,450;0,189;1,34112182892595e-11
RPL13;7,72533249078256e-16;-0,391622568913311;1,000;1,000;1,39241392813865e-11
TOP2B;7,85829774751059e-16;0,405619993500231;0,733;0,497;1,41637958601131e-11
MMP24;8,24765101072403e-16;0,402416659840562;0,368;0,122;1,48655661817290e-11
ENO2;9,34415813315037e-16;0,547587152189103;0,891;0,726;1,68419106191902e-11
PDZD4;9,46777781811902e-16;0,457124669809719;0,634;0,392;1,70647227393777e-11
DUSP26;1,08392927795638e-15;0,308135470094018;0,225;0,020;1,95367413058859e-11
ATP5PO;1,11507397272395e-15;0,369310348985641;0,900;0,767;2,00980932843766e-11
COX17;1,16296640326023e-15;0,410409852565434;0,676;0,422;2,09613064523624e-11
DYNLL2;1,16590622464218e-15;0,447974758653621;0,711;0,456;2,10142937929507e-11
MT-CYB;1,21460454381335e-15;-0,576117434962315;1,000;1,000;2,18920322976919e-11
MAP1LC3B;1,38329743885690e-15;0,398539570976543;0,793;0,557;2,49325530379567e-11
NCAN;1,42964224279146e-15;0,426478221193087;0,480;0,226;2,57678717840733e-11
SEZ6;1,48211587436691e-15;0,414448713718440;0,350;0,111;2,67136565195892e-11
L1CAM;1,70756146153622e-15;0,569464313446494;0,543;0,294;3,07770877827288e-11
RAB6B;1,98825216882019e-15;0,496970807295503;0,665;0,439;3,58362570908151e-11
ST6GAL2;2,05349060650060e-15;0,440147316962647;0,430;0,182;3,70121146915668e-11
HS6ST1;2,05936763586654e-15;0,437805185548452;0,600;0,338;3,71180422688585e-11
LMO3;2,07059026045762e-15;0,403378538049348;0,444;0,189;3,73203188544881e-11
APLP1;2,13719614714087e-15;0,512734268066685;0,794;0,605;3,85208233560671e-11
B3GAT1;2,35391643305682e-15;0,372942297027723;0,410;0,155;4,24269897894161e-11
ANK3;2,41053529172872e-15;0,420834828535037;0,466;0,209;4,34474880981185e-11
TKTL1;2,70485160669225e-15;0,582078257173091;0,341;0,108;4,87522453590212e-11
NPTX2;2,76635569077987e-15;0,401713981199746;0,436;0,182;4,98607949706163e-11
BEX5;2,76844413320732e-15;0,516940701971154;0,494;0,240;4,98984370569287e-11
SCN3B;2,96989099297129e-15;0,523801496740509;0,549;0,304;5,35293152573145e-11
HNRNPDL;3,36559183567194e-15;0,418853126337408;0,920;0,848;6,06614272461511e-11
CXADR;3,48944249649390e-15;0,491019478116901;0,637;0,432;6,28937115568060e-11
GLUD1;3,54343944543480e-15;0,406605618500014;0,643;0,372;6,38669525645168e-11
PCP4L1;3,54933131178782e-15;0,328875671153673;0,251;0,041;6,39731475636637e-11
UBA1;3,89121220780870e-15;0,421883828502390;0,862;0,699;7,01352088335439e-11
GPM6B;4,00511646341124e-15;0,491188783288441;0,794;0,584;7,21882191365241e-11
CDK5R1;4,12187286260220e-15;0,513027065108662;0,556;0,318;7,42926364755421e-11
NMNAT2;4,37103974285709e-15;0,388958954453642;0,398;0,152;7,87836203252563e-11
TMEM130;4,52252567609963e-15;0,456061609365170;0,550;0,304;8,15140027860197e-11
IP6K2;4,78237517572279e-15;0,441009539989576;0,668;0,453;8,61975301672276e-11
NEUROD2;5,06952917020090e-15;0,336950188208541;0,234;0,030;9,13731937637010e-11
TMEM59L;5,50354701409713e-15;0,437452275800878;0,784;0,578;9,91959313820867e-11
ATP5IF1;5,89028681126937e-15;0,386769548822059;0,944;0,895;1,06166529486319e-10
SQLE;6,02254379394313e-15;0,527973231479482;0,519;0,301;1,08550329342031e-10
PPP2CA;7,40590761145811e-15;0,429087798258796;0,689;0,473;1,33484078788921e-10
MAGED2;7,64277634528583e-15;0,368805001647233;0,972;0,929;1,37753400847432e-10
CSNK1E;7,83536986379726e-15;0,403733692441906;0,760;0,561;1,41224706425082e-10
GDAP1L1;8,61453340227920e-15;0,412178294043171;0,428;0,179;1,55268350042680e-10
AZIN1;9,00118229647403e-15;0,446776082759120;0,687;0,493;1,62237309711648e-10
IDS;9,48299786598543e-15;0,418393845657630;0,843;0,706;1,70921553536521e-10
CYFIP2;9,81731525492888e-15;0,455718636232280;0,526;0,291;1,76947290154838e-10
SNAP91;9,89210461014565e-15;0,487760478740758;0,507;0,274;1,78295293493265e-10
ARHGAP21;1,03409949029921e-14;0,408688252931697;0,490;0,243;1,86386092131529e-10
SFPQ;1,05059650325849e-14;0,412696844115743;0,909;0,801;1,89359513747310e-10
HOXC8;1,20742938150501e-14;0,400085586363825;0,371;0,135;2,17627071722463e-10
ELAVL2;1,22387976175854e-14;0,401414050835287;0,412;0,169;2,20592088259359e-10
NME1;1,24279784152622e-14;0,383657487163775;0,589;0,334;2,24001882956685e-10
HSPE1;1,24763723395332e-14;0,365797156905377;0,869;0,709;2,24874135047746e-10
C9orf16;1,42964780325357e-14;0,418365221749910;0,815;0,652;2,57679720058423e-10
MDH1;1,44283688684396e-14;0,417442746841578;0,796;0,615;2,60056920484755e-10
AP2M1;1,55344366303373e-14;0,401589220522646;0,926;0,861;2,79992685825200e-10
CADM4;1,73612150371846e-14;0,411371328802879;0,429;0,193;3,12918539830216e-10
SLC25A4;2,06685129162817e-14;0,400983872357803;0,657;0,412;3,72529276803061e-10
ATP6V0A1;2,11508053283605e-14;0,430904214623411;0,619;0,392;3,81222115238370e-10
SHTN1;2,12201196876853e-14;0,400196792038057;0,392;0,155;3,82471437250840e-10
MACF1;2,13395640483990e-14;0,403734979074235;0,753;0,581;3,84624302408343e-10
ANOS1;2,18937346873439e-14;0,357511510690858;0,303;0,084;3,94612674004686e-10
ABAT;2,27928523279964e-14;0,424165183931715;0,585;0,338;4,10818370359807e-10
NTS;2,40007458882125e-14;-0,334891921931661;0,100;0,277;4,32589443889143e-10
TUBB4B;2,42725968780120e-14;0,395296302842552;0,849;0,682;4,37489286129288e-10
GRIA2;2,42787974404750e-14;0,406965257726653;0,392;0,155;4,37601045067122e-10
DST;2,43760124931550e-14;0,462030655765715;0,794;0,578;4,39353249176626e-10
MAPK8IP2;2,69308916537771e-14;0,443655258458344;0,471;0,236;4,85402391167678e-10
WDR6;2,75266387065173e-14;0,396819407204935;0,725;0,480;4,96140136046267e-10
LAMTOR5;2,77972335101180e-14;0,413137173626629;0,763;0,534;5,01017336786366e-10
TIMP1;2,78488914694320e-14;-0,444207453036092;0,379;0,628;5,01948419845042e-10
SMARCA4;3,09308205383058e-14;0,405453957476698;0,747;0,537;5,57497109382424e-10
RBM3;3,11319653760928e-14;0,410704640592183;0,706;0,480;5,61122543938697e-10
CADPS;3,14074912301320e-14;0,395975786375072;0,460;0,216;5,66088621931900e-10
MOAP1;3,19767030219610e-14;0,460981110528636;0,602;0,382;5,76348095267825e-10
RPS2;3,25458484639478e-14;-0,361149970417999;1,000;1,000;5,86606372714195e-10
SEMA5B;3,35623494025846e-14;0,408111217129780;0,403;0,166;6,04927785632184e-10
MYT1L;3,37545247037635e-14;0,366086995356916;0,382;0,142;6,08391553260634e-10
YWHAB;3,38075922559507e-14;0,423848857358326;0,800;0,659;6,09348042821255e-10
MDH2;3,65237101634847e-14;0,392416824045565;0,656;0,422;6,58303351986648e-10
RPS18;3,69292995487180e-14;-0,493344694320324;1,000;1,000;6,65613695066092e-10
NCAM1;3,72223348653146e-14;0,422006151401273;0,938;0,834;6,70895363612430e-10
AC132217.1;3,77424009157037e-14;-0,319205377474600;0,054;0,199;6,80269034104644e-10
TBCB;3,78162141106670e-14;0,404403068727386;0,727;0,514;6,81599443130662e-10
TNNT3;3,84887277047326e-14;0,587163557737938;0,698;0,544;6,93720828150100e-10
UQCR11;3,98300870368941e-14;0,364733534393516;0,978;0,966;7,17897488752979e-10
UQCRC2;4,23825176805580e-14;0,395116853630006;0,638;0,405;7,63902498674377e-10
RPL28;4,32607012225299e-14;-0,349633654963933;1,000;1,000;7,79730878834880e-10
YPEL3;4,73924924373032e-14;0,395863533431088;0,618;0,372;8,54202283689953e-10
SUGP2;4,81531038998122e-14;0,426844766221146;0,663;0,422;8,67911544690215e-10
APC;4,89679368374882e-14;0,403483494023910;0,475;0,236;8,82598093558887e-10
VAMP2;5,08799181947590e-14;0,444816389747472;0,737;0,520;9,17059645542336e-10
DYNLRB1;5,15889429811932e-14;0,395366874433863;0,812;0,628;9,29839108293026e-10
UQCR10;5,16306664846767e-14;0,361640380785573;0,957;0,909;9,30591132719813e-10
PPDPF;5,66356112841532e-14;-0,383136615337314;0,817;0,919;1,02080025778558e-09
KIAA0895L;5,71380332561126e-14;0,422114087828986;0,560;0,328;1,02985591140817e-09
RPS3;5,73192687835163e-14;-0,402939823904501;0,993;0,997;1,03312250055410e-09
TAFA5;5,85924724841185e-14;0,386232411132784;0,350;0,125;1,05607072405375e-09
IFITM3;5,96476785532210e-14;-0,368716600369210;0,368;0,618;1,07508975824325e-09
MRFAP1;6,62161537598243e-14;0,352110796501377;0,902;0,743;1,19347995536707e-09
TSC22D1;6,83060564216047e-14;0,395037341531359;0,865;0,726;1,23114836094300e-09
SNRNP200;7,19365098792892e-14;0,377597061217290;0,752;0,527;1,29658365406431e-09
HOXA10;8,01068525246928e-14;0,504631755219876;0,486;0,270;1,44384590990506e-09
RPS9;8,21621591207487e-14;-0,366610489378059;0,952;0,983;1,48089075599237e-09
NDUFV2;8,51312965872184e-14;0,388348581281896;0,658;0,412;1,53440648968802e-09
SLC1A2;9,07819045495139e-14;0,410879873805188;0,457;0,230;1,63625304760044e-09
HNRNPD;9,49207736283785e-14;0,390805465326664;0,759;0,547;1,71085202387789e-09
HES4;9,52083396584852e-14;0,423404255507441;0,522;0,294;1,71603511400454e-09
PTOV1;9,52487381888320e-14;0,384714716832915;0,891;0,794;1,71676325711551e-09
VGF;9,81891918628728e-14;0,462165153975004;0,378;0,159;1,76976199413642e-09
DNM1;1,10366172964900e-13;0,463594475742908;0,621;0,416;1,98923990151937e-09
HDAC2;1,10951325108151e-13;0,394963295148515;0,619;0,375;1,99978668374931e-09
TRO;1,11594212107830e-13;0,447446837620718;0,717;0,483;2,01137407903152e-09
ATP6V0C;1,18994746513644e-13;0,415552160454349;0,934;0,875;2,14476131116191e-09
RAB1A;1,23942316367832e-13;0,391953036394715;0,803;0,659;2,23393631021381e-09
MDK;1,26376965945712e-13;-0,436156204956331;0,896;0,949;2,27781843420552e-09
UBL5;1,34353402139176e-13;0,322619869075102;0,984;0,966;2,42158572015652e-09
RBFOX2;1,38855591742673e-13;0,437631194274863;0,784;0,639;2,50273318556993e-09
ATP1B3;1,62166418611625e-13;0,409334476924983;0,639;0,422;2,92288752905593e-09
GNG3;1,65392114263032e-13;0,452531409884795;0,589;0,355;2,98102746747690e-09
PRKAR1B;1,71842674628201e-13;0,416409289995750;0,421;0,196;3,09729236749869e-09
SYN1;1,79859118773593e-13;0,461854900559962;0,510;0,267;3,24178075677525e-09
RAB2A;1,82597944891437e-13;0,406416600165035;0,604;0,389;3,29114535872326e-09
UQCRH;1,85155111519984e-13;0,360637325025992;0,957;0,885;3,33723573003618e-09
BICC1;1,92983975435523e-13;-0,336674289039518;0,119;0,297;3,47834317324987e-09
GAD1;2,01034657258394e-13;0,279990091769155;0,205;0,024;3,62344866242529e-09
PI4KA;2,08153227834003e-13;0,389064049703435;0,649;0,446;3,75175377848007e-09
HMGB1;2,33012528808985e-13;0,349707126405331;0,940;0,875;4,19981781925315e-09
SNRNP70;2,38332080941178e-13;0,406710232056233;0,759;0,578;4,29569742688380e-09
EBP;2,39212238886839e-13;0,380018910100427;0,438;0,206;4,31156139369639e-09
PRDM8;2,41043502322494e-13;0,303566849662554;0,236;0,044;4,34456808586064e-09
RPL8;2,45939942783872e-13;-0,279882728350974;1,000;1,000;4,43282152873652e-09
KIFAP3;2,48724815609755e-13;0,427333645697588;0,607;0,399;4,48301607655023e-09
SLC1A3;2,51785237282198e-13;0,550505318297814;0,667;0,446;4,53817711677434e-09
HOXC4;2,68506975964340e-13;0,485716269966846;0,679;0,520;4,83956973478126e-09
TERF2IP;2,68731309821686e-13;0,420520765896688;0,722;0,544;4,84361312822608e-09
TMEM259;2,71561134660696e-13;0,406065745788663;0,694;0,486;4,89461789112438e-09
ATP1A3;3,08443677143861e-13;0,460474710161138;0,546;0,314;5,55938883684095e-09
RPL13A;3,10573539290296e-13;-0,337984758944174;1,000;1,000;5,59777747216830e-09
CYCS;3,10778801870107e-13;0,393994720471987;0,754;0,557;5,60147712490682e-09
GPRIN1;4,06860876472862e-13;0,364102491318107;0,361;0,139;7,33326043754686e-09
PKD1;4,32768185078371e-13;0,426005115374608;0,675;0,466;7,80021376785257e-09
KRT10;4,69185944735656e-13;0,353383783596960;0,694;0,476;8,45660746791546e-09
TTYH3;4,73012471037505e-13;0,382634858307439;0,760;0,571;8,52557677797999e-09
ACSL6;4,76294789731900e-13;0,345694649359560;0,380;0,155;8,58473729012777e-09
HMGA1;4,79826244280544e-13;0,377459318683565;0,416;0,193;8,64838822691252e-09
NDUFC2;4,87830277368639e-13;0,343960649910038;0,904;0,838;8,79265291929234e-09
OGA;5,33582373974048e-13;0,393598347313507;0,781;0,611;9,61728870850824e-09
GLRA2;5,38364884195525e-13;0,329619239799316;0,308;0,098;9,70348867274015e-09
CHGA;5,52677040878112e-13;0,413520653691941;0,387;0,169;9,96145098478710e-09
TSPAN5;5,63060245933099e-13;0,378604156330874;0,447;0,223;1,01485978726982e-08
DRAP1;6,41027517752007e-13;0,354255814035345;0,609;0,382;1,15538799799622e-08
RPL12;7,06320357370062e-13;-0,395128282697058;0,994;1,000;1,27307181212380e-08
DPYSL4;7,71981427779270e-13;0,408008858032921;0,532;0,311;1,39141932542936e-08
PTBP2;7,72090397295839e-13;0,347506096581937;0,410;0,186;1,39161573208602e-08
SS18L1;8,65619370125123e-13;0,347810329190092;0,379;0,155;1,56019235271352e-08
PSMD2;8,76257646250215e-13;0,357767481660135;0,691;0,463;1,57936678160139e-08
BSCL2;9,35789677208796e-13;0,400567745986896;0,719;0,517;1,68666731420113e-08
SERINC1;9,81403168515120e-13;0,415198887755368;0,893;0,828;1,76888107093165e-08
ELAVL4;9,95640306669728e-13;0,389661913225929;0,404;0,176;1,79454208874152e-08
KIDINS220;9,97250310321259e-13;0,413157968031866;0,695;0,500;1,79744395932304e-08
RIMKLB;1,03876634207187e-12;0,380337210165897;0,540;0,318;1,87227245495035e-08
PTPRA;1,11939386699736e-12;0,341935408368947;0,682;0,453;2,01759550587604e-08
MTRNR2L12;1,14963825160086e-12;-0,587198532230116;0,622;0,831;2,07210798468540e-08
NT5DC2;1,17856142165027e-12;0,357532046690415;0,631;0,416;2,12423910638244e-08
ENAH;1,22398523378706e-12;0,362139309255288;0,645;0,419;2,20611098537780e-08
KHDRBS1;1,23605570181941e-12;0,343193336319663;0,710;0,500;2,22786679695931e-08
GNAO1;1,26045017595955e-12;0,430388221393929;0,576;0,348;2,27183539714949e-08
ILF3;1,29188015797863e-12;0,354343988088563;0,819;0,666;2,32848479674068e-08
PBX3;1,29971875016617e-12;0,407954989870987;0,579;0,375;2,34261307529950e-08
CNTNAP2;1,37256769068215e-12;-0,458932609204077;0,416;0,605;2,47391600568550e-08
DSTN;1,40091170206574e-12;0,318005585934756;0,891;0,753;2,52500325180329e-08
ACTL6B;1,41049769637752e-12;0,350006341033988;0,342;0,128;2,54228104795085e-08
EFNB3;1,47352551259989e-12;-0,465622253027723;0,923;0,980;2,65588238391003e-08
FBLL1;1,47932283821731e-12;0,386402526891281;0,415;0,189;2,66633148360288e-08
NPTXR;1,50303260722116e-12;0,372853784665384;0,424;0,203;2,70906597125542e-08
ETFB;1,50764421589374e-12;0,374216035674558;0,460;0,233;2,71737793472688e-08
HIP1R;1,54901778023522e-12;0,363394484695583;0,400;0,176;2,79194964709596e-08
REEP1;1,60040925102822e-12;0,383920347782755;0,610;0,372;2,88457763405326e-08
PRDX5;1,60414003542378e-12;0,357091405782648;0,916;0,834;2,89130199984782e-08
BEX4;1,63557578892646e-12;0,422556182688252;0,724;0,551;2,94796180196104e-08
SMARCD3;1,63773471267616e-12;0,362971711528505;0,727;0,500;2,95185304612752e-08
SALL3;1,87401534111481e-12;0,302929829788334;0,230;0,047;3,37772525082533e-08
PFDN2;1,87945359601324e-12;0,324621658207490;0,644;0,416;3,38752716145426e-08
PPP2R2B;1,93138055765294e-12;0,378216217074563;0,415;0,199;3,48112031711366e-08
DYNLT1;2,13606337485743e-12;0,335993681546839;0,797;0,605;3,85004062684304e-08
TTC9B;2,16930385965407e-12;0,414209480645861;0,588;0,345;3,90995327664049e-08
MT-ND4L;2,18379937875662e-12;-0,509334444901693;0,597;0,770;3,93608000027093e-08
OPCML;2,21642637847162e-12;0,301549819274314;0,302;0,098;3,99488690455725e-08
AC124798.1;2,25876693020365e-12;0,279628559367592;0,213;0,037;4,07120151499905e-08
DAAM1;2,39235649721092e-12;0,360008949368933;0,496;0,267;4,31198335057296e-08
CRABP1;2,46303227915820e-12;0,638482922630749;0,917;0,767;4,43936937995474e-08
NLRP1;2,52889681298683e-12;-0,459975567654790;0,559;0,720;4,55808361572746e-08
SRGAP3;2,60348969164121e-12;0,370684943227337;0,576;0,355;4,69252982021412e-08
SRP9;2,70354684519064e-12;0,354534338716804;0,842;0,666;4,87287283377162e-08
CHD5;2,77902195394268e-12;0,366879196745341;0,420;0,193;5,00890916978628e-08
HOXC10;2,82475427011510e-12;0,445428799746715;0,460;0,253;5,09133709645545e-08
PODXL2;2,86529753273905e-12;0,425883640886446;0,600;0,385;5,16441227300886e-08
CACNA1B;2,93532154498005e-12;0,319174585217974;0,295;0,095;5,29062355267204e-08
RPS14;3,00141790017896e-12;-0,309086978139868;0,999;0,997;5,40975562328256e-08
ROBO2;3,18840491706063e-12;0,370473633988741;0,471;0,253;5,74678102251008e-08
PTPN5;3,69134388812508e-12;0,383840621052835;0,421;0,199;6,65327822395665e-08
SYT13;3,77248704914693e-12;0,459633957128928;0,492;0,274;6,79953065738242e-08
DISP3;3,77832262422747e-12;0,311655086583953;0,303;0,101;6,81004869790760e-08
NBEA;3,84797980031617e-12;0,371007668805458;0,409;0,189;6,93559879208986e-08
CDH13;4,57902277556831e-12;0,365858709196587;0,410;0,196;8,25323065068432e-08
GRB2;4,78290337839152e-12;0,353546698739236;0,601;0,382;8,62070504921287e-08
ARPC3;4,79341905950698e-12;0,331072836940815;0,673;0,456;8,63965851285538e-08
EGR1;4,82519652311999e-12;0,329978227600832;0,321;0,115;8,69693421327146e-08
UPP1;5,19132220271368e-12;0,303915931014636;0,270;0,078;9,35683913817113e-08
LINC00599;5,21651521962893e-12;0,314192260102351;0,260;0,071;9,40224703185918e-08
ARHGAP33;5,36645456681649e-12;0,384151343361381;0,522;0,304;9,67249771123004e-08
FAM168A;5,38656938200812e-12;0,377506597683418;0,536;0,328;9,70875265413143e-08
MYO5A;5,42954949636017e-12;0,382755823495862;0,451;0,240;9,78622001223957e-08
AC012146.1;5,68411659302659e-12;0,336208665063306;0,456;0,236;1,02450517472711e-07
GABRB3;5,95331704531674e-12;0,388866812018953;0,498;0,284;1,07302586424789e-07
SF3B1;6,18993596435887e-12;0,375749463918093;0,727;0,541;1,11567405821604e-07
SH3BP5;6,82302127164957e-12;0,382115850936007;0,435;0,230;1,22978135400212e-07
TIMP2;7,22020301365816e-12;0,356970089143894;0,945;0,865;1,30136939118175e-07
OIP5-AS1;7,23574408098200e-12;0,348448831099557;0,564;0,345;1,30417051315620e-07
UNC13A;7,38068639684613e-12;0,317803513654730;0,324;0,122;1,33029491616755e-07
GUK1;7,81079313461129e-12;0,323908487552539;0,887;0,740;1,40781735458234e-07
CBX1;7,95694595244774e-12;0,348571587537912;0,635;0,422;1,43415993846918e-07
PTPRZ1;8,25815124573063e-12;0,442150224003845;0,603;0,399;1,48844918053049e-07
GPX4;9,25782018929653e-12;0,322729106749448;0,936;0,892;1,66862951091881e-07
TPT1;9,83064528066640e-12;-0,395243954300684;0,996;1,000;1,77187550538731e-07
KIF3A;1,01339775479401e-11;0,330023975885812;0,433;0,216;1,82654811324072e-07
ARF1;1,10966949614805e-11;0,327816423645818;0,859;0,703;2,00006829985725e-07
PTPRN;1,13767761296725e-11;0,371496479784749;0,376;0,172;2,05055012961217e-07
MSX1;1,13848968846502e-11;-0,504533458637872;0,610;0,794;2,05201381448935e-07
SCAMP5;1,15648935857644e-11;0,423791312129333;0,507;0,301;2,08445641989817e-07
RPS19;1,17482186754215e-11;-0,321256223235779;1,000;1,000;2,11749893405798e-07
TMEM14A;1,18549136800656e-11;0,378130565536474;0,532;0,324;2,13672964169502e-07
PAFAH1B3;1,25690934244324e-11;0,403031711576840;0,548;0,341;2,26545339881969e-07
ZCCHC12;1,29038971163409e-11;0,391124156555712;0,463;0,247;2,32579841624928e-07
CSPG5;1,30151174577546e-11;0,341583082914802;0,415;0,203;2,34584477058569e-07
CAPRIN1;1,32528538547190e-11;0,346852046165228;0,668;0,449;2,38869437877455e-07
RPL36;1,37651506896251e-11;-0,311598684124113;1,000;1,000;2,48103076029803e-07
LUC7L3;1,39698088840723e-11;0,386942904555233;0,722;0,554;2,51791835326520e-07
MPRIP;1,46708271606255e-11;0,349136132659922;0,613;0,399;2,64426988743114e-07
ATP5PB;1,51113339908778e-11;0,322913738992420;0,716;0,517;2,72366683851581e-07
HMGB3;1,52014410385883e-11;0,373980290993659;0,427;0,223;2,73990773279515e-07
RAF1;1,53810375440969e-11;0,328334754811496;0,428;0,216;2,77227820694803e-07
TUSC3;1,55890527223460e-11;0,354408266421390;0,735;0,537;2,80977086267565e-07
DHCR7;1,58483636630337e-11;0,365372134136026;0,434;0,220;2,85650906662519e-07
STRAP;1,62496844131964e-11;0,359891161174831;0,646;0,453;2,92884311863451e-07
AUXG01000058.1;1,64954698607724e-11;0,424520440771210;0,544;0,345;2,97314348770562e-07
C18orf32;1,69845997727151e-11;0,348397658998644;0,652;0,456;3,06130426303418e-07
RAB6A;1,73191650702930e-11;0,400097026346260;0,646;0,476;3,12160631226960e-07
PRPF8;1,75907364846091e-11;0,337803233219258;0,710;0,493;3,17055434398594e-07
AEBP1;1,94615725932040e-11;-0,347768206885477;0,355;0,561;3,50775384419909e-07
SPINT2;1,96690417151621e-11;0,386356258489338;0,501;0,294;3,54514807874082e-07
ZNRF1;2,10273763915082e-11;0,315854408667286;0,354;0,149;3,78997432080544e-07
PREPL;2,12199833558052e-11;0,384095762098843;0,658;0,456;3,82468980005032e-07
TLE5;2,20150593525478e-11;0,340106441800528;0,832;0,720;3,96799429770322e-07
SPTBN2;2,34394959811128e-11;0,309219667434035;0,314;0,118;4,22473475563577e-07
TRIM2;2,41534175830630e-11;0,382293109650590;0,607;0,429;4,35341198517127e-07
UBE2N;2,62102936709601e-11;0,362072993570176;0,625;0,422;4,72414333125385e-07
SGTA;2,75645639520874e-11;0,356598502987428;0,591;0,395;4,96823700672424e-07
C3orf14;2,75813271457959e-11;0,296763406451075;0,264;0,081;4,97125840475826e-07
DCLK1;2,96674426682653e-11;0,325171757357982;0,812;0,605;5,34725986652813e-07
RPS12;3,16795311744060e-11;-0,351354762597882;1,000;1,000;5,70991869887493e-07
GNAZ;3,16875823518423e-11;0,335069459490308;0,488;0,267;5,71136984309605e-07
MAPK8IP1;3,17805789063609e-11;0,331244304944824;0,498;0,280;5,72813154208248e-07
RALGPS1;3,24662699620270e-11;0,347670132402567;0,422;0,220;5,85172049795575e-07
LARP1;3,28870005733176e-11;0,328737504471812;0,638;0,426;5,92755298333477e-07
TLCD3B;3,34255949137423e-11;0,354180989820409;0,421;0,206;6,02462922725291e-07
GRINA;3,44103008756372e-11;0,340919090411487;0,849;0,747;6,20211262982485e-07
NDN;3,52989011543661e-11;0,346506117608028;0,776;0,622;6,36227394406294e-07
LZTS3;3,55953083735883e-11;0,342051059901406;0,430;0,226;6,41569838125555e-07
TMEM9;3,69323454136219e-11;0,361875244490600;0,600;0,395;6,65668593735122e-07
SEZ6L;3,73774583799045e-11;0,346672617641784;0,417;0,213;6,73691309839399e-07
TRIM9;3,77347032140717e-11;0,309326303872640;0,342;0,142;6,80130290730427e-07
STX1B;3,88100520229528e-11;0,381329855252774;0,476;0,267;6,99512377661701e-07
MT-ND5;4,38139242392352e-11;-0,454906025558446;0,921;0,959;7,89702170487975e-07
ACSL3;4,41667348428696e-11;0,368497040205208;0,483;0,280;7,96061228807881e-07
ELOC;4,47695011037623e-11;0,335230988353589;0,603;0,392;8,06925487894211e-07
NDUFA12;4,52151223369146e-11;0,380253513733904;0,746;0,574;8,14957365000549e-07
WBP2;4,82671793924888e-11;0,375337680956852;0,590;0,405;8,69967641370218e-07
CLTC;4,95666288972848e-11;0,340829644526442;0,872;0,730;8,93388919244662e-07
PYGB;5,12689930318877e-11;0,344545168998215;0,480;0,270;9,24072330406743e-07
CTNND2;5,29143538225972e-11;0,388593645838437;0,633;0,459;9,53728313298492e-07
ZNF33A;5,31739795782456e-11;0,338919870303555;0,406;0,199;9,58407807918299e-07
NEDD4L;5,67822218750521e-11;0,325228646541514;0,427;0,223;1,02344276707594e-06
PLCB1;5,74462693940342e-11;0,269757922324233;0,257;0,078;1,03541155955807e-06
ANKRD13B;5,81572345209946e-11;0,326504453982718;0,392;0,186;1,04822599500641e-06
MARK3;5,83038326697523e-11;0,337583643780031;0,524;0,314;1,05086828003962e-06
SRI;6,20918457491358e-11;0,358139585079800;0,590;0,392;1,11914342778242e-06
CCT4;6,22622538818474e-11;0,323005304210860;0,641;0,446;1,12221486396642e-06
NES;6,25462850312357e-11;0,399437378918331;0,821;0,726;1,12733424140299e-06
WDR1;6,55381149254794e-11;0,330217262485131;0,546;0,334;1,18125898341684e-06
FSD1;6,63506345766974e-11;0,368990131759407;0,436;0,230;1,19590383761039e-06
CRYAB;6,64662324798484e-11;0,662171517719763;0,544;0,365;1,19798737421679e-06
UQCRFS1;6,69178328814382e-11;0,329283263868147;0,701;0,514;1,20612701985504e-06
SULT4A1;6,72635863752371e-11;0,314055647722069;0,365;0,162;1,21235888082727e-06
LUC7L;6,92974078005574e-11;0,361640380785573;0,602;0,389;1,24901647819725e-06
ELMOD1;7,17262123856487e-11;0,370779125469588;0,366;0,169;1,29279325203893e-06
ATL1;7,27750534869477e-11;0,317689776807267;0,339;0,145;1,31169756404875e-06
DNAJC5;7,28914362539175e-11;0,348125574311091;0,609;0,405;1,31379524704061e-06
MARCH6;7,66351171345804e-11;0,322533415439667;0,827;0,662;1,38127135123368e-06
GPSM1;7,71262382777573e-11;0,358366933897859;0,505;0,297;1,39012331871830e-06
CNTN2;7,82954324582252e-11;0,272119099395390;0,279;0,095;1,41119687462705e-06
MICAL3;8,14212680140987e-11;0,336718653134880;0,505;0,291;1,46753693468611e-06
RUSC2;8,35910871367110e-11;0,370406431992446;0,470;0,270;1,50664575455208e-06
KCTD12;8,40813334701019e-11;0,370839483326032;0,457;0,257;1,51548195446512e-06
HRAS;8,44531506653640e-11;0,362666417423698;0,502;0,307;1,52218358759252e-06
CACNA1A;8,76097515056104e-11;0,305612221675534;0,314;0,125;1,57907816113712e-06
ATP5MPL;8,87485533696917e-11;0,292834339666051;0,957;0,916;1,59960392593532e-06
GPC2;9,19499302260502e-11;0,360282692039165;0,402;0,203;1,65730554239433e-06
FAM168B;9,19693715944312e-11;0,356323783409810;0,700;0,507;1,65765595361803e-06
SMPD3;9,31893505238079e-11;0,278032338669971;0,283;0,098;1,67964485384111e-06
MADD;9,42198033525145e-11;0,337672619390833;0,472;0,267;1,69821773562572e-06
ALDOA;1,00814355329170e-10;-0,346795753597613;0,267;0,466;1,81707794045295e-06
MT-ATP6;1,01913722668278e-10;-0,466858138447101;1,000;1,000;1,83689293737304e-06
NOVA1;1,04167936056284e-10;0,401871146082617;0,681;0,507;1,87752287947847e-06
SPTBN1;1,05331084320517e-10;0,305706553489538;0,904;0,804;1,89848746379300e-06
PRKACB;1,11336151467637e-10;0,343941879360647;0,517;0,307;2,00672279405270e-06
COPS9;1,20517241783187e-10;0,304206047812834;0,911;0,791;2,17220276590016e-06
RPS23;1,21496889005585e-10;-0,368061854657050;1,000;1,000;2,18985992743667e-06
"NAP1L4";1,23166643940439e-10;0,328483840212658;0,665;0,463;2,21995559038247e-06
BICDL1;1,26858402894227e-10;0,284852332907953;0,242;0,071;2,28649585376554e-06
MARCH4;1,26943658305787e-10;0,265770738650795;0,248;0,074;2,28803249730350e-06
"NAP1L5";1,35984092984329e-10;0,381678134022118;0,453;0,257;2,45097729194954e-06
MTPN;1,37214160141176e-10;0,333539560045889;0,629;0,429;2,47314802238456e-06
SNHG25;1,38914479279246e-10;-0,318682638199570;0,850;0,916;2,50379457452914e-06
ATP5F1C;1,44823106100066e-10;0,341574057073160;0,644;0,453;2,61029166434759e-06
GOLGA7B;1,48687234365048e-10;0,298195716403317;0,300;0,115;2,67993871219563e-06
TNC;1,49005717062105e-10;0,438086824405547;0,450;0,253;2,68567904432738e-06
ANXA2;1,54122420818217e-10;-0,365084918050395;0,229;0,412;2,77790251282754e-06
RERE;1,61387122577513e-10;0,336835758531309;0,693;0,503;2,90884149733709e-06
ATP5PF;1,62222778981169e-10;0,298620488235643;0,930;0,875;2,92390336835659e-06
ADD1;1,63047353849045e-10;0,326799155900271;0,821;0,645;2,93876550577519e-06
MICAL1;1,67846861605301e-10;0,306204880029625;0,390;0,193;3,02527183357395e-06
F3;1,72639352525498e-10;0,259743190393597;0,195;0,041;3,11165168991958e-06
DNAJB6;1,82344021815628e-10;0,376086787086022;0,652;0,493;3,28656864920488e-06
IDH1;1,84189259546552e-10;0,275932386273692;0,391;0,193;3,31982721406704e-06
ACTR1A;1,88068243846202e-10;0,361520556611212;0,520;0,334;3,38974202708394e-06
TARBP1;2,21252082726706e-10;0,349666562522944;0,465;0,274;3,98784753906616e-06
NDUFS7;2,24071680708729e-10;0,321995450312747;0,592;0,375;4,03866797309413e-06
MCRIP1;2,30526521646091e-10;0,314927846028895;0,675;0,483;4,15501002614914e-06
PPFIA2;2,50512695927060e-10;0,344440287674997;0,381;0,189;4,51524083138932e-06
AP3B2;2,54336793545316e-10;0,274413737775862;0,282;0,101;4,58416636686078e-06
DNAJC6;2,61104512226535e-10;0,354801761924860;0,426;0,230;4,70614772837106e-06
NDUFB1;2,72433653862707e-10;0,322732375139253;0,920;0,855;4,91034417722143e-06
SNHG32;2,81548466963134e-10;-0,310450021161679;0,523;0,740;5,07462956854353e-06
RPL10A;2,89645778200496e-10;-0,278970569426790;0,977;0,990;5,22057550628574e-06
HTR1D;2,91159957840234e-10;-0,261410542279757;0,116;0,267;5,24786708011237e-06
CPE;3,06321971444044e-10;0,380185551167998;0,875;0,804;5,52114721330745e-06
SLC9A3R1;3,22638315649833e-10;-0,287389440235256;0,240;0,426;5,81523300127259e-06
B4GALNT1;3,24173695257789e-10;0,267390054989522;0,252;0,081;5,84290668332639e-06
GNAL;3,25560218871159e-10;0,300474599535503;0,428;0,223;5,86789738493377e-06
KIF3B;3,28266729343061e-10;0,321694962553164;0,421;0,223;5,91667952967933e-06
MIR124-2HG;3,69387097298950e-10;0,263928692866345;0,247;0,078;6,65783304171627e-06
NEFL;3,79458609661344e-10;0,534616779498345;0,842;0,747;6,83936198053607e-06
RPS20;3,80682304227321e-10;-0,423991064780413;0,936;0,963;6,86141785139323e-06
LPCAT4;3,80959036646335e-10;0,286909505708946;0,296;0,115;6,86640567651355e-06
CCDC184;3,88781731492561e-10;0,338296802429508;0,359;0,176;7,00740192842191e-06
ATP5PD;3,95264083563226e-10;0,276246243663042;0,747;0,564;7,12423984214359e-06
SOD1;4,19069397511674e-10;0,298346103075302;0,926;0,841;7,55330682075040e-06
GHITM;4,23914320472491e-10;0,323882015646748;0,677;0,500;7,64063171219619e-06
AGAP3;4,35989103509244e-10;0,346483306216667;0,584;0,392;7,85826760165061e-06
COX6B1;4,37841646758535e-10;0,292896044308799;0,946;0,885;7,89165784117584e-06
FGF13;4,44266969021529e-10;0,341146737865389;0,430;0,243;8,00746784964404e-06
NTRK2;4,46561642346121e-10;0,416405067941195;0,823;0,639;8,04882704164649e-06
AGRN;4,53651617141349e-10;0,358208076109099;0,512;0,328;8,17661674735567e-06
TRIM67;4,63991642204030e-10;0,289120049051840;0,289;0,111;8,36298535908545e-06
TOLLIP;4,70509605267977e-10;0,311237179815182;0,412;0,220;8,48046512535001e-06
CCDC88A;4,75757987309636e-10;0,319136667953405;0,534;0,338;8,57506196326889e-06
DDX24;4,88949426973420e-10;0,322151502463702;0,682;0,473;8,81282447176893e-06
MGP;5,06102632294232e-10;-0,500022002485388;0,519;0,716;9,12199384447124e-06
ARHGEF4;5,10589927147537e-10;0,340625471800340;0,499;0,314;9,20287284690722e-06
NELL2;5,11480716924694e-10;-0,547451464918860;0,561;0,689;9,21892844185069e-06
MORF4L1;5,40346093446273e-10;0,314008789478211;0,934;0,889;9,73919798827562e-06
PGM2L1;5,50933087268530e-10;0,389866696056774;0,512;0,311;9,93001796492799e-06
GSK3B;5,59430661373216e-10;0,296012934843117;0,471;0,260;1,00831782405908e-05
RPS26;5,67096074932427e-10;0,300069632808582;0,959;0,892;1,02213396545821e-05
MAP2K2;5,67957399706004e-10;0,317533461234187;0,651;0,470;1,02368641723010e-05
STAU2;5,75323048026257e-10;0,364545697688493;0,460;0,277;1,03696226176253e-05
MT3;5,82911274729079e-10;0,304767664803552;0,411;0,209;1,05063928157169e-05
CELF1;5,86005367874693e-10;0,344409904167113;0,553;0,361;1,05621607505735e-05
CAPN1;5,94879558499738e-10;0,285485425316050;0,438;0,236;1,07221091623993e-05
UBE2V2;5,97483085263576e-10;0,335525043444192;0,579;0,395;1,07690351287907e-05
H2AFZ;6,54559642566786e-10;0,303081631756249;0,899;0,791;1,17977829976238e-05
CHGB;6,66689965786486e-10;0,386449475865899;0,451;0,264;1,20164199433356e-05
TPD52L2;6,68175427677509e-10;0,346473316464450;0,559;0,368;1,20431939084594e-05
ATP2B2;6,80908304934475e-10;0,262730146524366;0,259;0,088;1,22726912881390e-05
PINK1;6,93174185160436e-10;0,338720382603999;0,573;0,382;1,24937715133317e-05
BRSK2;6,98728867072404e-10;0,280317419062877;0,309;0,128;1,25938891001130e-05
TUBA1B;7,11280098450647e-10;0,278351803110610;0,999;1,000;1,28201124944745e-05
DTX4;7,11497330577909e-10;0,357227045227185;0,677;0,524;1,28240278863362e-05
LRATD1;7,44683262125736e-10;-0,610788665618851;0,482;0,595;1,34221711165543e-05
ARL2;7,59608678885538e-10;0,323021831725778;0,490;0,297;1,36911868282329e-05
NDUFB6;7,64684659984518e-10;0,318442897783320;0,680;0,493;1,37826763115609e-05
WASF1;7,69018463355824e-10;0,342353956194959;0,436;0,253;1,38607887835254e-05
PNN;7,88591320485683e-10;0,317410792993801;0,502;0,307;1,42135699604339e-05
CTPS1;8,02839027146774e-10;0,255804307011372;0,287;0,108;1,44703706252934e-05
CAMKV;8,17789903804950e-10;0,312904714241890;0,339;0,159;1,47398452261804e-05
DHCR24;8,19139601012346e-10;0,427870428362411;0,524;0,361;1,47641721686465e-05
VASN;8,31078253186383e-10;-0,275005070529603;0,147;0,304;1,49793544354314e-05
TNNI2;8,41506140537347e-10;0,428414619521734;0,576;0,429;1,51673066770451e-05
SCG2;8,84482258150958e-10;-0,425823488623576;0,525;0,679;1,59419082209129e-05
JTB;9,10839451126441e-10;0,355715466523632;0,685;0,527;1,64169702671030e-05
ABR;9,37786383978438e-10;0,359993479518561;0,683;0,520;1,69026617848274e-05
BMERB1;9,49260587037222e-10;0,367525614429977;0,622;0,483;1,71094728207589e-05
ALDOC;9,53988144064732e-10;0,485303261152361;0,620;0,432;1,71946823086227e-05
EBF3;9,68419549022409e-10;0,374184868782803;0,494;0,307;1,74547939515799e-05
RNPS1;9,75695910124728e-10;0,319320454663463;0,818;0,666;1,75859430840881e-05
TIMM17A;1,01862875449840e-09;0,315049986073447;0,435;0,243;1,83597646710792e-05
CEND1;1,03353784190717e-09;0,301640549447585;0,342;0,159;1,86284860625348e-05
CAMSAP2;1,04582858090617e-09;0,294045686990574;0,482;0,287;1,88500143422529e-05
PRRT2;1,05368009235160e-09;0,337740453462732;0,373;0,189;1,89915299845452e-05
HCN3;1,14011462072925e-09;0,289416361319521;0,318;0,139;2,05494259240239e-05
CAMK2B;1,14877419684819e-09;0,320912292843257;0,430;0,236;2,07055061239918e-05
AKT1;1,15255290949890e-09;0,327414005568947;0,530;0,338;2,07736136408081e-05
CASK;1,17403705651015e-09;0,338380251144954;0,516;0,328;2,11608439065390e-05
HOXB6;1,19663083064160e-09;0,323655099610840;0,427;0,236;2,15680740914842e-05
HERC1;1,22767648070309e-09;0,327477515329163;0,448;0,264;2,21276408881924e-05
MAPK8;1,24568758113178e-09;0,299930243242431;0,393;0,206;2,24522729623192e-05
LANCL2;1,24698982981526e-09;0,283503797801331;0,336;0,155;2,24757446925902e-05
NCDN;1,25590122834283e-09;0,334704411099346;0,553;0,378;2,26363637396511e-05
UBE2E3;1,29007353157702e-09;0,328618599918882;0,775;0,649;2,32522853331443e-05
ZNF83;1,30295662825032e-09;0,298796494625429;0,399;0,209;2,34844902675837e-05
ITM2C;1,30795996493392e-09;-0,450878493484560;0,799;0,875;2,35746704079689e-05
MGAT5B;1,33029906726008e-09;0,285199402386057;0,355;0,172;2,39773103882956e-05
CAMSAP3;1,35880477199193e-09;0,269854094941003;0,314;0,132;2,44910972103826e-05
ERG28;1,37653447181768e-09;0,360210429020247;0,522;0,355;2,48106573200419e-05
EWSR1;1,38920401562125e-09;0,321284379857864;0,680;0,490;2,50390131775574e-05
AMH;1,47912955856013e-09;0,290482008667499;0,355;0,172;2,66598311634878e-05
FUT9;1,52457873952864e-09;0,270571671481468;0,285;0,115;2,74790072012641e-05
RPS11;1,52486890234568e-09;-0,294798930218065;0,996;0,997;2,74842370958785e-05
CCNI;1,60694663614905e-09;0,384457975266924;0,884;0,794;2,89636061699505e-05
HSP90AB1;1,61315380571783e-09;0,279156876383857;0,986;0,963;2,90754841942581e-05
CDK5RAP3;1,67876952732953e-09;0,326168936156173;0,571;0,378;3,02581419605874e-05
IGSF3;1,67880547079841e-09;0,305410177694966;0,446;0,257;3,02587898056706e-05
ATP5MG;1,69270873111927e-09;0,254391870783828;0,974;0,899;3,05093821696937e-05
INTS11;1,69400420834024e-09;0,327682769613169;0,561;0,382;3,05327318511245e-05
XIST;1,75585182497335e-09;-0,420691169198221;0,657;0,801;3,16474732933197e-05
ZMIZ2;1,79339065028708e-09;0,325217975680742;0,459;0,274;3,23240730807743e-05
PLTP;1,84111540012743e-09;-0,391303280712420;0,643;0,780;3,31842639718968e-05
PTMS;1,85926694675278e-09;0,289869780798885;0,950;0,912;3,35114274482722e-05
FGD5-AS1;1,92319151298946e-09;0,294526184927036;0,606;0,416;3,46636038301221e-05
SNCB;1,93816166683073e-09;0,349994032977110;0,422;0,243;3,49334258829571e-05
RANGAP1;1,94012624219947e-09;0,306516386279343;0,446;0,260;3,49688353894032e-05
CASKIN1;1,94525910966478e-09;0,291923704758348;0,403;0,209;3,50613501925981e-05
"NAV1";1,97363917353527e-09;0,311330578743780;0,460;0,274;3,55728724637998e-05
ABCA3;2,01138168332896e-09;0,353731790155346;0,534;0,365;3,62531434603212e-05
PLOD1;2,03776980467191e-09;-0,361654418156722;0,354;0,530;3,67287629594065e-05
CAMSAP1;2,07756171214039e-09;0,311819573129513;0,416;0,230;3,74459722996184e-05
SRRM4;2,10281449418981e-09;0,271842057620004;0,290;0,118;3,79011284432772e-05
MGST1;2,12292176734898e-09;0,444674054743423;0,536;0,358;3,82635419346980e-05
CLCN4;2,13045795471262e-09;0,276714813944719;0,331;0,152;3,83993741757403e-05
LRP4;2,13725606918840e-09;0,409925188574266;0,466;0,284;3,85219033910517e-05
ROBO3;2,17046721072669e-09;0,313527236383540;0,277;0,111;3,91205010061378e-05
EXOC7;2,18081473248746e-09;0,314281112858826;0,566;0,375;3,93070047383540e-05
SNRPN;2,18780823693339e-09;0,352700791332481;0,881;0,791;3,94330556624874e-05
SNRPG;2,19366625647733e-09;0,284049851569705;0,778;0,639;3,95386406067474e-05
LSM4;2,27417145759362e-09;0,317814122057514;0,583;0,392;4,09896663516674e-05
PLPPR2;2,29142050322702e-09;0,314727449848708;0,566;0,368;4,13005631501637e-05
SYP;2,37687169615591e-09;0,371227705281786;0,469;0,284;4,28407354515142e-05
SUB1;2,37894656730028e-09;0,295555190715889;0,867;0,777;4,28781329290202e-05
MRPS21;2,38257499821948e-09;0,286689061818092;0,782;0,639;4,29435317679079e-05
SIL1;2,41084546325765e-09;-0,270702506867255;0,223;0,395;4,34530786297560e-05
NCAM2;2,44436270437542e-09;0,305337605696616;0,349;0,169;4,40571933836627e-05
GABBR1;2,48472723006959e-09;0,305721856910595;0,608;0,412;4,47847235947743e-05
NDUFB11;2,53961848554374e-09;0,292580392475646;0,844;0,720;4,57740835834404e-05
DUSP4;2,56468242604328e-09;0,330398981516483;0,363;0,186;4,62258360470040e-05
MCF2L;2,74313261289750e-09;0,274180196338399;0,356;0,176;4,94422222148644e-05
MARS;2,77097676444557e-09;0,337278309594487;0,546;0,365;4,99440852023670e-05
PDE4B;2,77839580963441e-09;0,281443752590911;0,341;0,162;5,00778060728507e-05
THRA;2,83278104491795e-09;0,342652057635943;0,608;0,453;5,10580455536012e-05
CARMIL3;2,91401857179440e-09;0,272119099395390;0,265;0,101;5,25222707380223e-05
CELF5;2,92921426919777e-09;0,298949342891430;0,387;0,203;5,27961579880206e-05
MYL12B;2,95069205722915e-09;0,299450619994293;0,815;0,699;5,31832736394982e-05
CTNNA2;2,96663925507441e-09;0,297377321385011;0,456;0,274;5,34707059334611e-05
PRXL2A;3,07333746600461e-09;0,323756992289555;0,627;0,453;5,53938344872671e-05
ZFAND5;3,30409466788969e-09;0,316842105458906;0,746;0,578;5,95530022940438e-05
FAM131B;3,32298575869301e-09;0,276286123005736;0,312;0,139;5,98934953146829e-05
ZIC4;3,38342125250187e-09;0,285822612767668;0,305;0,135;6,09827846550936e-05
DUSP8;3,41994701349124e-09;0,312904714241890;0,414;0,230;6,16411249711662e-05
PRKAR2B;3,52198845392125e-09;0,337011331012936;0,427;0,250;6,34803198934766e-05
APP;3,53928650104893e-09;0,281153905672530;0,971;0,970;6,37920998949060e-05
CEP170;3,56534788427857e-09;0,300342838192859;0,415;0,233;6,42618302662369e-05
IRGQ;3,58504696639415e-09;0,287117122581329;0,421;0,233;6,46168865222882e-05
COX4I1;3,58508968547508e-09;0,292928617603840;0,972;0,936;6,46176564910028e-05
PID1;3,59267772674098e-09;0,254165746089418;0,267;0,101;6,47544233467795e-05
ANO8;3,68407115817152e-09;0,260117299882455;0,285;0,118;6,64016985548834e-05
MTMR4;3,89655935432158e-09;0,291226800823724;0,384;0,206;7,02315858022922e-05
PITHD1;3,94558496450106e-09;0,310986236511191;0,534;0,361;7,11152234001672e-05
MAPK6;3,95537299594800e-09;0,307442022971265;0,414;0,233;7,12916428789667e-05
PTGES3;3,98027769669626e-09;0,313248745492093;0,783;0,652;7,17405252052534e-05
PHC1;4,05366315941834e-09;0,327930398951973;0,517;0,338;7,30632247853562e-05
TIA1;4,07853949502990e-09;0,342536938508640;0,590;0,409;7,35115958584190e-05
AKAP12;4,24163651966527e-09;0,336950188208541;0,472;0,291;7,64512566304468e-05
ZNF706;4,30377036210414e-09;0,281584951029085;0,572;0,368;7,75711570065651e-05
TOMM7;4,58818296260173e-09;0,270554511759544;0,976;0,943;8,26974097179335e-05
AMPD2;4,81804890912573e-09;0,264810426040845;0,371;0,182;8,68405135380822e-05
HSPA9;4,82814648070470e-09;0,303881711086957;0,685;0,510;8,70225121682216e-05
SCUBE2;4,89131145233927e-09;0,270029936862226;0,242;0,088;8,81609976169630e-05
EIF4A2;5,00896884586017e-09;0,283357287018170;0,945;0,882;9,02816544777837e-05
TRA2B;5,10763248609316e-09;0,284386137671876;0,641;0,449;9,20599679293431e-05
EBF4;5,11491944809154e-09;0,264921799398772;0,319;0,145;9,21913081324019e-05
DDX3X;5,24463208960886e-09;0,296963170372869;0,731;0,561;9,45292487831101e-05
PPP1R12C;5,29773263951503e-09;0,275168603669244;0,488;0,294;9,54863330946188e-05
ERI3;5,35085898771037e-09;0,303276013044113;0,562;0,385;9,64438823944917e-05
PRKRA;5,52898321226411e-09;0,285666842764074;0,375;0,199;9,96543934178483e-05
MLF2;5,68016084403097e-09;0,318146118884042;0,812;0,672;1,02379219052814e-04
LRIG1;5,75159751674417e-09;0,346260344660744;0,448;0,270;1,03666793641797e-04
OBSCN;5,76679768899403e-09;0,256228554006674;0,343;0,162;1,03940761546428e-04
SCN2A;5,77730201831667e-09;0,308317444746238;0,356;0,182;1,04130091578140e-04
BLOC1S1;5,89114719295993e-09;0,328910966013454;0,697;0,544;1,06182037005910e-04
WDR47;5,92176083802697e-09;0,255006330533689;0,323;0,149;1,06733817344598e-04
DDX17;6,00809369734110e-09;0,292395468760671;0,964;0,919;1,08289880800876e-04
MRFAP1L1;6,13507193876255e-09;0,316681404987374;0,547;0,375;1,10578536624256e-04
GOLGA8A;6,51581585817154e-09;0,304307205719621;0,687;0,493;1,17441065027684e-04
RAB3B;6,72013563073518e-09;0,285768584304376;0,359;0,179;1,21123724608371e-04
GP1BB;6,86374347766896e-09;0,271809693144531;0,337;0,162;1,23712112441505e-04
SAE1;7,00711769322243e-09;0,306306625157555;0,488;0,314;1,26296289302641e-04
PTPRM;7,02540556712256e-09;0,305031870470601;0,496;0,314;1,26625909941817e-04
MAST2;7,08644085471141e-09;0,312390659349265;0,465;0,284;1,27726009965318e-04
GRIK2;7,16724352721290e-09;0,255571539175939;0,272;0,111;1,29182397334485e-04
RETREG2;7,32730998193453e-09;0,296225973095260;0,656;0,503;1,32067435114388e-04
ARHGEF10L;7,75303453451389e-09;0,291911206588068;0,351;0,179;1,39740694450078e-04
ASXL1;7,92131525565718e-09;0,284599345021745;0,410;0,230;1,42773786167965e-04
HNRNPU;7,96453613682580e-09;0,298579118263430;0,860;0,784;1,43552799330148e-04
VPS28;7,97956340839912e-09;0,292556068850088;0,739;0,574;1,43823650872986e-04
COL5A1;7,98606416658167e-09;-0,313504158559704;0,496;0,676;1,43940820538468e-04
SYT5;8,10203551884581e-09;0,272313933628807;0,315;0,145;1,46031088191677e-04
NSF;8,13653573790044e-09;0,315293678260017;0,512;0,331;1,46652920139918e-04
SERPINH1;8,40952057735086e-09;-0,279221844506192;0,577;0,736;1,51573198886172e-04
SORBS1;8,42261968342905e-09;0,280300048809963;0,356;0,182;1,51809297174125e-04
PGRMC1;8,46932026031766e-09;0,336363687065879;0,795;0,662;1,52651028371965e-04
JPH3;8,67476216398099e-09;0,264830974178815;0,300;0,132;1,56353913243593e-04
TRIO;8,73597177450230e-09;0,292005820916003;0,554;0,378;1,57457155263629e-04
RAB3A;8,74893953334614e-09;0,372082650176664;0,537;0,358;1,57690886149031e-04
TRIR;8,80768079359661e-09;0,319340539223565;0,824;0,733;1,58749638623785e-04
SAMD14;9,01026291344376e-09;0,299326307741350;0,380;0,206;1,62400978751910e-04
SEZ6L2;9,01894908330983e-09;0,411840389846586;0,552;0,399;1,62557538277576e-04
"NARS";9,51234034945971e-09;0,268737130966322;0,470;0,284;1,71450422458662e-04
SMOC1;9,54382457446671e-09;-0,586342661446813;0,408;0,574;1,72017894130188e-04
BMPR2;9,69497881725300e-09;0,291559811843535;0,531;0,345;1,74742298202168e-04
KDM1A;9,75093579667797e-09;0,275524742229321;0,585;0,392;1,75750866799324e-04
NDUFA10;9,75625866410818e-09;0,286851854405580;0,573;0,385;1,75846806161886e-04
ARHGEF7;9,86413664869343e-09;0,318204317947039;0,511;0,341;1,77791198956050e-04
DDIT4;1,00398695866772e-08;-0,310418260178026;0,362;0,541;1,80958609430270e-04
CIAO2B;1,03403790460753e-08;0,270434089915466;0,656;0,480;1,86374991926462e-04
BRSK1;1,04557955214521e-08;0,291827713495301;0,430;0,247;1,88455258478653e-04
CD99;1,09332392291413e-08;0,529396534138654;0,782;0,706;1,97060703866042e-04
LPAR2;1,10672500309182e-08;0,297492988609043;0,367;0,196;1,99476114557269e-04
HSPD1;1,13347089354419e-08;0,277421001298694;0,770;0,618;2,04296793852405e-04
"NASP";1,14039860464408e-08;0,345660807508281;0,600;0,426;2,05545444501050e-04
TMEM178B;1,16501789889140e-08;0,284522912872067;0,341;0,172;2,09982826096186e-04
PRKAR1A;1,17606307138335e-08;0,268439817291699;0,718;0,547;2,11973607986134e-04
AP3D1;1,18014806106558e-08;0,279247144122513;0,659;0,476;2,12709886526460e-04
BCL11A;1,18972263227505e-08;0,263098660811886;0,301;0,135;2,14435607241256e-04
CAPZA2;1,19783486076988e-08;0,265925241135498;0,415;0,230;2,15897755305163e-04
NUDT3;1,23972227772351e-08;0,318464239583791;0,534;0,355;2,23447543336885e-04
AKR1B1;1,25705772144189e-08;0,300955871373926;0,526;0,351;2,26572083712686e-04
PPP2R2C;1,36585801448977e-08;0,263504901374002;0,314;0,145;2,46182248531636e-04
DNAJA1;1,42811427623228e-08;0,315009302566813;0,831;0,753;2,57403317148105e-04
MAP1A;1,46644016791942e-08;0,322685735034476;0,523;0,355;2,64311175865795e-04
PSMD4;1,51520760199763e-08;0,276925417136324;0,536;0,351;2,73101018184052e-04
GRIA4;1,53469279143148e-08;0,283803594841124;0,391;0,216;2,76613028727610e-04
EFEMP1;1,54940539387560e-08;-0,260145978236103;0,200;0,361;2,79264828192137e-04
ELAVL3;1,58897321481709e-08;0,298747680377720;0,435;0,257;2,86396532238632e-04
CNR1;1,61567006514638e-08;0,290076784787629;0,359;0,186;2,91208372541983e-04
LINC01963;1,61877608021938e-08;0,282829746220362;0,374;0,203;2,91768200698742e-04
GNPTAB;1,62306474108989e-08;0,254661823663246;0,303;0,139;2,92541188934043e-04
TCP1;1,64782260979214e-08;0,290623266865884;0,693;0,507;2,97003547188935e-04
LSM3;1,64789175039614e-08;0,263066508334861;0,598;0,416;2,97016009091400e-04
CCT3;1,68552284642956e-08;0,294741427412257;0,632;0,463;3,03798637840463e-04
DPF1;1,79534890385077e-08;0,260893915665347;0,320;0,152;3,23593686430063e-04
ATF4;1,83480196790985e-08;0,290787811972216;0,876;0,797;3,30704706696072e-04
HUWE1;1,86908178492153e-08;0,300839648408392;0,555;0,392;3,36883300914257e-04
COMMD7;1,91144834070952e-08;0,275288391805760;0,411;0,233;3,44519448929484e-04
STK25;1,94789899458701e-08;0,269200919468821;0,712;0,530;3,51089314784363e-04
MAPRE1;1,97157829746016e-08;0,291224133633784;0,526;0,351;3,55357272334220e-04
AQP4;2,04702686857235e-08;0,277804136353631;0,198;0,061;3,68956122791480e-04
SLC9A6;2,08816481914156e-08;0,290449863414194;0,388;0,220;3,76370827002075e-04
NPEPPS;2,13631004759822e-08;0,295102348444712;0,522;0,351;3,85048522979103e-04
STMP1;2,14874015650190e-08;0,296144387694314;0,595;0,419;3,87288925807902e-04
ARPC2;2,16830750721953e-08;0,266709891363285;0,727;0,574;3,90815745101248e-04
NDRG3;2,25703028674769e-08;0,302253332742631;0,391;0,226;4,06807138883403e-04
GPC3;2,28239014088953e-08;-0,287008127945237;0,740;0,899;4,11377998993929e-04
CADM2;2,34360775367513e-08;0,291424986831439;0,373;0,199;4,22411861522406e-04
LIN7C;2,42051871337511e-08;0,317645747233129;0,511;0,341;4,36274292898730e-04
PPIP5K2;2,51091321703983e-08;0,275664526650523;0,376;0,206;4,52566998239259e-04
CCNL2;2,53579360085639e-08;0,325709321876891;0,791;0,655;4,57051438618356e-04
STX12;2,56928640121290e-08;0,283780161723423;0,434;0,267;4,63088180954613e-04
PLRG1;2,62368173860716e-08;-0,355806664219110;0,363;0,514;4,72892396566555e-04
UQCRC1;2,63346780872618e-08;0,290926345146396;0,594;0,429;4,74656237844806e-04
AHI1;2,69968749146439e-08;0,272434534005304;0,409;0,236;4,86591673461542e-04
MTFR1L;2,74927431123155e-08;0,303196097247296;0,498;0,324;4,95529201856375e-04
CPEB2;2,78931155796299e-08;0,283157370847838;0,354;0,186;5,02745515207250e-04
TMEM145;2,82548016620904e-08;0,266291946365270;0,288;0,132;5,09264545157518e-04
RBM5;3,00713391091596e-08;0,306149013474068;0,730;0,561;5,42005816103492e-04
PDAP1;3,01939511503612e-08;0,267962354314085;0,676;0,503;5,44215775534110e-04
APMAP;3,02517230837283e-08;0,284277910741753;0,529;0,348;5,45257056861119e-04
MVK;3,13215189885218e-08;0,256395902717100;0,260;0,108;5,64539058249117e-04
SC5D;3,20689966116788e-08;0,306918419176159;0,481;0,321;5,78011594928900e-04
HECTD4;3,34440460140173e-08;0,257831471090939;0,520;0,331;6,02795485356648e-04
NDUFA3;3,35516754364072e-08;0,277421001298694;0,924;0,878;6,04735398065803e-04
THY1;3,41808498711241e-08;0,320346097810820;0,517;0,355;6,16075638077141e-04
RPL9;3,43881439496322e-08;-0,266518376134953;1,000;1,000;6,19811906548171e-04
LINC01578;3,45300927738091e-08;0,276110104856422;0,746;0,561;6,22370392155135e-04
AFDN;3,45822108649801e-08;0,276002313823449;0,408;0,236;6,23309768630401e-04
COA3;3,47059259063869e-08;0,272088501733840;0,652;0,497;6,25539608536717e-04
GABARAPL2;3,50641647411025e-08;0,279417531764174;0,918;0,851;6,31996505293632e-04
KCNQ2;3,55468592224481e-08;0,292514772889217;0,446;0,277;6,40696590625405e-04
FABP5;3,58516225369923e-08;0,351403020720920;0,546;0,392;6,46189644606750e-04
FAM32A;3,65444588066430e-08;0,277629239494360;0,489;0,318;6,58677325530933e-04
MVB12B;3,66799453776826e-08;0,258369337551329;0,366;0,196;6,61119335487352e-04
HK1;3,67289000236282e-08;0,325024878280495;0,603;0,422;6,62001694025874e-04
NPTN;3,67566123623890e-08;0,335004638729832;0,645;0,507;6,62501181219699e-04
FABP7;3,67722484646635e-08;0,289880384687481;0,813;0,645;6,62783006327094e-04
SEC11C;3,71452048181493e-08;0,328058276912439;0,558;0,395;6,69505171642323e-04
HNRNPK;3,78331564555119e-08;0,265021913387119;0,958;0,929;6,81904811954146e-04
PNMA8A;3,79382877767119e-08;0,301210558251979;0,464;0,294;6,83799698887455e-04
DHX9;3,82067900787050e-08;0,300835622599144;0,583;0,426;6,88639184378578e-04
TRAK1;3,99928738179591e-08;0,321282471582835;0,493;0,334;7,20831557694894e-04
MMD;4,04057170608447e-08;0,279990091769155;0,356;0,189;7,28272644304665e-04
PRR36;4,22424839077913e-08;0,284693951077117;0,438;0,264;7,61378529954030e-04
SERPINI1;4,40742736507224e-08;0,305979764749700;0,329;0,169;7,94394708280620e-04
HID1;4,43581657352099e-08;0,269366605999924;0,313;0,155;7,99511579211422e-04
ARGLU1;4,43782207100638e-08;0,278765275628887;0,716;0,564;7,99873050078190e-04
MTCH1;4,45636512467753e-08;0,271195904871058;0,879;0,821;8,03215250071878e-04
SLC17A6;4,49172545234084e-08;0,257421593180705;0,272;0,118;8,09588595529912e-04
CMC2;4,71955410485991e-08;0,273246599624291;0,342;0,182;8,50652431859950e-04
LRP8;4,76698490455402e-08;0,291241426166914;0,439;0,270;8,59201359196816e-04
ACADVL;4,86153061585116e-08;0,283157370847838;0,745;0,547;8,76242278201014e-04
BAALC;4,91067728444568e-08;0,309702282203546;0,530;0,358;8,85100473748489e-04
ROGDI;4,93416231813245e-08;0,283455664044577;0,451;0,277;8,89333416220193e-04
NEFM;4,97819430593659e-08;0,397268076168554;0,703;0,574;8,97269741702012e-04
ATP5MC3;4,99816291225621e-08;0,253112860011619;0,879;0,814;9,00868883305059e-04
ERH;5,14862879537380e-08;0,252404713516079;0,737;0,581;9,27988854078174e-04
FNBP1L;5,50557598516371e-08;0,317792950999078;0,580;0,422;9,92325015565907e-04
SMIM29;5,51878804628476e-08;0,268579661357390;0,378;0,213;9,94706357462365e-04
PPP2CB;5,69930268498248e-08;0,282923451910822;0,651;0,483;1,02724231594124e-03
DTD1;5,74864328337433e-08;0,301246509057515;0,490;0,321;1,03613546539539e-03
MAPK8IP3;5,77312279331002e-08;0,304901490684677;0,543;0,392;1,04054765226620e-03
ANKRD10;5,94631353652765e-08;0,294457403280258;0,576;0,412;1,07176355182374e-03
MTURN;6,02823376273368e-08;0,310657875225399;0,558;0,389;1,08652885339512e-03
VPS9D1;6,05663105502693e-08;0,270105942585788;0,315;0,159;1,09164718135805e-03
LINC01405;6,17435173100791e-08;-0,259620683241043;0,102;0,223;1,11286515599687e-03
SPIRE2;6,20369781723287e-08;0,263464652659667;0,267;0,118;1,11815449457805e-03
PSMB5;6,55369309543279e-08;0,270574241410225;0,650;0,497;1,18123764352081e-03
ACO2;6,61317946985412e-08;0,282800223911768;0,629;0,476;1,19195946764651e-03
FADS1;6,72878185165088e-08;0,283879693518957;0,489;0,324;1,21279564094156e-03
ANKRD13D;6,79673411505147e-08;0,297285344344929;0,441;0,277;1,22504335689688e-03
GFRA1;6,91454252173068e-08;0,253477241846944;0,343;0,182;1,24627714411674e-03
RNF44;7,08495330786393e-08;0,298882147375022;0,414;0,253;1,27699198420939e-03
SLC25A1;7,17603833693766e-08;0,267072490594471;0,568;0,395;1,29340914984964e-03
MT-ND3;7,45368329544218e-08;-0,374678951282181;0,999;1,000;1,34345187717050e-03
NCALD;7,55199802703301e-08;0,274467618619677;0,531;0,361;1,36117212439243e-03
CBLN2;7,62514258067208e-08;0,356867057030847;0,480;0,318;1,37435569874034e-03
MRPL41;7,82288970688483e-08;0,256321185875523;0,579;0,402;1,40999764076892e-03
DEAF1;7,84375274870480e-08;0,302562770020431;0,585;0,436;1,41375799542655e-03
SF3B2;7,91696686952051e-08;0,277108326175033;0,610;0,456;1,42695410856238e-03
BZW1;8,05516900176726e-08;0,263600988627803;0,668;0,510;1,45186366087853e-03
CMIP;8,53550779383504e-08;0,298653412572189;0,511;0,355;1,53843992476083e-03
"NAPA";8,54929190123730e-08;0,280528712287224;0,493;0,331;1,54092437227901e-03
SEMA6A;8,57993087966439e-08;0,285404209864330;0,450;0,291;1,54644674175071e-03
IK;8,62179078497613e-08;0,287719256201095;0,493;0,328;1,55399157108410e-03
ARNT2;8,70410874083130e-08;0,278425346452110;0,382;0,223;1,56882855944743e-03
ATP6V1A;8,79373247933612e-08;0,321523260790283;0,546;0,399;1,58498234207554e-03
GOLGA8B;8,99235076389043e-08;0,282064005853567;0,415;0,253;1,62078130168361e-03
PFKM;9,09729282397882e-08;0,271466760046621;0,546;0,378;1,63969605859394e-03
INPP4A;9,35738316100928e-08;0,265415788460571;0,394;0,230;1,68657474094031e-03
CLCN3;9,40087660088876e-08;0,260688132397745;0,520;0,348;1,69441399854419e-03
RPL23;9,41195737883050e-08;-0,320022147173943;0,959;0,986;1,69641119796041e-03
AKAP6;9,57926561396040e-08;0,275664526650523;0,385;0,223;1,72656683426022e-03
PALM;9,69073122653291e-08;0,286853812874069;0,596;0,443;1,74665739627029e-03
SQSTM1;9,83466161061938e-08;0,290562560757601;0,653;0,507;1,77259940869804e-03
TM2D3;1,01238121708754e-07;0,277960667338227;0,434;0,270;1,82471590567858e-03
RTF2;1,02998567632055e-07;0,264695621199270;0,508;0,334;1,85644618300017e-03
PITPNA;1,07805159303860e-07;0,301226691591095;0,547;0,405;1,94308019129278e-03
PDXP;1,07824613757873e-07;0,288308615549819;0,493;0,321;1,94343083837191e-03
PJA2;1,08485227986564e-07;0,300773432072442;0,722;0,605;1,95533774922983e-03
ARF3;1,08886073550912e-07;0,273916129330426;0,640;0,497;1,96256258968164e-03
INSIG1;1,10875076293590e-07;0,316138249493672;0,405;0,250;1,99841237511566e-03
CSK;1,12006654632999e-07;0,260002813079333;0,372;0,209;2,01880794310517e-03
DIPK1B;1,13790133969084e-07;0,284034655788759;0,492;0,334;2,05095337465876e-03
MFAP2;1,16810640766526e-07;-0,368294221869751;0,490;0,645;2,10539498917587e-03
DHX30;1,17822485815754e-07;0,287920316873799;0,538;0,382;2,12363248434315e-03
RHBDL3;1,21173265637291e-07;0,276481305992017;0,339;0,182;2,18402693984653e-03
PANK3;1,21440436312735e-07;0,298070988032198;0,457;0,307;2,18884242410074e-03
AUP1;1,24309865475919e-07;0,271689146382147;0,477;0,311;2,24056101533797e-03
SUCLG1;1,27751386381255e-07;0,279481712704440;0,438;0,274;2,30259098813574e-03
OXCT1;1,28277427478704e-07;0,271520793476771;0,426;0,260;2,31207235287616e-03
RBBP7;1,30060985939096e-07;0,301581327215010;0,463;0,311;2,34421921056627e-03
RPL36A;1,32368588154520e-07;-0,290566619530039;0,994;0,993;2,38581143289707e-03
NCS1;1,33708405265867e-07;0,285541991293043;0,451;0,291;2,40996029651199e-03
C14orf132;1,34704144822812e-07;0,300230884206780;0,429;0,267;2,42790750628636e-03
SDHA;1,41246242816285e-07;0,275130177059492;0,450;0,294;2,54582228052072e-03
TBCD;1,43148369337219e-07;0,286236763779810;0,506;0,348;2,58010620893403e-03
GNAQ;1,46977900045039e-07;0,298682097111293;0,558;0,402;2,64912967041179e-03
DGKD;1,49346457667512e-07;0,265076189151275;0,371;0,213;2,69182055299924e-03
PIN1;1,62912262563586e-07;0,261285190370332;0,627;0,459;2,93633062044608e-03
NLGN2;1,66999565672976e-07;0,278563181802168;0,618;0,459;3,01000017168971e-03
RAB7A;1,68035282937231e-07;0,250643267233893;0,673;0,514;3,02866793966066e-03
DAG1;1,68980483615784e-07;0,279837012556227;0,522;0,358;3,04570423669089e-03
HOXA5;1,72955988483731e-07;0,371083877549988;0,478;0,334;3,11735873643077e-03
MIR100HG;1,74299220752430e-07;0,301635362760950;0,548;0,402;3,14156915484180e-03
TTL;1,74749648775516e-07;0,274266286934007;0,384;0,230;3,14968766952991e-03
AP2S1;1,76285529166682e-07;0,260533221409254;0,718;0,598;3,17737037770028e-03
ATP13A2;1,82461471227710e-07;0,314607009472891;0,579;0,436;3,28868555740824e-03
RNF11;1,88716476736713e-07;0,267700228608752;0,584;0,426;3,40142577670251e-03
ENTPD6;1,88830478990947e-07;0,263705008181666;0,409;0,243;3,40348055333283e-03
TP53BP1;1,89897927748130e-07;0,274224246077831;0,612;0,463;3,42272024973230e-03
FAM3C;1,91394194431966e-07;0,280734708580983;0,532;0,372;3,44968896044176e-03
MAPK10;1,98374914734878e-07;0,265263020179088;0,458;0,291;3,57550946318143e-03
TMEM35A;2,02506309361513e-07;0,313914651308607;0,435;0,274;3,64997371993190e-03
PKIB;2,03917360025767e-07;-0,258723147977655;0,116;0,233;3,67540649710443e-03
UBR5;2,08713889018102e-07;0,262758606257876;0,366;0,209;3,76185913566227e-03
PNMA1;2,20833020321688e-07;0,283362868325700;0,701;0,574;3,98029435827811e-03
PIP5K1C;2,27824939379792e-07;0,301849525732895;0,429;0,277;4,10631670738137e-03
PPP1R1B;2,39854122748633e-07;-0,504956474339741;0,409;0,544;4,32313070842136e-03
CCT7;2,62097127754128e-07;0,259930249376842;0,682;0,537;4,72403863064041e-03
ATP6V0D1;2,67456764379601e-07;0,280989534165128;0,536;0,395;4,82064072117792e-03
TNPO2;2,72995102780248e-07;0,273799316149604;0,456;0,297;4,92046373251119e-03
VEGFB;2,74619515888491e-07;0,251818841240584;0,676;0,514;4,94974215437416e-03
SAT2;2,81209627588551e-07;0,286464847039718;0,585;0,429;5,06852232765604e-03
NOL7;2,83413566043162e-07;0,265634229681503;0,411;0,250;5,10824611436195e-03
RPL17;2,85759125262723e-07;-0,255796372798897;1,000;1,000;5,15052247373531e-03
CD99L2;2,91155480372628e-07;0,276303699806776;0,482;0,328;5,24778637823624e-03
HNRNPR;3,04530211409085e-07;0,262217300793041;0,606;0,446;5,48885253043735e-03
CD200;3,06104633951113e-07;0,265116815287625;0,428;0,267;5,51722992233487e-03
UBE2M;3,12461632849275e-07;0,256590571562215;0,562;0,399;5,63180847047533e-03
CIRBP;3,31057113422709e-07;0,256772839644850;0,990;0,966;5,96697341233091e-03
LAMTOR1;3,41914570522206e-07;0,268018235499480;0,580;0,422;6,16266821909224e-03
ABLIM1;3,47459836827254e-07;0,251566831425038;0,492;0,328;6,26261609897443e-03
VAPA;3,49128275698541e-07;0,272059661964508;0,665;0,527;6,29268804119051e-03
MT-ND4;3,64007473099767e-07;-0,357621458757274;1,000;1,000;6,56087069515020e-03
DKK3;3,65354634278433e-07;0,291539179808628;0,835;0,706;6,58515192823447e-03
ATOX1;3,68638695326147e-07;0,263935390910320;0,749;0,635;6,64434384455847e-03
ARL6IP1;3,70423662044409e-07;0,267286721175712;0,664;0,524;6,67651608468843e-03
EEF1A2;3,82361402340291e-07;0,299645493636408;0,426;0,274;6,89168191578140e-03
MAN2C1;3,83006740533348e-07;0,262315629084624;0,424;0,264;6,90331349137307e-03
DDB1;3,87327849572290e-07;0,279136173400995;0,624;0,486;6,98119716069095e-03
TGFBI;3,88635916335353e-07;-0,330838980305604;0,169;0,307;7,00477375602840e-03
MYCBP2;3,95116346639116e-07;0,294893306257572;0,447;0,304;7,12157703182342e-03
SOGA1;4,06864069929075e-07;0,277307851408759;0,388;0,240;7,33331799640164e-03
H1FX;4,13952775938086e-07;0,274823707053056;0,830;0,709;7,46108483350806e-03
CTIF;4,18550638811833e-07;0,270865799248703;0,416;0,264;7,54395671394448e-03
MEIS3;4,26007737608401e-07;0,273702677819795;0,469;0,311;7,67836346265381e-03
SRRM2;4,31600477400362e-07;0,252783721804319;0,770;0,659;7,77916700466413e-03
UPF3A;4,34393027766414e-07;0,308271612894119;0,448;0,307;7,82949993246185e-03
TSPYL4;4,41899737468351e-07;0,258332091813267;0,406;0,257;7,96480086812956e-03
TCEAL2;4,43239228237313e-07;0,273494691047927;0,406;0,257;7,98894384974932e-03
RNF130;4,82140995947360e-07;0,271509861380795;0,439;0,284;8,69010931095522e-03
NHP2;4,91070576792151e-07;0,257336390325599;0,712;0,601;8,85105607610174e-03
GPI;4,99209463866073e-07;0,311982962507273;0,778;0,676;8,99775137672211e-03
CENPX;5,00959000501027e-07;0,283299810008826;0,477;0,318;9,02928502503051e-03
ARL8A;5,14933159819058e-07;0,254052812760654;0,470;0,311;9,28115527257870e-03
VOPP1;5,49577152839382e-07;0,269921543691144;0,604;0,459;9,90557860277701e-03
DTX3;5,60019039516505e-07;0,272948485887796;0,529;0,395;1,00937831682455e-02
PIK3R3;5,84629431550051e-07;0,299098914716860;0,452;0,314;1,05373608742581e-02
SELENOT;6,02993571301618e-07;0,253439773927289;0,483;0,324;1,08683561291404e-02
ARL4C;6,22413506304550e-07;0,282384512287067;0,420;0,274;1,12183810376332e-02
CELSR2;6,55300079311025e-07;0,273833134019456;0,446;0,294;1,18111286295019e-02
B4GALT2;6,67245037074043e-07;0,263402752824316;0,506;0,355;1,20264245482226e-02
ID4;6,74145116861540e-07;-0,324090069877601;0,797;0,875;1,21507915863124e-02
WNK2;6,74405596291096e-07;0,284890338072294;0,622;0,486;1,21554864675507e-02
UBE2S;7,12627785787982e-07;0,261480080833985;0,548;0,395;1,28444032110426e-02
CHMP5;7,23803233047058e-07;0,263928692866344;0,490;0,341;1,30458294724402e-02
CCDC136;7,31885499852117e-07;0,305864923899114;0,731;0,591;1,31915042493346e-02
SCAMP3;7,34270758988031e-07;0,256444224981895;0,450;0,297;1,32344961600003e-02
LONRF2;7,51970007321241e-07;0,282391405849283;0,556;0,409;1,35535074119581e-02
COX8A;7,53313829663619e-07;0,252783721804319;0,880;0,811;1,35777284658571e-02
EFNA3;7,58377377036525e-07;0,263867220933336;0,408;0,257;1,36689938437063e-02
MRPS6;7,58530771054956e-07;0,274810028134318;0,529;0,378;1,36717586174945e-02
CCT2;7,75801928432456e-07;0,259972583427039;0,582;0,419;1,39830539580666e-02
NDUFA5;7,77862424236965e-07;0,251023748885993;0,671;0,520;1,40201923344471e-02
"NAP1L1";8,30958338550342e-07;-0,269600994268591;0,785;0,858;1,49771930940314e-02
COL6A1;8,51492189451389e-07;0,316234011967595;0,824;0,757;1,53472952226718e-02
EIF5;8,61719197073829e-07;0,257342804028131;0,612;0,463;1,55316268080587e-02
CBX3;9,05396293626180e-07;0,260237156310271;0,692;0,571;1,63188627963183e-02
AASDHPPT;9,11945146047598e-07;0,267882106508919;0,522;0,385;1,64368993123619e-02
RAB3C;9,15187161134182e-07;0,268569277998452;0,492;0,341;1,64953333922825e-02
RCN2;9,16936363523349e-07;0,254404060083542;0,710;0,568;1,65268610161448e-02
NDUFA6;9,63025302696305e-07;0,253058254171970;0,731;0,625;1,73575680557982e-02
PLXNA3;9,95974846813233e-07;0,278399922049024;0,446;0,297;1,79514506389617e-02
FBXO44;1,03103271138736e-06;0,250356139567675;0,361;0,216;1,85833335900457e-02
UNC119;1,05575205485885e-06;0,254310060331042;0,441;0,291;1,90288750367760e-02
WSB1;1,16198912280959e-06;0,277533975528909;0,854;0,740;2,09436919495200e-02
SPIN1;1,16803605227012e-06;0,259389204914888;0,635;0,500;2,10526818061167e-02
C11orf49;1,18960638358157e-06;0,257564625133448;0,423;0,277;2,14414654576742e-02
SLC39A6;1,19609978352683e-06;0,257458525307080;0,465;0,311;2,15585024982876e-02
PLEKHB2;1,21017710678636e-06;0,278621238641529;0,492;0,345;2,18122321727174e-02
BRWD1;1,21202298100561e-06;0,275072640716151;0,480;0,341;2,18455022096452e-02
NEDD8;1,23718388046308e-06;0,271191014435048;0,885;0,855;2,22990022614666e-02
NDUFB4;1,28553911412881e-06;0,255808192043542;0,830;0,743;2,31705569930576e-02
EFR3B;1,33578205370599e-06;0,256321185875523;0,468;0,324;2,40761357359968e-02
RHOB;1,34932145959637e-06;0,268875972887388;0,477;0,338;2,43201699877650e-02
CKM;1,35742141490072e-06;0,309599569518218;0,494;0,355;2,44661635821706e-02
HOXC6;1,39171991377345e-06;0,269835992350004;0,471;0,331;2,50843597258526e-02
GLUL;1,48258210319805e-06;0,281482739155584;0,488;0,341;2,67220598280416e-02
QKI;1,71968792880253e-06;0,298132377351309;0,718;0,595;3,09956552287369e-02
AARS;1,72280647710354e-06;0,287093785407009;0,500;0,368;3,10518639433142e-02
CA10;1,89345358183382e-06;0,250837506902264;0,325;0,186;3,41276073589728e-02
GABARAPL1;1,98808463692191e-06;0,262310924534330;0,525;0,395;3,58332374958806e-02
ATXN7L3B;2,19328895278564e-06;0,266205492395593;0,544;0,416;3,95318400850083e-02
NFE2L1;2,25447347808903e-06;0,270333330490255;0,534;0,389;4,06346299690767e-02
CS;2,45483480948902e-06;0,256206149126550;0,498;0,358;4,42459426062300e-02
OGN;2,51644559939644e-06;-0,295241271181485;0,210;0,331;4,53564154835215e-02
NSD2;2,53081095812540e-06;0,251914084352742;0,543;0,409;4,56153367092522e-02
COL12A1;2,77156130078380e-06;-0,286910914573624;0,324;0,463;4,99546208853273e-02
"NAPB";2,92055188471271e-06;0,252280426825942;0,464;0,321;5,26400271700619e-02
RPL37;2,98237028943386e-06;-0,288933960492979;1,000;1,000;5,37542420967559e-02
BTBD2;2,99929367085329e-06;0,254700924798610;0,530;0,392;5,40592691234596e-02
CCDC80;3,12233752112407e-06;-0,330156781331625;0,445;0,574;5,62770114807402e-02
MSI2;3,14000204012374e-06;0,287704160116748;0,422;0,294;5,65953967711903e-02
MAP1LC3A;3,18497000196432e-06;0,257409601650187;0,445;0,294;5,74058993154048e-02
GOLIM4;3,29188270084458e-06;-0,250827108428141;0,330;0,476;5,93328938000227e-02
ATP6V1E1;3,29638136622776e-06;0,294660740155359;0,498;0,382;5,94139777448892e-02
HACD3;3,63845117352673e-06;0,253570574859488;0,561;0,422;6,55794439516457e-02
CARHSP1;3,78422596282084e-06;0,254696146911224;0,440;0,304;6,82068887538828e-02
SCG5;3,78673047877427e-06;0,261445114885343;0,305;0,172;6,82520301494275e-02
ADD2;3,79916761931389e-06;0,278506552922259;0,565;0,436;6,84761971705136e-02
BIN1;4,03416073377566e-06;0,257009353335540;0,657;0,524;7,27117130655726e-02
RPL26;4,09528344846483e-06;-0,282056442505386;0,999;0,997;7,38133888751302e-02
TCTEX1D2;4,39709595996891e-06;0,260551219806091;0,544;0,419;7,92532575824797e-02
PSMB7;4,46383481518640e-06;0,250402700968949;0,662;0,551;8,04561587089197e-02
RPL23A;4,51169683265181e-06;-0,270804903169184;0,980;0,983;8,13188237117162e-02
NRN1;4,53130990605666e-06;0,327167027834692;0,414;0,274;8,16723297467652e-02
G3BP2;4,65357238742147e-06;0,259010241879749;0,582;0,466;8,38759887108846e-02
YARS;4,85213991517089e-06;0,272452670504596;0,510;0,392;8,74549698310401e-02
SUPT5H;5,57172607587851e-06;0,251039458657031;0,432;0,291;1,00424790791634e-01
FN1;5,58726984251051e-06;-0,276776335381796;0,495;0,618;1,00704951641409e-01
NRXN2;5,78531792059394e-06;0,303796760753608;0,514;0,399;1,04274570200785e-01
CERS5;5,93018753255384e-06;0,250714656908714;0,398;0,264;1,06885700086750e-01
POLR2J;6,27951790997066e-06;0,259615011600565;0,628;0,517;1,13182030809311e-01
GABRA5;6,30899892443743e-06;-0,306682460769689;0,285;0,395;1,13713396614060e-01
COL3A1;6,84576758953535e-06;-0,390735498395145;0,916;0,983;1,23388115033785e-01
RFX4;7,39095084497806e-06;-0,328301897118885;0,415;0,547;1,33214498029885e-01
SCAMP1;7,72226976552176e-06;0,250375641715154;0,466;0,338;1,39186190253764e-01
CTNNA1;8,26339800396739e-06;-0,314437968019293;0,767;0,855;1,48939485623508e-01
PLXNB1;8,99170127494311e-06;0,270720267609616;0,547;0,429;1,62066423779575e-01
MLLT1;1,08465055607744e-05;0,270414841405894;0,621;0,517;1,95497416227399e-01
FIBP;1,12303035419978e-05;0,255476434192820;0,445;0,314;2,02414991040968e-01
PFKP;1,37802531700708e-05;0,294973121095034;0,576;0,463;2,48375283137356e-01
CLU;1,79476097230784e-05;0,548178426875070;0,803;0,740;3,23487717648766e-01
YBX1;2,03603384799229e-05;0,305182866864154;0,942;0,929;3,66974740762130e-01
MYEF2;2,61026871940788e-05;0,252932002295830;0,433;0,311;4,70474833986077e-01
GPT2;2,63528751506064e-05;0,287673307919086;0,442;0,334;4,74984221714530e-01
PSAT1;2,71058446148983e-05;0,281568162914267;0,554;0,449;4,88555743338927e-01
BCAN;3,07166363085409e-05;0,338439806349028;0,544;0,443;5,53636652825141e-01
NFIA;9,33883485655940e-05;-0,304415100190184;0,466;0,574;1,00000000000000e+00
MYH8;1,38380456518232e-04;0,281923770908728;0,627;0,554;1,00000000000000e+00
ATP1B1;1,86328578615648e-04;0,259531363366094;0,875;0,811;1,00000000000000e+00
SYT16;2,00848444267480e-04;-0,261719210998117;0,201;0,291;1,00000000000000e+00
LAMA1;2,62722288721737e-04;0,252783721804319;0,291;0,193;1,00000000000000e+00
CA14;2,80800190086259e-04;0,299431425963618;0,612;0,547;1,00000000000000e+00
H19;5,53794198618741e-04;-0,258919317020142;0,435;0,530;1,00000000000000e+00
ID2;7,84474699163551e-04;-0,284893965227268;0,554;0,632;1,00000000000000e+00
IGFBP5;1,15408607748402e-03;0,263198956764744;0,964;0,966;1,00000000000000e+00
TNNC2;1,39488934843224e-03;0,333508304212407;0,758;0,750;1,00000000000000e+00
AQP1;1,67531105881120e-03;0,481092979895276;0,656;0,598;1,00000000000000e+00
MYLPF;2,23533549697215e-03;0,292522727432632;0,963;0,956;1,00000000000000e+00
THSD4;2,39553722684848e-02;0,264014166911597;0,652;0,591;1,00000000000000e+00
GDF10;3,38285653720116e-02;0,288242660007621;0,439;0,395;1,00000000000000e+00
COL1A1;4,09238837776800e-02;-0,324196086937529;0,787;0,872;1,00000000000000e+00
